###MJD,m,dm,uJy,duJy,F,err,chi/N,RA,Dec,x,y,maj,min,phi,apfit,mag5sig,Sky,Obs
57229.24873,-19.043,0.738,-88,65,o,0,1.04,219.42633,2.2845,3683.99,4632.01,3.92,3.62,-78.3,-0.447,17.96,18.5,02a57229o0020o
57229.25243,-19.683,0.982,-49,48,o,0,1.1,219.42633,2.2845,3686.47,4631.75,3.96,3.72,-75.3,-0.436,18.26,19.13,02a57229o0025o
57229.26469,-21.506,3.727,-9,34,o,0,2.27,219.42633,2.2845,2224.88,6083.02,3.82,3.57,-76.2,-0.45,18.55,19.64,02a57229o0042o
57229.28483,-19.909,0.917,-40,36,o,0,1.53,219.42633,2.2845,2219.47,6088.45,3.88,3.57,-73.8,-0.439,18.54,19.65,02a57229o0070o
57246.24919,19.804,0.556,44,24,c,0,1.8,219.42633,2.2845,3463.25,4850.31,4.64,4.32,-68.2,-0.346,18.9,20.61,02a57246o0014c
57246.25129,19.746,0.5,46,23,c,0,1.5,219.42633,2.2845,3463.38,4850.52,4.22,4.06,-75.2,-0.375,19.1,20.84,02a57246o0017c
57246.25847,-23.259,11,-2,20,c,0,1.92,219.42633,2.2845,2004.37,6300.44,4.34,4.11,-69.1,-0.384,19.21,21.1,02a57246o0027c
57246.27495,-21.598,2.4,-8,20,c,0,2.47,219.42633,2.2845,1996.52,6300.12,4.14,3.88,-65.1,-0.4,19.26,21.08,02a57246o0050c
57436.45908,-19.492,0.883,-58,51,c,0,1.43,219.42633,2.2845,7681.2,5705.85,4.16,3.88,69.6,-0.392,18.22,19.3,02a57436o0408c
57436.47275,-20.914,3.27,-16,51,c,0,1.22,219.42633,2.2845,7967.36,6289.16,4.12,3.75,74.3,-0.399,18.35,19.45,02a57436o0431c
57436.48634,-22.251,10.667,-5,49,c,0,1.73,219.42633,2.2845,6802.73,6871.15,3.91,3.6,81.4,-0.398,18.47,19.56,02a57436o0454c
57436.49997,-18.866,0.418,-103,43,c,0,1.81,219.42633,2.2845,6548.21,6677.62,3.87,3.58,82.4,-0.407,18.56,19.69,02a57436o0477c
57437.67364,-19.394,1.29,-64,82,o,0,1.36,219.42633,2.2845,2956.59,5249.49,3.7,3.34,-54.7,-0.472,17.58,17.65,02a57437o0861o
57445.63041,-20.939,4.317,-15,66,o,0,0.92,219.42633,2.2845,2971.54,5258.66,3.75,3.4,-50.4,-0.456,18.23,19.15,02a57445o0818o
57445.65394,-19.618,1.284,-52,66,o,0,1,219.42633,2.2845,2683.7,4677.62,3.83,3.41,-40.6,-0.464,18.25,19.12,02a57445o0859o
57452.63156,21.53,2,9,18,c,0,1.64,219.42633,2.2845,3099.05,5374.03,3.76,3.53,-46.8,-0.405,19.62,21.55,02a57452o0733c
57452.65399,20.385,0.808,26,21,c,0,1.68,219.42633,2.2845,2809.74,4794.57,3.88,3.58,-35.4,-0.413,19.33,21,02a57452o0776c
57460.60567,20.27,0.612,28,17,c,0,1.75,219.42633,2.2845,3233.88,5161.71,3.77,3.49,-42.1,-0.412,19.65,21.6,02a57460o0779c
57460.62821,20.732,0.943,18,18,c,0,1.63,219.42633,2.2845,2941.79,4582.26,3.88,3.58,-34.7,-0.409,19.62,21.57,02a57460o0822c
57460.65097,20.206,0.698,30,21,c,0,1.3,219.42633,2.2845,4104.29,4005.91,3.85,3.56,-23.9,-0.408,19.28,20.89,02a57460o0865c
57464.58389,18.533,0.217,140,30,o,0,3.19,219.42633,2.2845,3006.39,4859.54,3.84,3.4,-40.6,-0.475,19.26,20.97,02a57464o0747o
57464.60664,18.766,0.235,113,27,o,0,4.96,219.42633,2.2845,2714.14,4280.58,3.95,3.37,-34.6,-0.481,19.3,21.01,02a57464o0790o
57464.62955,-23.351,13.75,-2,23,o,0,1.99,219.42633,2.2845,3878.55,3703.71,3.97,3.41,-21.4,-0.47,19.28,21.02,02a57464o0833o
57464.65271,-19.085,0.384,-84,32,o,0,1.7,219.42633,2.2845,4090.6,3977.35,3.76,3.34,-23.8,-0.488,18.71,19.93,02a57464o0876o
57476.55596,19.714,0.675,47,32,o,0,1.53,219.42633,2.2845,3316.33,4904.4,3.79,3.49,-46.8,-0.448,18.76,20.04,02a57476o0678o
57480.56031,19.725,0.408,47,19,c,0,1.37,219.42633,2.2845,2945.38,5188.62,3.74,3.52,-47.8,-0.41,19.47,21.24,02a57480o0696c
57480.58373,20.442,0.8,24,19,c,0,3.39,219.42633,2.2845,2655.04,4610.66,3.81,3.52,-38,-0.418,19.42,21.14,02a57480o0741c
57480.60762,-20.482,0.765,-23,18,c,0,1.64,219.42633,2.2845,3817.7,4034.93,3.78,3.5,-24.4,-0.411,19.38,21.06,02a57480o0786c
57480.63129,-21.272,1.75,-11,20,c,0,1.39,219.42633,2.2845,4071.83,3980.9,3.8,3.5,-21.2,-0.415,19.26,20.85,02a57480o0831c
57490.47845,-20.017,0.468,-36,17,c,0,1.67,219.42633,2.2845,2989.57,5022.81,4.2,3.74,-8.1,-0.374,19.51,21.52,02a57490o0562c
57490.4983,-20.607,0.783,-21,16,c,0,1.7,219.42633,2.2845,2695.46,4445.09,3.82,3.64,-40,-0.399,19.57,21.47,02a57490o0595c
57490.51762,23.329,9.6,2,16,c,0,2.37,219.42633,2.2845,3854.54,3870.84,3.78,3.65,-37.4,-0.383,19.51,21.36,02a57490o0628c
57490.53738,-21.717,2.273,-8,17,c,0,2.01,219.42633,2.2845,4078.89,3971.26,3.76,3.65,-37.4,-0.384,19.49,21.34,02a57490o0662c
57491.47536,-20.946,1.385,-15,21,c,0,2.12,219.42633,2.2845,3399.65,5041.12,5.29,4.29,-8,-0.33,19.09,21.21,02a57491o0477c
57491.49508,-20.175,0.645,-31,20,c,0,1.92,219.42633,2.2845,3097.73,4467.26,4.65,4.32,-31.8,-0.355,19.23,21.26,02a57491o0510c
57491.51522,-17.934,0.507,-244,123,c,0,1.76,219.42633,2.2845,4262.13,3889.18,3.99,3.78,-27.5,-0.391,17.01,18.75,02a57491o0543c
57493.46256,-19.125,0.347,-81,28,o,0,2.08,219.42633,2.2845,3168.38,4940.79,4.13,3.58,-13.7,-0.417,18.83,20.22,02a57493o0491o
57493.47651,22.985,12.8,2,30,o,0,3.65,219.42633,2.2845,2875.99,4364.23,4.44,3.69,-10.5,-0.402,18.81,20.29,02a57493o0518o
57493.49733,20.624,1.259,20,26,o,0,1.75,219.42633,2.2845,4027.43,3793.02,3.69,3.48,-31.9,-0.441,19.04,20.45,02a57493o0553o
57493.51759,-20.629,1.273,-20,26,o,0,1.37,219.42633,2.2845,4077.4,3971.7,3.65,3.43,-31.2,-0.441,19.12,20.61,02a57493o0587o
57495.39416,19.118,0.407,82,33,o,0,2.6,219.42633,2.2845,7115.78,5706.62,3.86,3.38,85.9,-0.461,18.56,19.67,02a57495o0353o
57495.40932,20.153,1.07,32,34,o,0,5.43,219.42633,2.2845,7133.88,5746.6,3.71,3.19,87.1,-0.466,18.66,19.75,02a57495o0383o
57495.42375,-21.53,3.24,-9,29,o,0,2.12,219.42633,2.2845,7073.18,5669.49,3.66,3.11,86.2,-0.484,18.71,19.82,02a57495o0412o
57495.43863,-23.51,22.5,-1,32,o,0,1.4,219.42633,2.2845,7051.57,5784.01,3.65,3.13,86.8,-0.484,18.73,19.86,02a57495o0442o
57498.39757,-19.817,1.453,-43,62,o,0,2.78,219.42633,2.2845,7105.9,5702.01,3.66,3.04,87.7,-0.511,18,18.49,02a57498o0371o
57498.41338,-18.758,0.59,-114,67,o,0,1.56,219.42633,2.2845,7125.5,5744.35,3.74,3.16,87.7,-0.521,18.01,18.54,02a57498o0400o
57498.42815,21.641,7.619,8,61,o,0,1.51,219.42633,2.2845,7075.97,5665.23,3.76,3.18,87.2,-0.488,18.04,18.58,02a57498o0429o
57498.44262,-18.912,0.595,-99,59,o,0,1.99,219.42633,2.2845,7055.84,5779.2,3.73,3.17,88.7,-0.5,18.04,18.59,02a57498o0458o
57506.50712,-18.836,0.305,-106,32,o,0,1.89,219.42633,2.2845,3440.59,4855.71,4.32,3.96,-39.8,-0.42,18.68,20.1,02a57506o0554o
57510.51249,20.07,0.506,34,17,c,0,2.18,219.42633,2.2845,3443.64,4857.27,4.08,3.76,-33.8,-0.393,19.46,21.43,02a57510o0582c
57510.52916,19.927,0.451,39,18,c,0,2.13,219.42633,2.2845,3484.12,4819.77,3.98,3.67,-32.5,-0.402,19.42,21.3,02a57510o0615c
57510.54479,20.733,0.979,18,18,c,0,1.81,219.42633,2.2845,3427.68,4800.08,4.03,3.71,-34.8,-0.399,19.34,21.2,02a57510o0646c
57510.56119,-20.051,0.579,-35,20,c,0,2.19,219.42633,2.2845,3503.83,4877.74,4.34,3.97,-33.1,-0.38,19.14,20.99,02a57510o0678c
57510.57528,-21.658,3,-8,24,c,0,1.91,219.42633,2.2845,3405.96,4896.46,5.08,4.72,-31.8,-0.321,18.87,20.83,02a57510o0706c
57525.38822,-20.258,1.314,-29,38,o,0,2.48,219.42633,2.2845,4505.17,4024.11,3.72,3.54,-23.4,-0.465,18.47,19.47,02a57525o0316o
57525.40656,19.521,0.657,56,37,o,0,2.07,219.42633,2.2845,4485.29,3992.75,3.73,3.54,-26.6,-0.453,18.46,19.45,02a57525o0350o
57525.41724,-21.042,2.882,-14,40,o,0,1.69,219.42633,2.2845,4543.52,4075.27,3.74,3.58,-31,-0.45,18.43,19.42,02a57525o0371o
57525.42545,19.598,1.074,53,56,o,0,1.02,219.42633,2.2845,4563.47,3960.8,3.64,3.44,-35,-0.462,18.46,19.41,02a57525o0386o
57525.44582,21.372,3.923,10,40,o,0,1.93,219.42633,2.2845,4525.09,4023.25,3.7,3.49,-35.3,-0.452,18.41,19.35,02a57525o0422o
57537.3864,19.788,0.414,44,18,c,0,1.79,219.42633,2.2845,2230.93,5049.36,4.09,3.66,-45,-0.437,19.6,21.65,02a57537o0301c
57537.39808,19.532,0.314,56,18,c,0,2.19,219.42633,2.2845,2211.02,5008.68,4.1,3.64,-42.3,-0.44,19.59,21.62,02a57537o0325c
57537.41476,20.497,0.741,23,17,c,0,1.73,219.42633,2.2845,2291.23,4969.09,4.08,3.63,-41.2,-0.43,19.57,21.59,02a57537o0358c
57537.42719,-19.664,0.386,-50,19,c,0,1.55,219.42633,2.2845,2254.73,5028.34,4.03,3.63,-41.4,-0.426,19.57,21.59,02a57537o0383c
57543.37167,-22.37,5.333,-4,22,c,0,1.44,219.42633,2.2845,2233.16,3700.03,4.24,3.66,-30.5,-0.446,19.52,21.54,02a57543o0298c
57543.38679,20.219,0.623,30,18,c,0,2.11,219.42633,2.2845,2217.64,3662.01,4.26,3.66,-30.2,-0.435,19.57,21.59,02a57543o0320c
57543.40116,22.261,3.8,4,17,c,0,2.56,219.42633,2.2845,2277.88,3740.85,4.21,3.66,-30,-0.426,19.48,21.49,02a57543o0349c
57543.41104,-24.667,38,0,19,c,0,2.1,219.42633,2.2845,2300.33,3627.88,4.28,3.67,-29.1,-0.425,19.38,21.39,02a57543o0367c
57543.43096,23.951,22.5,1,22,c,0,1.53,219.42633,2.2845,2265.38,3685.54,4.22,3.64,-29.2,-0.422,19.39,21.36,02a57543o0405c
57547.36314,20.091,0.553,33,18,c,0,1.46,219.42633,2.2845,4789.72,3762.01,3.99,3.82,-20.1,-0.421,19.63,21.73,02a57547o0235c
57547.37795,19.882,0.449,40,18,c,0,1.97,219.42633,2.2845,4771.11,3724.68,3.95,3.72,-23.6,-0.417,19.64,21.71,02a57547o0257c
57547.39159,21.855,2.765,7,18,c,0,1.9,219.42633,2.2845,4832.15,3806.37,3.99,3.78,-19.5,-0.404,19.62,21.68,02a57547o0283c
57547.4008,20.588,0.944,21,20,c,0,1.46,219.42633,2.2845,4852.5,3687.15,4.05,3.76,-12.3,-0.407,19.6,21.65,02a57547o0302c
57547.41798,-19.976,0.441,-37,16,c,0,2.25,219.42633,2.2845,4817.12,3745.43,4.08,3.81,-19.7,-0.395,19.53,21.56,02a57547o0335c
57558.3378,21.19,3.862,12,47,o,0,1.37,219.42633,2.2845,2710.27,6344.88,3.84,3.47,-67.3,-0.475,18.31,19.14,02a57558o0148o
57558.35199,-18.934,0.414,-97,40,o,0,1.6,219.42633,2.2845,2691.14,6308.18,3.89,3.47,-65.6,-0.472,18.32,19.17,02a57558o0171o
57558.3664,20.038,1.302,35,46,o,0,1.41,219.42633,2.2845,2750.38,6385.64,3.82,3.41,-65.7,-0.472,18.31,19.12,02a57558o0193o
57558.37706,21.592,5.15,8,43,o,0,1.38,219.42633,2.2845,2772.28,6268.19,3.87,3.45,-62.7,-0.483,18.28,19.09,02a57558o0210o
57558.39395,-20.084,1.265,-34,42,o,0,2.51,219.42633,2.2845,2734.01,6325.56,3.78,3.36,-62.3,-0.481,18.26,19.02,02a57558o0242o
57559.37202,19.775,1.262,45,56,o,0,1.82,219.42633,2.2845,2186.52,3751.99,4.7,3.87,-31.3,-0.459,18.09,18.96,02a57559o0277o
57559.38388,20.201,2.056,30,62,o,0,1.57,219.42633,2.2845,2167.61,3712.81,4.7,3.92,-32.1,-0.445,18.08,18.93,02a57559o0301o
57559.39574,-18.511,0.412,-143,59,o,0,1.6,219.42633,2.2845,2226.39,3790.37,4.57,3.81,-32,-0.455,18.09,18.89,02a57559o0325o
57559.40901,-19.061,0.725,-86,62,o,0,1.29,219.42633,2.2845,2238.72,3673.32,4.58,3.81,-32,-0.455,18.05,18.85,02a57559o0350o
57559.42453,-18.718,0.504,-118,60,o,0,1.43,219.42633,2.2845,2198.81,3730.45,4.42,3.7,-31.1,-0.476,18.04,18.79,02a57559o0376o
57562.32429,-19.939,0.826,-38,32,o,0,1.32,219.42633,2.2845,4821.29,6130.59,3.94,3.51,-82.3,-0.507,18.82,20.26,02a57562o0174o
57562.3398,-19.816,0.743,-43,32,o,0,1.61,219.42633,2.2845,4802.07,6095.93,3.86,3.52,-77.1,-0.497,18.75,20.11,02a57562o0195o
57562.35285,21.24,2.889,12,34,o,0,1.44,219.42633,2.2845,4860.02,6173.35,3.9,3.53,-77.3,-0.489,18.73,20.07,02a57562o0218o
57562.36658,-21.3,3.111,-11,34,o,0,1.62,219.42633,2.2845,4879.77,6057.64,3.78,3.43,-74.9,-0.491,18.73,20.02,02a57562o0241o
57562.3806,20.242,1.07,29,31,o,0,1.58,219.42633,2.2845,4841.71,6115.02,3.78,3.46,-70.8,-0.481,18.68,19.94,02a57562o0263o
57566.326,-21.173,2.036,-12,25,o,0,1.96,219.42633,2.2845,4614.79,4795.97,3.86,3.58,-64.8,-0.496,19.25,21.06,02a57566o0175o
57566.33883,18.995,0.227,92,21,o,0,3.84,219.42633,2.2845,4596.04,4759.42,3.75,3.54,-62,-0.492,19.25,21.03,02a57566o0197o
57566.35248,-19.244,0.476,-73,35,o,0,1.92,219.42633,2.2845,4654.64,4837.12,3.72,3.54,-63.7,-0.491,18.87,20.63,02a57566o0220o
57566.36687,22.088,4.5,5,24,o,0,2.19,219.42633,2.2845,4675.09,4721.14,3.71,3.5,-58,-0.492,19.2,20.96,02a57566o0242o
57566.38071,18.679,0.207,123,25,o,0,1.98,219.42633,2.2845,4637.31,4777.71,3.75,3.55,-54.2,-0.477,19.23,20.98,02a57566o0263o
57570.32233,17.236,0.387,463,179,o,0,3.62,219.42633,2.2845,3622.97,4579.35,3.73,3.47,-49.7,-0.491,16.99,18.5,02a57570o0173o
57570.33538,-18.139,0.225,-202,45,o,0,1.33,219.42633,2.2845,3605.98,4540.98,3.77,3.49,-49.6,-0.485,18.62,20.29,02a57570o0196o
57570.34909,-20.416,1.615,-25,40,o,0,1.35,219.42633,2.2845,3665.89,4618.72,3.75,3.44,-48,-0.482,18.77,20.47,02a57570o0219o
57570.36293,-21.966,5.25,-6,31,o,0,3.49,219.42633,2.2845,3684.99,4502.46,3.75,3.46,-40.1,-0.466,19.06,20.8,02a57570o0241o
57570.37762,-19.471,0.496,-59,29,o,0,1.49,219.42633,2.2845,3647.43,4560.79,3.86,3.56,-38.2,-0.447,19.07,20.84,02a57570o0265o
57574.31526,20.356,0.772,26,20,c,0,1.48,219.42633,2.2845,1706.61,4847.97,4.44,3.83,-50.2,-0.461,19.54,21.62,02a57574o0151c
57574.32781,19.056,0.246,87,21,c,0,1.68,219.42633,2.2845,1689.21,4809.17,4.45,3.8,-43.9,-0.451,19.54,21.59,02a57574o0175c
57574.3553,-22.185,4,-5,19,c,0,1.94,219.42633,2.2845,1768.83,4768.89,4.3,3.7,-41.1,-0.462,19.53,21.56,02a57574o0223c
57578.30298,20.07,0.568,34,19,c,0,3.41,219.42633,2.2845,4495.23,4588.53,4.36,4.13,-45.3,-0.405,19.27,21.22,02a57578o0127c
57578.34217,22.235,4.455,5,21,c,0,2.14,219.42633,2.2845,4556.9,4510.6,4.15,3.9,-32.3,-0.412,19.37,21.31,02a57578o0194c
57578.35618,-23.361,11.75,-2,19,c,0,5.32,219.42633,2.2845,4519.07,4568.32,4.07,3.79,-30.3,-0.416,19.44,21.42,02a57578o0216c
57591.24993,-21.035,3.342,-14,47,o,0,1.09,219.42633,2.2845,3279.5,6123.97,3.59,3.2,-71.2,-0.48,18.43,19.28,02a57591o0045o
57591.25973,20.511,1.288,23,29,o,0,2.03,219.42633,2.2845,3261.29,6086,3.65,3.31,-66.3,-0.47,19.09,20.63,02a57591o0062o
57591.27275,-19.514,0.424,-57,24,o,0,1.93,219.42633,2.2845,3323.53,6164.27,3.62,3.28,-64,-0.475,19.14,20.72,02a57591o0084o
57591.28574,20.329,1.097,27,29,o,0,1.56,219.42633,2.2845,3343.56,6045.49,3.58,3.22,-64.7,-0.493,18.85,20.13,02a57591o0106o
57591.29972,-20.318,1.314,-27,36,o,0,1.55,219.42633,2.2845,3305.31,6101.89,3.68,3.33,-61.9,-0.481,18.69,19.88,02a57591o0130o
57600.26138,18.974,0.236,93,22,c,0,1.76,219.42633,2.2845,4700.91,6148.98,3.8,3.57,-47.6,-0.487,19.46,21.51,02a57600o0028c
57600.27141,18.751,0.209,115,24,c,0,2.14,219.42633,2.2845,4682.51,6110.15,3.79,3.48,-57.4,-0.478,19.5,21.76,02a57600o0045c
57600.28318,18.16,0.115,198,23,c,0,2.47,219.42633,2.2845,4742.03,6185.44,3.75,3.51,-51.2,-0.488,19.49,21.46,02a57600o0065c
57600.29649,18.678,0.172,123,21,c,0,2.81,219.42633,2.2845,4763.69,6068.34,3.83,3.56,-43.7,-0.482,19.48,21.49,02a57600o0087c
57600.30913,18.945,0.221,96,21,c,0,2.39,219.42633,2.2845,4726.6,6125.49,3.87,3.58,-46.2,-0.465,19.46,21.44,02a57600o0108c
57607.24682,20.034,0.818,35,29,c,0,1.87,219.42633,2.2845,4490.39,3194.17,3.96,3.59,-17.1,-0.434,18.86,20.09,02a57607o0028c
57607.25354,20.283,0.819,28,23,c,0,1.51,219.42633,2.2845,4472.46,3153.49,3.98,3.62,-18.5,-0.425,19.24,20.81,02a57607o0037c
57607.26102,-20.109,0.614,-33,20,c,0,1.42,219.42633,2.2845,4530.7,3230.08,4.03,3.66,-17,-0.42,19.33,21.02,02a57607o0047c
57607.27145,20.2,0.645,30,20,c,0,1.99,219.42633,2.2845,4550.77,3113.82,4.02,3.6,-14.1,-0.433,19.38,21.09,02a57607o0061c
57607.28413,22.662,6.312,3,20,c,0,2.82,219.42633,2.2845,4511.48,3170.91,4.23,3.77,-13.4,-0.416,19.31,21.09,02a57607o0078c
57611.25122,-20.202,1.161,-30,35,o,0,1.9,219.42633,2.2845,1993.96,3331.15,4.28,3.46,-24.2,-0.507,18.61,20.19,02a57611o0041o
57611.26146,-19.864,1.047,-41,43,o,0,1.33,219.42633,2.2845,1974.41,3291.05,4.25,3.35,-21.9,-0.516,18.63,20.22,02a57611o0059o
57611.27308,23.177,21,2,41,o,0,1.39,219.42633,2.2845,2032.81,3367.69,4.23,3.38,-23.2,-0.596,18.6,20.17,02a57611o0081o
57611.28667,19.541,0.853,55,47,o,0,1.34,219.42633,2.2845,2049.83,3249.91,4.43,3.55,-23.4,-0.481,18.53,20.14,02a57611o0106o
57611.29829,-20.453,1.592,-24,38,o,0,1.5,219.42633,2.2845,2008.48,3308.72,4.3,3.38,-21.5,-0.508,18.53,20.07,02a57611o0128o
57615.24842,-19.533,0.697,-56,39,o,0,2.66,219.42633,2.2845,3775.16,5859.73,4.04,3.84,-87.2,-0.428,18.37,19.81,02a57615o0039o
57615.25311,-18.537,0.596,-140,83,o,0,1.35,219.42633,2.2845,3754.93,5820.2,4.28,4.07,-71.7,-0.417,17.63,18.77,02a57615o0048o
57615.26799,-22.727,14.167,-3,42,o,0,1.61,219.42633,2.2845,3809.59,5895.58,4.11,3.89,-72.5,-0.433,18.34,19.87,02a57615o0075o
57615.27586,21.098,3.448,13,46,o,0,1.4,219.42633,2.2845,3828.84,5777.94,3.86,3.64,-73.8,-0.471,18.36,19.82,02a57615o0090o
57615.29418,23.31,25.5,2,44,o,0,1.79,219.42633,2.2845,3785.96,5835.25,3.72,3.51,-80,-0.472,18.33,19.69,02a57615o0125o
57764.66413,19.118,0.327,82,27,o,0,3.04,219.42633,2.2845,7105.96,4323.32,3.59,3.3,-87.4,-0.429,18.85,19.93,02a57764o0882o
57764.68103,20.333,3.024,27,81,o,0,0.93,219.42633,2.2845,7120.07,4364.75,3.58,3.32,-87.9,-0.419,17.85,18.05,02a57764o0911o
57800.65419,-19.461,1.08,-60,64,o,0,1.03,219.42633,2.2845,1649.84,5918.72,3.65,3.42,63.5,-0.461,18.29,18.94,02a57800o0672o
57800.66989,18.014,0.473,226,107,o,0,1.11,219.42633,2.2845,1633.12,5878.83,3.55,3.35,65.8,-0.487,17.93,18.1,02a57800o0702o
57804.66319,-20.363,0.987,-26,26,c,0,1.83,219.42633,2.2845,1530.38,6056.28,3.85,3.59,56.3,-0.423,19.08,20.44,02a57804o0860c
57808.63886,21.914,2.833,6,18,c,0,2.21,219.42633,2.2845,1631.78,4796.89,3.88,3.67,65.6,-0.399,19.63,21.53,02a57808o0799c
57808.6608,-21.896,3.647,-6,23,c,0,1.87,219.42633,2.2845,1614.16,4759.86,3.89,3.67,72.5,-0.402,19.18,20.72,02a57808o0839c
57816.56919,21.008,1.1,14,16,c,0,3.16,219.42633,2.2845,5844.82,7157.05,3.79,3.68,-88.9,-0.408,19.75,21.92,02a57816o0613c
57816.59703,20.493,0.746,23,17,c,0,2.12,219.42633,2.2845,5861.7,7199.62,3.88,3.73,83.6,-0.396,19.74,21.92,02a57816o0664c
57816.60417,-19.675,0.313,-49,15,c,0,2.29,219.42633,2.2845,4673.82,3331.45,3.88,3.73,79.9,-0.373,19.74,21.88,02a57816o0677c
57816.6167,-20.056,0.452,-34,16,c,0,2.31,219.42633,2.2845,4692.3,3216.06,3.92,3.76,81.6,-0.376,19.72,21.85,02a57816o0700c
57816.63561,20.544,0.833,22,18,c,0,1.26,219.42633,2.2845,4656.15,3273.84,3.89,3.73,79.7,-0.377,19.71,21.83,02a57816o0735c
57820.6419,18.948,0.321,96,31,o,0,2.82,219.42633,2.2845,6951.63,6021.83,3.57,3.24,-16.8,-0.47,18.93,21,01a57820o0864o
57820.65591,-21.816,4.308,-7,29,o,0,1.99,219.42633,2.2845,6971.54,6060.39,3.5,3.19,-23.1,-0.472,18.79,20.43,01a57820o0892o
57828.60007,19.507,1.235,57,71,o,0,1.4,219.42633,2.2845,2532.55,6368.23,3.67,3.52,84.7,-0.433,17.44,17.67,02a57828o0722o
57828.61815,-19.646,1.27,-50,64,o,0,2.58,219.42633,2.2845,2518.07,6328.44,3.49,3.34,76.4,-0.455,17.5,17.67,02a57828o0757o
57828.62519,21.277,6.935,11,78,o,0,1.02,219.42633,2.2845,2580.39,6407.35,3.52,3.39,80.1,-0.451,17.49,17.66,02a57828o0771o
57828.63658,19.99,4.096,37,150,o,0,1.06,219.42633,2.2845,8861,6383.66,3.36,3.13,-51.3,-0.497,17.61,18.16,01a57828o0834o
57828.64569,19.936,1.8,38,69,o,0,1.78,219.42633,2.2845,2604.72,6286.54,3.53,3.42,85.1,-0.441,17.47,17.64,02a57828o0813o
57828.65068,-19.286,3.115,-70,218,o,0,0.98,219.42633,2.2845,8879.81,6421.43,3.36,3.14,-42,-0.493,17.35,17.78,01a57828o0862o
57830.64537,21.144,3.6,13,46,o,0,1.15,219.42633,2.2845,7614.43,4719.35,3.3,3.22,-37.5,-0.49,18.46,19.7,01a57830o0844o
57832.58286,19.431,0.424,61,26,o,0,1.9,219.42633,2.2845,5149.48,6351.77,3.59,3.56,65.2,-0.462,18.53,19.85,02a57832o0691o
57832.60421,19.638,0.525,51,27,o,0,1.36,219.42633,2.2845,5132.16,6313.94,3.47,3.42,-63.6,-0.466,18.53,19.8,02a57832o0731o
57832.62433,19.07,0.27,86,23,o,0,2.55,219.42633,2.2845,5191.16,6390.85,3.82,3.6,2.2,-0.451,18.45,19.79,02a57832o0771o
57832.63163,20.169,0.859,31,27,o,0,1.71,219.42633,2.2845,5207.75,6272.23,3.45,3.4,-53.5,-0.468,18.52,19.76,02a57832o0786o
57832.63414,16.156,0.019,1251,24,o,0,75.25,219.42633,2.2845,6534.91,6359.62,3.34,3.21,-36.1,-0.478,18.9,20.6,01a57832o0831o
57832.64883,-20.454,2.59,-24,62,o,0,1.69,219.42633,2.2845,6554.65,6398.01,3.69,3.53,-38.9,-0.468,18.08,19.19,01a57832o0860o
57832.65045,19.12,0.576,82,47,o,0,1.33,219.42633,2.2845,5171.9,6328.86,3.39,3.24,-12.1,-0.451,17.86,18.42,02a57832o0820o
57833.63022,19.5,0.509,58,29,o,0,4.55,219.42633,2.2845,5803.27,3876.6,3.38,3.11,-59.3,-0.474,18.99,20.71,01a57833o0824o
57833.64476,-19.667,0.646,-49,32,o,0,1.74,219.42633,2.2845,5823.39,3915.16,3.45,3.17,-59.9,-0.474,18.63,20.02,01a57833o0853o
57834.62682,19.514,0.522,57,30,o,0,3.98,219.42633,2.2845,6163.33,4645.66,3.77,3.58,-60.4,-0.461,18.98,21,01a57834o0668o
57834.64134,-19.471,0.573,-59,34,o,0,1.79,219.42633,2.2845,6183.4,4684.41,3.6,3.46,-55.6,-0.46,18.8,20.54,01a57834o0697o
57834.65589,-17.639,1.063,-319,340,o,0,1.02,219.42633,2.2845,6123.25,4608.67,3.73,3.56,-41.8,-0.516,16.8,16.64,01a57834o0726o
57837.6187,19.066,0.396,86,34,o,0,4.99,219.42633,2.2845,5305.48,5295.29,3.81,3.47,-53.9,-0.454,19.09,21.07,01a57837o0629o
57837.6334,19.309,0.435,69,30,o,0,4.43,219.42633,2.2845,5324.6,5333.99,3.84,3.5,-51.6,-0.455,18.99,20.92,01a57837o0657o
57837.64818,-18.685,0.646,-122,79,o,0,1.63,219.42633,2.2845,5265.55,5257.61,3.83,3.48,-50.6,-0.45,17.86,18.65,01a57837o0685o
57838.61343,-19.761,0.655,-45,30,o,0,2.11,219.42633,2.2845,7850.25,4831.97,3.47,3.2,-42.2,-0.481,19.17,21.17,01a57838o0690o
57838.62757,20.309,0.957,27,26,o,0,4.26,219.42633,2.2845,7869.94,4870.43,3.65,3.36,-42.3,-0.478,19.06,21.06,01a57838o0717o
57838.64274,19.146,0.451,80,36,o,0,1.36,219.42633,2.2845,7810.05,4795.01,3.59,3.26,-40.9,-0.48,18.55,20,01a57838o0746o
57842.60322,18.784,0.267,111,30,o,0,8.12,219.42633,2.2845,6461.52,7388.65,3.75,3.46,-26,-0.477,18.98,20.9,01a57842o0745o
57842.6175,19.502,0.494,58,28,o,0,3.96,219.42633,2.2845,6481.4,7426.39,3.83,3.54,-26.7,-0.475,18.95,20.88,01a57842o0772o
57842.63233,19.24,0.5,73,37,o,0,5.41,219.42633,2.2845,6421.57,7350.58,3.91,3.6,-28.2,-0.467,18.87,20.76,01a57842o0800o
57842.64707,20.204,6.364,30,192,o,0,1.4,219.42633,2.2845,6383.78,7466.89,3.95,3.62,-26.5,-0.474,17.5,18.05,01a57842o0828o
57844.53688,19.99,0.538,37,20,c,0,2.1,219.42633,2.2845,4323.5,4816.46,4.09,3.79,10.9,-0.385,19.54,21.58,02a57844o0579c
57844.57056,22.131,3.643,5,19,c,0,2.43,219.42633,2.2845,4361.87,4854.25,3.81,3.66,81.4,-0.387,19.58,21.55,02a57844o0642c
57844.58726,-21.51,2.04,-9,18,c,0,2.4,219.42633,2.2845,4383.76,4737.04,3.8,3.62,77.8,-0.388,19.57,21.52,02a57844o0674c
57844.60639,22.078,3.857,5,21,c,0,1.91,219.42633,2.2845,4345.96,4793.65,3.89,3.72,79.6,-0.384,19.5,21.44,02a57844o0709c
57845.59135,17.833,0.111,267,30,o,0,9.42,219.42633,2.2845,7619.87,7313.51,3.59,3.39,-13.7,-0.491,18.97,20.88,01a57845o0700o
57845.60672,18.297,0.171,174,30,o,0,6.86,219.42633,2.2845,7639.79,7352.14,3.72,3.51,-15.5,-0.481,18.92,20.86,01a57845o0729o
57845.62258,21.053,2.474,14,34,o,0,3.29,219.42633,2.2845,7580.19,7274.99,4,3.8,-22.7,-0.478,18.81,20.8,01a57845o0759o
57845.63792,-19.986,1.24,-37,46,o,0,2.11,219.42633,2.2845,7562.04,7391.3,4.08,3.77,-19.5,-0.467,18.36,19.92,01a57845o0788o
57846.60405,22.701,9.8,3,30,o,0,2.83,219.42633,2.2845,6354.56,6615.07,3.67,3.44,-24.3,-0.469,18.98,20.97,01a57846o0509o
57846.61992,20.817,1.857,17,32,o,0,3.6,219.42633,2.2845,6294.53,6538.21,3.68,3.49,-26.7,-0.474,18.91,20.84,01a57846o0539o
57846.63571,19.873,0.969,41,40,o,0,2.91,219.42633,2.2845,6276.97,6653.52,3.72,3.49,-24.4,-0.468,18.58,20.19,01a57846o0569o
57849.56077,-19.774,0.612,-45,27,o,0,2.48,219.42633,2.2845,6609.3,5780.89,3.4,3.29,4.9,-0.486,19.07,21.02,01a57849o0686o
57849.57551,-19.732,0.655,-46,30,o,0,1.98,219.42633,2.2845,6631.02,5818.79,3.4,3.36,-44,-0.486,19.05,21.01,01a57849o0716o
57849.58992,18.956,0.329,95,31,o,0,2.96,219.42633,2.2845,6569.06,5743.33,3.55,3.47,-22.1,-0.477,18.99,20.97,01a57849o0745o
57849.60478,21.964,4.818,6,29,o,0,1.65,219.42633,2.2845,6551.73,5857.97,3.44,3.33,-21.3,-0.482,19.01,20.93,01a57849o0775o
57852.44178,19.035,0.483,88,43,o,0,1.62,219.42633,2.2845,6997.05,5634.82,3.6,3.37,-88.4,-0.433,17.8,18.28,02a57852o0427o
57852.45925,20.293,1.705,28,47,o,0,1.45,219.42633,2.2845,7022,5673.93,3.51,3.31,-82.5,-0.448,17.78,18.22,02a57852o0460o
57852.47671,20.156,1.337,31,42,o,0,1.65,219.42633,2.2845,6957.5,5599.21,3.56,3.37,-87.1,-0.451,17.75,18.21,02a57852o0493o
57852.4846,-19.623,0.801,-51,41,o,0,1.01,219.42633,2.2845,3553.64,4735.17,3.57,3.48,20.2,-0.44,17.84,18.4,02a57852o0509o
57852.50327,-19.393,0.721,-64,46,o,0,0.86,219.42633,2.2845,3512.79,4794.91,3.42,3.37,18,-0.445,17.88,18.41,02a57852o0546o
57857.5551,18.086,0.413,212,88,o,0,1.8,219.42633,2.2845,6482.11,4778.85,3.33,3.16,-47.8,-0.497,17.51,18.12,01a57857o0554o
57857.56853,19.349,2.029,66,134,o,0,0.97,219.42633,2.2845,6503.43,4817.17,3.46,3.27,-45.1,-0.49,17.22,17.77,01a57857o0581o
57857.5823,-21.505,24.154,-9,219,o,0,0.95,219.42633,2.2845,6441.63,4739.39,3.36,3.16,-44.2,-0.507,16.93,17.3,01a57857o0609o
57857.59598,15.035,0.926,3515,3253,o,0,1.23,219.42633,2.2845,6422.02,4855.42,4.39,3.93,0.8,-0.339,14.41,14.11,01a57857o0637o
57858.55133,18.854,0.449,104,47,o,0,2.65,219.42633,2.2845,6759.82,5256.29,3.54,3.3,-42.9,-0.485,18.21,19.46,01a57858o0466o
57858.56534,-21.632,59.429,-8,480,o,0,0.02,219.42633,2.2845,6779.3,5293.72,3.61,3.32,-42.5,-0.483,18.16,19.4,01a57858o0494o
57858.58004,-20.622,2.559,-20,52,o,0,1.87,219.42633,2.2845,6718.9,5218,3.7,3.4,-46.7,-0.474,18.09,19.34,01a57858o0524o
57858.5944,19.346,0.923,66,61,o,0,1.59,219.42633,2.2845,6700.61,5333.2,3.81,3.5,-46.6,-0.467,18.01,19.23,01a57858o0553o
57861.59505,21.098,2.75,13,36,o,0,3.91,219.42633,2.2845,6247.01,6575.17,3.8,3.62,-37.6,-0.466,17.99,19.45,01a57861o0438o
57861.60793,21.016,2.952,14,42,o,0,3.58,219.42633,2.2845,6264.66,6614.33,3.84,3.64,-38.7,-0.465,17.93,19.35,01a57861o0464o
57861.62093,-21.962,7.778,-6,46,o,0,3.44,219.42633,2.2845,6184.76,6536.4,3.8,3.62,-43.6,-0.461,17.85,19.15,01a57861o0490o
57861.63276,-20.071,3.341,-34,114,o,0,1.2,219.42633,2.2845,6164.87,6652.24,4.12,3.88,-40.9,-0.452,17.13,17.85,01a57861o0514o
57862.59306,19.825,0.873,43,37,o,0,2.98,219.42633,2.2845,6727.83,3764.6,3.59,3.4,-57.4,-0.477,17.98,19.43,01a57862o0186o
57862.60497,-20.833,2.31,-17,39,o,0,2.36,219.42633,2.2845,6746.76,3803.76,3.53,3.31,-61.7,-0.477,17.95,19.32,01a57862o0210o
57862.61698,22.355,8.429,4,35,o,0,1.84,219.42633,2.2845,6686.99,3726.13,3.54,3.31,-52.8,-0.478,17.91,19.25,01a57862o0234o
57862.62839,-19.994,1.491,-36,54,o,0,1.36,219.42633,2.2845,6667.99,3842.64,3.72,3.39,-59.1,-0.475,17.55,18.59,01a57862o0257o
57865.57883,20.119,1.265,33,41,o,0,2.02,219.42633,2.2845,8454.73,5577.41,3.34,3.19,-31.2,-0.49,17.89,19.3,01a57865o0733o
57865.59222,20.477,1.816,23,42,o,0,1.63,219.42633,2.2845,8473.21,5616.41,3.34,3.17,-37.7,-0.497,17.93,19.27,01a57865o0760o
57865.60507,19.833,0.844,42,36,o,0,1.68,219.42633,2.2845,8411.87,5541.1,3.38,3.17,-32.5,-0.494,18.05,19.38,01a57865o0786o
57865.61742,-18.553,0.361,-138,50,o,0,3.29,219.42633,2.2845,8391.85,5656.83,3.63,3.39,-31.2,-0.491,17.62,18.96,01a57865o0811o
57866.57891,-15.043,0.738,-3491,2575,o,0,0.89,219.42633,2.2845,6318.17,4893.06,3.74,3.65,-32.4,-0.508,14.91,16.49,01a57866o0735o
57866.59178,17.485,0.145,368,53,o,0,9.72,219.42633,2.2845,6336.39,4933.06,3.28,3.12,-57,-0.492,17.67,19.06,01a57866o0761o
57866.60478,16.409,0.077,992,76,o,0,16.34,219.42633,2.2845,6276.67,4855.14,4.08,3.97,-9.8,-0.47,17.31,18.84,01a57866o0787o
57868.56011,-21.228,1.181,-12,14,c,0,1.45,219.42633,2.2845,2983.87,2955.19,3.01,2.65,15.4,-0.448,19.24,20.3,02a57868o0418c
57868.57319,-20.435,0.664,-24,16,c,0,1.09,219.42633,2.2845,2965.72,2916.09,3.17,2.78,13.7,-0.445,19.14,20.24,02a57868o0443c
57868.58631,21.048,0.975,14,14,c,0,1.44,219.42633,2.2845,3024.56,2994.01,3.06,2.65,14.7,-0.451,19.1,20.07,02a57868o0468c
57868.59939,-23.267,8.111,-2,14,c,0,1.68,219.42633,2.2845,3042.65,2878.07,3.28,2.84,12.3,-0.437,19,20.03,02a57868o0493c
57868.61298,21.517,2.13,9,19,c,0,0.96,219.42633,2.2845,3006.1,2934.96,3.19,2.82,16.4,-0.439,18.93,19.91,02a57868o0519c
57869.57023,17.933,0.126,244,31,o,0,2.8,219.42633,2.2845,7762.9,6939.77,3.27,3.12,-5.7,-0.509,18.34,19.92,01a57869o0610o
57869.58311,18.659,0.272,125,34,o,0,1.84,219.42633,2.2845,7780.63,6979.54,3.33,3.22,-12.8,-0.503,18.27,19.83,01a57869o0636o
57869.5961,19.787,0.716,44,32,o,0,3.34,219.42633,2.2845,7718.95,6902.12,3.37,3.18,-8.9,-0.5,18.22,19.76,01a57869o0662o
57869.60797,19.459,0.573,60,34,o,0,3.69,219.42633,2.2845,7699.24,7018.62,3.44,3.29,-13.8,-0.496,18.11,19.59,01a57869o0686o
57876.46212,-20.315,0.642,-27,17,o,0,1.22,219.42633,2.2845,4531.82,6478.08,2.04,1.8,33.9,-0.538,19.5,20.44,02a57876o0341o
57876.48368,21.416,1.491,10,15,o,0,1.58,219.42633,2.2845,4513.14,6439.32,2.03,1.82,30,-0.53,19.51,20.5,02a57876o0381o
57876.5188,22.019,3.05,6,17,o,0,1.32,219.42633,2.2845,4593.98,6401.15,2.03,1.85,22,-0.526,19.48,20.39,02a57876o0446o
57876.53363,22.325,4,4,17,o,0,1.35,219.42633,2.2845,4556.02,6457.22,1.98,1.85,21.2,-0.53,19.41,20.29,02a57876o0473o
57878.48052,22.579,7.176,3,24,o,0,1.73,219.42633,2.2845,7645.4,7322.96,3.32,2.93,-44.5,-0.467,18.86,19.97,01a57878o0280o
57878.49273,-20.547,1.119,-22,24,o,0,2.29,219.42633,2.2845,7585.42,7245.5,3.66,3.04,-40.8,-0.455,18.85,19.97,01a57878o0304o
57878.5085,-21.44,2.976,-10,29,o,0,1.68,219.42633,2.2845,7568.41,7361.78,3.75,3.15,-37.3,-0.447,18.82,19.99,01a57878o0335o
57881.36511,19.679,0.726,49,35,o,0,1.07,219.42633,2.2845,5375.74,5028,3.05,3.02,-64.3,-0.461,18.27,18.76,01a57881o0285o
57881.38835,19.25,0.513,72,37,o,0,0.97,219.42633,2.2845,5350.52,4983.59,3.1,3.04,-57.9,-0.464,18.32,18.85,01a57881o0325o
57881.4027,-19.913,0.79,-39,31,o,0,1.44,219.42633,2.2845,5408.55,5061.15,3.15,3.03,-57.9,-0.459,18.35,18.89,01a57881o0352o
57881.41398,-21.195,2.368,-12,29,o,0,1.28,219.42633,2.2845,5424.26,4943.96,3.11,2.96,-60.7,-0.465,18.37,18.87,01a57881o0373o
57886.46417,21.2,1.825,12,22,o,0,1.88,219.42633,2.2845,6262.66,4587.14,3.37,2.93,-37.2,-0.46,18.6,19.56,01a57886o0500o
57886.47795,21.627,3.268,8,26,o,0,1.24,219.42633,2.2845,6292.01,4678.47,3.44,2.97,-57.4,-0.447,18.61,19.47,01a57886o0528o
57886.49163,19.884,0.691,40,28,o,0,1.32,219.42633,2.2845,6241.7,4654.26,3.28,2.84,-52.9,-0.467,18.61,19.4,01a57886o0556o
57888.50785,20.491,0.892,23,21,o,0,1.02,219.42633,2.2845,3518.34,3367.59,2.41,2.39,-39.8,-0.417,19.08,19.88,02a57888o0009o
57888.52574,21.074,1.466,14,20,o,0,0.99,219.42633,2.2845,3480.94,3423.28,2.41,2.32,7,-0.422,19.04,19.76,02a57888o0042o
57892.45354,20.572,0.837,21,18,o,0,1.17,219.42633,2.2845,2210.82,5284.94,2.29,2.05,-5,-0.508,19.59,20.8,02a57892o0410o
57892.46784,-20.918,1.021,-16,16,o,0,1.13,219.42633,2.2845,2195.15,5245.39,2.33,2.09,0.7,-0.482,19.58,20.73,02a57892o0437o
57892.48209,21.255,1.279,11,15,o,0,1.35,219.42633,2.2845,2254.99,5322.69,2.24,2.03,-6.3,-0.488,19.51,20.58,02a57892o0464o
57892.51146,19.768,0.392,45,18,o,0,1.2,219.42633,2.2845,2237.54,5262.49,2.29,2.01,-3.3,-0.485,19.38,20.37,02a57892o0519o
57893.43472,17.423,0.065,390,25,o,0,3.68,219.42633,2.2845,7257.42,5490.36,5.73,4.81,76.8,-0.3,18.84,20.87,01a57893o0390o
57893.45119,15.602,0.049,2086,102,o,0,6.27,219.42633,2.2845,7286.42,5594,5.8,4.82,77,-0.291,18.81,20.81,01a57893o0423o
57893.46762,16.667,0.049,782,38,o,0,5.55,219.42633,2.2845,7238.97,5580.8,6.01,4.91,75.9,-0.279,18.75,20.71,01a57893o0456o
57893.48404,16.645,0.05,798,40,o,0,5.71,219.42633,2.2845,7230.77,5757.49,5.98,5.05,73.5,-0.309,18.71,20.64,01a57893o0489o
57897.42538,20.252,0.54,29,16,o,0,1.64,219.42633,2.2845,4618.07,4245.52,3.21,2.93,-60.1,-0.452,19.36,20.84,01a57897o0358o
57897.44187,20.258,0.561,29,16,o,0,1.65,219.42633,2.2845,4648.72,4349.28,3.2,2.84,-59.2,-0.451,19.36,20.89,01a57897o0391o
57897.47431,-22.108,2.929,-5,15,o,0,1.72,219.42633,2.2845,4595.13,4510.12,3.34,2.92,-59.8,-0.441,19.3,20.75,01a57897o0456o
57898.41972,-20.133,0.579,-32,19,o,0,3.9,219.42633,2.2845,8239.45,6579.51,4.24,3.06,-50.1,-0.462,19.32,20.94,01a57898o0211o
57898.43626,-20.073,0.478,-34,16,o,0,4.89,219.42633,2.2845,8269.83,6684.57,4.1,3.01,-51.7,-0.478,19.38,20.97,01a57898o0244o
57898.45278,20.001,0.53,36,19,o,0,2.56,219.42633,2.2845,8222.27,6671.64,4.32,3.2,-51.2,-0.447,19.29,20.91,01a57898o0277o
57898.46875,-20.293,0.723,-28,20,o,0,1.88,219.42633,2.2845,8213.91,6847.15,4.42,3.18,-52,-0.443,19.29,20.87,01a57898o0309o
57900.43042,20.464,0.53,24,13,c,0,1.42,219.42633,2.2845,3264.31,3750.93,2.77,2.3,16,-0.474,19.76,21.45,02a57900o0347c
57900.44758,20.846,0.792,17,13,c,0,1.59,219.42633,2.2845,3245.67,3712.26,2.72,2.27,15.1,-0.468,19.73,21.42,02a57900o0379c
57900.46522,19.684,0.262,49,13,c,0,1.59,219.42633,2.2845,3304.13,3789.4,2.74,2.32,14.6,-0.475,19.69,21.36,02a57900o0412c
57900.48289,-21.033,0.99,-14,14,c,0,1.24,219.42633,2.2845,3327.73,3673.3,2.77,2.3,15.2,-0.472,19.65,21.27,02a57900o0445c
57900.50043,19.729,0.307,47,14,c,0,1.46,219.42633,2.2845,3290.73,3729.58,2.79,2.34,14.3,-0.474,19.6,21.23,02a57900o0478c
57901.40889,-21.701,2.636,-8,20,o,0,2.29,219.42633,2.2845,7565.12,7017.93,4.82,3.3,-50,-0.413,19.09,20.74,01a57901o0143o
57901.42546,-20.431,0.73,-24,18,o,0,4.09,219.42633,2.2845,7592.8,7121.71,4.94,3.48,-48.6,-0.408,19.16,20.83,01a57901o0176o
57901.44195,20.149,0.637,32,20,o,0,2.78,219.42633,2.2845,7544.51,7109.35,5.11,3.61,-50.5,-0.401,19.1,20.81,01a57901o0209o
57901.45848,-21.58,2.303,-8,20,o,0,4.9,219.42633,2.2845,7537.31,7287.8,4.89,3.4,-48.3,-0.431,19.24,20.8,01a57901o0242o
57902.40664,19.43,0.279,61,17,o,0,9.04,219.42633,2.2845,7334.83,5222.07,4.22,3.16,-54.1,-0.473,19.25,20.95,01a57902o0337o
57902.43955,21.078,1.816,14,24,o,0,1.97,219.42633,2.2845,7316.93,5313.31,4.38,3.32,-49.6,-0.449,18.94,20.62,01a57902o0403o
57902.45604,20.19,0.697,30,21,o,0,1.97,219.42633,2.2845,7312.02,5492.6,4.53,3.43,-53.2,-0.439,19.01,20.8,01a57902o0436o
57904.40316,20.511,0.494,23,11,c,0,0.97,219.42633,2.2845,2151.91,4061.95,2.92,2.67,-59.3,-0.383,19.63,21.33,02a57904o0138c
57904.40723,21.637,1.3,8,10,c,0,1.56,219.42633,2.2845,2110.39,4118.37,2.9,2.66,-63.7,-0.385,19.62,21.35,02a57904o0146c
57905.44521,20.423,0.633,25,16,o,0,1.85,219.42633,2.2845,5369.86,5069.05,3.04,2.69,-56.8,-0.473,19.39,20.68,01a57905o0157o
57906.37513,18.49,0.378,146,55,o,0,1.68,219.42633,2.2845,4531.76,7096.66,3.29,2.89,61.3,-0.423,18.21,18.92,01a57906o0200o
57906.39274,-24.514,116.5,-1,66,o,0,1.44,219.42633,2.2845,4560.23,7205.85,3.22,2.89,59.5,-0.423,18.05,18.64,01a57906o0235o
57906.4097,19.079,1.082,85,92,o,0,1.71,219.42633,2.2845,4510.89,7197.11,3.22,2.83,64.6,-0.442,17.77,18.31,01a57906o0269o
57906.42663,-24.344,59,-1,39,o,0,1.66,219.42633,2.2845,4502.3,7378.43,3.03,2.83,65.2,-0.45,18.41,19.21,01a57906o0303o
57908.36629,20.12,2.265,32,74,o,0,0.92,219.42633,2.2845,4204.17,4698.04,2.62,2.49,-47.8,-0.415,17.39,17.57,02a57908o0249o
57908.39003,19.557,1.074,55,59,o,0,0.99,219.42633,2.2845,4188.03,4663.18,2.99,2.83,-50.2,-0.421,17.73,18.12,02a57908o0292o
57908.40169,20.004,1.339,36,48,o,0,1.03,219.42633,2.2845,4243.76,4738.29,2.73,2.52,-53.1,-0.431,17.87,18.03,02a57908o0315o
57908.42045,-18.037,0.413,-222,91,o,0,1.35,219.42633,2.2845,4263.81,4621.15,2.69,2.48,-51.3,-0.446,17.38,17.5,02a57908o0352o
57908.43972,-18.321,0.887,-170,151,o,0,2.24,219.42633,2.2845,4228.63,4678.3,2.69,2.56,-55.4,-0.495,16.63,16.82,02a57908o0390o
57909.3435,22.054,8.292,6,45,o,0,1.01,219.42633,2.2845,5655.16,4111.9,3.68,3.37,43.1,-0.408,18.15,18.97,01a57909o0214o
57909.36489,22.167,9.04,5,45,o,0,0.97,219.42633,2.2845,5687.76,4233.41,3.42,3.12,56.3,-0.423,18.19,18.93,01a57909o0257o
57909.38737,18.88,0.502,102,51,o,0,0.95,219.42633,2.2845,5638.88,4246.95,3.24,2.94,63.3,-0.439,18.18,18.92,01a57909o0300o
57909.39996,18.657,0.377,125,47,o,0,0.94,219.42633,2.2845,5628.57,4414,3.29,2.96,57.1,-0.44,18.2,18.87,01a57909o0325o
57913.38925,21.003,4.559,14,66,o,0,0.6,219.42633,2.2845,5263.69,4460.3,3.84,3.13,9.4,-0.421,17.93,18.51,01a57913o0294o
57913.4032,18.874,0.291,102,30,o,0,1.5,219.42633,2.2845,5291.72,4553.69,3.29,2.98,52.3,-0.428,18.42,18.99,01a57913o0320o
57913.41752,21.137,2.883,13,37,o,0,1.09,219.42633,2.2845,5240.04,4532.24,3.54,3.19,23.7,-0.405,18.17,18.82,01a57913o0346o
57913.4308,20.262,1.543,28,44,o,0,1.33,219.42633,2.2845,5229.89,4697.75,3.4,3.03,52.2,-0.415,17.97,18.45,01a57913o0373o
57914.42657,-20.651,2.553,-20,51,o,0,1.54,219.42633,2.2845,5900.32,7508.37,3.15,2.83,58,-0.453,18.54,19.16,01a57914o0358o
57914.44274,20.78,3.098,18,55,o,0,1.66,219.42633,2.2845,5931.19,7607.52,3.14,2.81,64.1,-0.45,18.48,19.07,01a57914o0389o
57914.45991,19.686,1.19,48,58,o,0,1.79,219.42633,2.2845,5884.91,7585.76,3.12,2.94,68.9,-0.455,18.42,18.95,01a57914o0422o
57914.47612,19.383,1.069,64,68,o,0,1.61,219.42633,2.2845,5878.33,7752.19,3.01,2.86,82.2,-0.472,18.37,18.81,01a57914o0453o
57917.36419,24.287,25.5,1,18,o,0,2.45,219.42633,2.2845,5841.35,7160.82,3.23,2.88,54.6,-0.435,19.23,20.38,01a57917o0141o
57917.38093,20.439,0.757,24,18,o,0,2.37,219.42633,2.2845,5871.1,7267.07,3.15,2.87,61.4,-0.441,19.18,20.31,01a57917o0174o
57917.39804,19.2,0.24,76,18,o,0,2.56,219.42633,2.2845,5818.36,7257.46,3.02,2.84,65.8,-0.453,19.16,20.2,01a57917o0208o
57917.41316,20.278,0.656,28,18,o,0,1.92,219.42633,2.2845,5808.54,7428.94,3.08,2.89,66.3,-0.446,19.07,20.11,01a57917o0238o
57918.34994,20.193,0.389,30,12,o,0,3.17,219.42633,2.2845,5116.83,4592.17,3.17,2.88,63.3,-0.432,19.45,21.05,01a57918o0224o
57918.37277,20.054,0.592,35,20,o,0,0.87,219.42633,2.2845,5150.56,4719.32,3.09,2.8,72.5,-0.441,19.3,20.51,01a57918o0270o
57918.40573,19.977,0.509,37,19,o,0,3.08,219.42633,2.2845,5091.93,4886.12,2.91,2.79,83.7,-0.454,19.15,20.24,01a57918o0336o
57919.38265,17.014,0.321,568,183,o,0,2.64,219.42633,2.2845,5038.41,6120.97,3.78,3.38,67.6,-0.411,16.6,17.98,01a57919o0278o
57919.39167,21.018,3.303,14,47,o,0,1.25,219.42633,2.2845,4984.47,6078.41,3.43,3.1,58.3,-0.408,18.05,19.19,01a57919o0296o
57919.40019,19.729,0.482,47,22,o,0,2.5,219.42633,2.2845,4970.2,6228.37,3.38,3.21,75.6,-0.422,19.05,20.37,01a57919o0313o
57923.37124,-22.254,8.889,-5,40,o,0,1.3,219.42633,2.2845,5855.88,7055.97,3.38,3.04,46.1,-0.417,18.26,19.76,01a57923o0260o
57923.38023,-20.548,1.267,-22,28,o,0,2,219.42633,2.2845,5881.35,7129.66,3.23,2.83,56.3,-0.437,18.58,19.99,01a57923o0278o
57923.38969,-21.742,6,-7,44,o,0,1.03,219.42633,2.2845,5827.81,7088.32,3.24,2.87,59.2,-0.443,18.27,19.66,01a57923o0297o
57923.39867,20.811,2.256,17,39,o,0,1.47,219.42633,2.2845,5812.87,7238.9,3.13,2.81,59.5,-0.435,18.3,19.7,01a57923o0315o
57924.36497,-20.06,0.359,-34,12,o,0,1.88,219.42633,2.2845,5028.97,6020.09,2.29,2.12,-55,-0.457,19.73,21.02,02a57924o0153o
57927.36601,20.363,0.5,26,13,o,0,3.16,219.42633,2.2845,7884.74,5727.34,3.5,2.89,49.7,-0.417,19.49,21.24,01a57927o0233o
57927.37491,21.015,0.96,14,14,o,0,2.92,219.42633,2.2845,7909.71,5800.51,3.47,2.95,52.6,-0.415,19.47,21.19,01a57927o0251o
57927.3844,20.334,0.419,27,11,o,0,4.65,219.42633,2.2845,7855.11,5759.12,3.33,2.81,49.8,-0.444,19.51,21.16,01a57927o0270o
57927.3934,-19.993,0.433,-36,16,o,0,2.25,219.42633,2.2845,7841.42,5908.28,3.33,2.89,53.2,-0.428,19.46,21.12,01a57927o0288o
57931.35572,19.971,0.537,37,20,o,0,1.7,219.42633,2.2845,5512.55,7082.8,3.18,2.92,57,-0.429,19.06,20.61,01a57931o0237o
57931.36458,21.188,1.167,12,14,o,0,3.03,219.42633,2.2845,5537.22,7156.67,3.11,2.91,66.3,-0.435,19.39,20.97,01a57931o0255o
57931.374,21.328,1.453,11,16,o,0,3.15,219.42633,2.2845,5483.09,7114.99,3.06,2.83,61.4,-0.444,19.46,21.02,01a57931o0274o
57931.38296,-21.173,1.236,-12,15,o,0,3.4,219.42633,2.2845,5469.26,7264.56,3.08,2.89,68.6,-0.438,19.45,20.98,01a57931o0292o
57935.31304,21.919,4,6,25,o,0,2.37,219.42633,2.2845,7815.85,7210.7,4.12,3.33,6.8,-0.415,18.83,20.18,01a57935o0147o
57935.32148,21.439,2.537,10,24,o,0,2.09,219.42633,2.2845,7840.05,7282.63,3.66,3.46,51.3,-0.408,18.89,20.2,01a57935o0164o
57935.32989,20.686,1.122,19,22,o,0,2.46,219.42633,2.2845,7784.96,7239.06,3.34,3.13,76.2,-0.42,19,20.21,01a57935o0181o
57935.33832,20.133,0.649,32,21,o,0,2.86,219.42633,2.2845,7770.86,7388.34,3.42,3.23,74.8,-0.42,18.98,20.19,01a57935o0198o
57939.34072,19.682,0.905,49,44,o,0,1.43,219.42633,2.2845,6539.72,6733.09,3.08,2.88,-65.3,-0.464,18.67,19.42,01a57939o0203o
57939.34965,-21.655,4.543,-8,36,o,0,2.21,219.42633,2.2845,6564.94,6805.48,3.08,2.89,-66.1,-0.461,18.67,19.39,01a57939o0221o
57939.35808,19.512,0.792,57,45,o,0,1.66,219.42633,2.2845,6511.05,6760.02,3.24,3.02,-65.9,-0.449,18.55,19.34,01a57939o0238o
57939.36702,19.858,1.018,41,42,o,0,1.69,219.42633,2.2845,6496.17,6908.24,3.19,2.99,-65.1,-0.45,18.52,19.29,01a57939o0256o
57942.35594,-21.528,4.367,-9,39,o,0,1.46,219.42633,2.2845,5827.27,7636.15,3.16,3.06,71.9,-0.441,18.61,19.48,01a57942o0217o
57942.36288,19.914,1.005,39,40,o,0,1.9,219.42633,2.2845,5851.77,7699.6,3.21,3.11,70.5,-0.434,18.59,19.42,01a57942o0231o
57942.3708,-19.936,1.241,-38,48,o,0,1.41,219.42633,2.2845,5798.74,7649.98,3.38,3.21,-0.9,-0.419,18.49,19.35,01a57942o0247o
57942.37827,21.217,4.036,12,48,o,0,1.76,219.42633,2.2845,5765.82,7792,3.45,3.32,-11.3,-0.422,18.49,19.31,01a57942o0262o
57943.3372,19.836,0.632,42,27,o,0,1.9,219.42633,2.2845,5149.07,4061.68,3.15,2.86,55.7,-0.449,18.59,19.27,01a57943o0181o
57943.34462,20.033,0.995,35,35,o,0,1.26,219.42633,2.2845,5173.38,4127.89,3.17,2.88,58.2,-0.444,18.29,18.87,01a57943o0196o
57943.35204,19.884,1.142,40,46,o,0,1.09,219.42633,2.2845,5119.86,4077.8,3.07,2.86,70.3,-0.462,18.04,18.51,01a57943o0211o
57943.3595,19.465,1.042,59,62,o,0,1.18,219.42633,2.2845,5105.58,4220.6,3.11,2.91,65.2,-0.454,17.64,17.96,01a57943o0226o
57945.2756,-21.427,1.282,-10,12,o,0,2,219.42633,2.2845,3471.57,6271.14,2.02,1.96,-52.9,-0.485,19.62,20.52,02a57945o0069o
57945.28872,20.16,0.571,31,18,o,0,0.96,219.42633,2.2845,3453.3,6233.88,1.98,1.9,-75.2,-0.496,19.48,20.17,02a57945o0094o
57945.29323,-20.463,0.763,-24,18,o,0,1.42,219.42633,2.2845,3516.54,6315.32,2,1.94,-67.8,-0.482,19.39,20.1,02a57945o0103o
57945.30334,-22.934,8.393,-2,20,o,0,0.89,219.42633,2.2845,3533.76,6190.81,2.02,1.96,-79,-0.507,19.31,20.01,02a57945o0120o
57949.31572,20.575,0.613,21,13,o,0,2.26,219.42633,2.2845,4278.82,4780.62,2.1,2.01,83.9,-0.49,19.65,20.89,02a57949o0152o
57949.32406,21.215,1.098,12,13,o,0,1.59,219.42633,2.2845,4261.32,4742.71,2.05,1.98,-89.3,-0.496,19.7,20.88,02a57949o0169o
57951.3105,20.044,0.505,35,18,o,0,1.21,219.42633,2.2845,8244.68,6857.92,2.94,2.52,-85.2,-0.467,19.45,20.9,01a57951o0125o
57951.31887,-20.775,0.926,-18,16,o,0,1.26,219.42633,2.2845,8269.52,6928.07,2.94,2.48,-85.3,-0.469,19.46,20.87,01a57951o0142o
57951.32714,24.32,20,1,14,o,0,2.6,219.42633,2.2845,8215.31,6881.62,3.01,2.51,-86.1,-0.466,19.39,20.87,01a57951o0159o
57951.33593,-21.189,1.382,-12,17,o,0,1.09,219.42633,2.2845,8201.49,7030.01,3.1,2.56,-85.9,-0.458,19.39,20.83,01a57951o0177o
57953.32916,-20.854,1.073,-16,18,o,0,0.75,219.42633,2.2845,1566.15,4715.42,2.21,2.06,33.8,-0.492,19.41,20.41,02a57953o0048o
57955.30011,20.327,0.76,27,20,o,0,1.82,219.42633,2.2845,7711.16,5569.1,3.36,2.83,-86.8,-0.442,19.11,20.41,01a57955o0120o
57955.30903,20.08,0.582,34,20,o,0,1.79,219.42633,2.2845,7736.73,5641.19,3.34,2.92,-84.5,-0.435,19.1,20.37,01a57955o0138o
57955.31841,22.554,5.588,4,19,o,0,2.59,219.42633,2.2845,7685.52,5598.4,3.24,2.85,-85.6,-0.441,19.07,20.31,01a57955o0157o
57955.32716,19.851,0.493,42,20,o,0,1.84,219.42633,2.2845,7671.24,5746.74,3.26,2.78,-82.9,-0.447,19.06,20.27,01a57955o0175o
57959.28637,20.254,0.752,29,22,o,0,1.48,219.42633,2.2845,4833.21,6958.17,3.65,3.01,-86.8,-0.424,19.15,20.74,01a57959o0092o
57959.29523,20.214,0.605,30,18,o,0,2.45,219.42633,2.2845,4859.05,7030.31,3.67,3.02,-83.5,-0.422,19.12,20.68,01a57959o0110o
57959.30462,20.931,1.26,15,19,o,0,2.27,219.42633,2.2845,4807.5,6990.07,4.11,3.51,-86.2,-0.402,18.96,20.64,01a57959o0129o
57959.31297,-20.018,0.6,-36,21,o,0,1.92,219.42633,2.2845,4793.11,7134.78,4.01,3.31,-83.3,-0.41,19,20.65,01a57959o0146o
57961.29499,-21.194,1.193,-12,14,o,0,1.41,219.42633,2.2845,5227.51,6327.78,2.18,2.03,-48.6,-0.463,19.58,20.73,02a57961o0067o
57961.30384,-22.899,4.792,-2,12,o,0,1.29,219.42633,2.2845,5207.94,6288.6,2.21,2.08,-53,-0.448,19.56,20.7,02a57961o0085o
57961.31323,-20.726,0.555,-19,10,o,0,2.51,219.42633,2.2845,5267.59,6365.25,2.27,2.09,-54.7,-0.443,19.51,20.67,02a57961o0104o
57961.32173,21.13,1.238,13,16,o,0,1.38,219.42633,2.2845,5287.89,6249.05,2.15,1.96,-52.7,-0.456,19.58,20.67,02a57961o0121o
57969.26764,-19.798,0.47,-44,21,o,0,1.48,219.42633,2.2845,4496.41,6111.12,2.34,2,43.9,-0.547,18.91,19.73,02a57969o0056o
57969.27651,-20.921,1.554,-16,24,o,0,1.32,219.42633,2.2845,4478.02,6072.14,2.68,2.39,48.2,-0.493,18.77,19.72,02a57969o0074o
57969.28493,20.381,0.916,26,23,o,0,1.64,219.42633,2.2845,4533.93,6150.19,2.23,1.99,45.5,-0.528,18.91,19.65,02a57969o0091o
57969.29389,-20.985,1.457,-15,21,o,0,1.38,219.42633,2.2845,4553.39,6033.97,2.12,2,60.1,-0.505,18.95,19.66,02a57969o0109o
57973.24753,19.378,0.396,64,26,o,0,1.1,219.42633,2.2845,2054.26,6171.99,2.05,1.94,-36.4,-0.451,18.88,19.29,02a57973o0030o
57973.2545,-21.249,2.197,-12,25,o,0,1.05,219.42633,2.2845,2035.86,6132.39,2.13,2.01,-56.2,-0.452,18.92,19.42,02a57973o0044o
57973.26297,20.918,1.473,16,23,o,0,1.35,219.42633,2.2845,2093.71,6210.59,2.06,1.94,-49.1,-0.495,18.96,19.38,02a57973o0061o
57973.27194,21.201,2.025,12,24,o,0,1.65,219.42633,2.2845,2113.89,6093.5,2.09,1.96,-51.3,-0.495,18.86,19.28,02a57973o0078o
57974.24418,20.084,0.76,34,26,o,0,0.85,219.42633,2.2845,4092.27,5399.75,1.98,1.89,-63.7,-0.489,19.05,19.5,02a57974o0027o
57974.2499,20.518,0.679,22,15,o,0,1.18,219.42633,2.2845,4076.34,5359.35,1.96,1.87,-51,-0.477,19.34,20.08,02a57974o0038o
57974.25876,20.643,0.879,20,18,o,0,1.31,219.42633,2.2845,4136.68,5435.3,2.05,1.9,-49.4,-0.457,19.22,19.92,02a57974o0053o
57974.26848,20.43,0.979,24,24,o,0,0.7,219.42633,2.2845,4158.12,5317.87,2,1.82,-52.4,-0.472,19.19,19.75,02a57974o0070o
57976.24771,20.984,1.109,15,16,o,0,1.53,219.42633,2.2845,5959.09,4581.34,2.76,2.56,6.3,-0.461,19.37,20.62,01a57976o0010o
57976.25343,20.462,0.714,24,17,o,0,1.32,219.42633,2.2845,5982.14,4640.37,2.71,2.66,25.3,-0.451,19.4,20.81,01a57976o0021o
57976.26123,-20.319,0.471,-27,13,o,0,1.91,219.42633,2.2845,5929.11,4590.91,2.67,2.63,49.9,-0.462,19.46,20.87,01a57976o0036o
57976.27004,20.285,0.469,28,13,o,0,2.54,219.42633,2.2845,5916.31,4737.92,2.66,2.6,89.5,-0.468,19.42,20.85,01a57976o0053o
57978.24713,21.118,1.454,13,19,o,0,0.85,219.42633,2.2845,2899.38,4949.65,2.35,2.07,-47,-0.435,19.24,20.01,02a57978o0010o
57978.25327,20.359,0.655,26,17,o,0,1.23,219.42633,2.2845,2878.67,4909.77,2.22,2,-51.7,-0.433,19.45,20.4,02a57978o0022o
57978.26156,20.68,0.723,19,14,o,0,1.4,219.42633,2.2845,2935,4986.98,2.14,1.95,-50.1,-0.438,19.49,20.43,02a57978o0038o
57978.2703,-22.072,2.732,-5,15,o,0,1.17,219.42633,2.2845,2954.86,4870.74,2.15,1.98,-47.3,-0.445,19.45,20.39,02a57978o0055o
57980.24619,-19.655,0.418,-50,21,o,0,1.96,219.42633,2.2845,5608.54,3998.32,4.01,3.49,3.1,-0.404,18.83,20.31,01a57980o0009o
57980.2534,-20.4,0.865,-25,22,o,0,1.7,219.42633,2.2845,5555.58,3946.7,3.69,3.52,-10.9,-0.413,18.9,20.42,01a57980o0023o
57980.26223,-21.635,2.281,-8,18,o,0,3.26,219.42633,2.2845,5543.25,4094.47,3.5,3.29,10.7,-0.412,19.02,20.44,01a57980o0040o
57982.25199,21.361,1.202,10,12,c,0,1.13,219.42633,2.2845,2406.87,4160.26,2.49,2.41,72.8,-0.414,19.52,20.96,02a57982o0046c
57982.26057,22.612,3.893,3,13,c,0,1.31,219.42633,2.2845,2387.45,4120.63,2.4,2.35,72.9,-0.42,19.6,21.05,02a57982o0063c
57982.2692,22.964,4.85,2,12,c,0,1.79,219.42633,2.2845,2446.02,4197.47,2.41,2.35,88.7,-0.413,19.61,21.07,02a57982o0080c
57982.27835,-20.748,0.671,-18,12,c,0,1.59,219.42633,2.2845,2466.52,4080.59,2.42,2.34,-87.5,-0.418,19.58,21.06,02a57982o0098c
57986.248,-19.584,1.569,-53,84,c,0,0.96,219.42633,2.2845,5347.33,6366.96,2.8,2.63,-47.4,-0.386,17.83,19.28,02a57986o0014c
57986.2544,18.636,1.671,128,213,c,0,0.85,219.42633,2.2845,5327.81,6328.13,2.68,2.51,-49,-0.398,17.06,18.49,02a57986o0027c
57988.25328,20.102,0.971,33,32,o,0,0.89,219.42633,2.2845,5544.41,4079.4,2.77,2.74,78.4,-0.46,18.62,19.96,01a57988o0068o
57988.2621,-19.75,1.318,-46,60,o,0,1.25,219.42633,2.2845,5571.75,4145.38,2.9,2.84,-84.5,-0.447,17.83,19.21,01a57988o0085o
57988.2708,-19.338,1.021,-67,68,o,0,1.17,219.42633,2.2845,5518.08,4096.08,2.79,2.73,84.5,-0.455,17.7,19.03,01a57988o0102o
57988.27962,-20.464,2.512,-24,60,o,0,1.15,219.42633,2.2845,5504.92,4238.53,2.79,2.73,86.4,-0.464,18.07,19.35,01a57988o0119o
58096.65204,-20.364,1.063,-26,28,o,0,1.29,219.42633,2.2845,3240.53,1647.65,3.12,2.8,82.9,-0.45,18.49,19.43,01a58096o0976o
58096.65942,18.62,0.558,129,72,o,0,0.99,219.42633,2.2845,3219.55,1600.18,3.13,2.79,84.3,-0.455,17.52,17.68,01a58096o0991o
58098.64827,19.814,1.418,43,61,o,0,0.8,219.42633,2.2845,9420.19,8872.63,2.38,2.23,31.5,-0.46,18.64,19.23,02a58098o0980o
58098.65584,19.583,0.805,53,43,o,0,1.36,219.42633,2.2845,9441.77,8913.85,2.38,2.22,30.9,-0.465,18.84,19.49,02a58098o0995o
58098.66323,-23.264,68.75,-2,124,o,0,1.68,219.42633,2.2845,9384.81,8838.66,2.45,2.22,35.2,-0.622,18.19,18.46,02a58098o1010o
58100.63641,21.374,11.212,10,115,o,0,0.8,219.42633,2.2845,2309.55,360.1,3.37,2.97,70.8,-0.436,18.2,19.59,01a58100o0968o
58100.64407,19.607,0.632,52,33,o,0,1.35,219.42633,2.2845,2284.97,311.22,3.37,2.9,75.4,-0.435,18.46,19.81,01a58100o0983o
58100.652,20.747,1.419,18,26,o,0,1.56,219.42633,2.2845,2343.96,380.22,3.46,3.07,66.8,-0.448,18.76,19.99,01a58100o0998o
58100.65965,-20.886,7.63,-16,122,o,0,1.32,219.42633,2.2845,2365.53,252.81,3.28,2.92,77.9,-0.452,17.24,17.7,01a58100o1013o
58112.63881,18.386,0.183,161,29,o,0,2.24,219.42633,2.2845,10268.67,10488.6,4.08,2.96,-84.9,-0.432,19.02,20.43,01a58112o0942o
58112.65077,-24.058,27.667,-1,24,o,0,1.76,219.42633,2.2845,10377.91,682.53,4.01,3.1,-87.9,-0.44,19.06,20.5,01a58112o0967o
58112.65308,-20.584,1.092,-21,23,o,0,1.69,219.42633,2.2845,10345.9,10420.14,4.1,3.04,-86.4,-0.429,18.93,20.32,01a58112o0972o
58112.65651,20.966,1.636,15,24,o,0,1.23,219.42633,2.2845,608.26,727.32,3.38,2.81,79.6,-0.495,19.09,20.38,01a58112o0979o
58112.65803,20.594,1.203,21,25,o,0,1.66,219.42633,2.2845,10338.71,628.19,3.81,2.91,-86.9,-0.434,18.95,20.14,01a58112o0982o
58112.65898,21.079,1.966,13,26,o,0,1.38,219.42633,2.2845,585.18,10459,3.53,2.92,-88.6,-0.472,18.85,20.04,01a58112o0984o
58112.66405,-19.49,0.746,-58,43,o,0,1.52,219.42633,2.2845,587.54,671.46,3.51,2.92,74.7,-0.508,18.36,19.12,01a58112o0994o
58112.66582,-19.471,0.968,-59,57,o,0,1.12,219.42633,2.2845,10415.96,687.51,3.93,2.99,-88.4,-0.428,17.96,18.44,01a58112o0997o
58118.67206,21.633,4.556,8,37,o,0,1.49,219.42633,2.2845,8501.39,2404.37,2.38,2.05,51,-0.472,18.16,18.34,02a58118o0758o
58120.6723,18.78,1.084,112,121,o,0,1.08,219.42633,2.2845,355.01,884.3,3.45,2.65,82.2,-0.532,17.42,17.55,01a58120o1006o
58130.67242,-20.222,0.577,-30,17,o,0,1.52,219.42633,2.2845,962.24,2109.88,2.56,2.17,45.8,-0.493,19.2,20.19,02a58130o0931o
58130.68214,20.547,2.04,22,45,o,0,1.33,219.42633,2.2845,978.84,2152.8,2.53,2.12,45.2,-0.5,17.99,18.12,02a58130o0948o
58152.664,-20.09,0.944,-33,32,o,0,1.34,219.42633,2.2845,6570.43,9556.47,4.04,3.12,-81.4,-0.41,18.65,19.69,01a58152o0762o
58152.67405,19.209,0.884,75,66,o,0,1.16,219.42633,2.2845,6593.21,9634.09,3.95,3.06,-78.7,-0.429,17.75,18.03,01a58152o0781o
58156.6745,18.966,0.971,94,91,o,0,1.53,219.42633,2.2845,7934.3,9085.68,5.4,3.75,-78.6,-0.291,18.07,18.83,01a58156o0937o
58160.66703,19.634,0.425,51,22,o,0,2.14,219.42633,2.2845,6535.09,1898.6,3.41,2.97,89,-0.43,18.66,19.78,01a58160o0970o
58162.66431,21.899,3.346,6,21,c,0,1.16,219.42633,2.2845,70.51,9381.5,2.54,2.15,10.7,-0.429,19.64,21.14,02a58162o0469c
58162.67526,18.814,1.446,108,156,c,0,1.33,219.42633,2.2845,52.68,9342.3,2.51,2.25,6.2,-0.492,17.53,18.4,02a58162o0491c
58164.65744,22.381,4.385,4,18,o,0,2.21,219.42633,2.2845,7642.74,1715.06,4.05,3.63,0.6,-0.405,19.13,21.16,01a58164o0951o
58164.66762,-19.967,1.058,-37,40,o,0,1.49,219.42633,2.2845,7666.63,1795.59,4.69,3.63,0.3,-0.403,18.28,19.5,01a58164o0972o
58180.54714,-18.291,1.63,-175,286,o,0,0.66,219.42633,2.2845,10333.52,1231.22,4.14,3.6,-81.7,-0.482,16.68,16.93,01a58180o0562o
58184.61666,-19.23,0.418,-74,31,o,0,2.09,219.42633,2.2845,7723.78,9496.87,5.49,3.82,-78.3,-0.294,18.81,20.12,01a58184o0838o
58184.62679,16.519,0.037,896,33,o,0,68.84,219.42633,2.2845,7748.92,9577.69,5.43,3.8,-78.4,-0.298,18.83,20.14,01a58184o0859o
58184.63701,-20.235,0.932,-29,27,o,0,2.14,219.42633,2.2845,7694.53,9541.33,5.42,3.82,-79.1,-0.296,18.83,20.13,01a58184o0880o
58184.64753,16.487,0.038,923,35,o,0,62.16,219.42633,2.2845,7681.05,9701.7,5.42,3.82,-78.7,-0.297,18.8,20.09,01a58184o0901o
58186.61696,15.718,1.254,1874,2351,o,0,0.73,219.42633,2.2845,2517.27,8371.39,2.25,1.95,18.2,-0.507,14.7,14.84,02a58186o0824o
58186.62704,17.878,3.162,256,811,o,0,0.92,219.42633,2.2845,2498.63,8333.47,2.3,1.99,18,-0.521,15.93,16.14,02a58186o0845o
58186.63714,-19.748,37.955,-46,1737,o,0,0.96,219.42633,2.2845,2557.33,8410.57,2.2,1.9,16,-0.557,15.05,15.18,02a58186o0866o
58186.64714,-16.858,2.328,-656,1527,o,0,1.56,219.42633,2.2845,2578.26,8292.61,2.23,1.93,16.9,-0.507,14.95,15.09,02a58186o0887o
58188.59978,20.122,0.547,32,18,o,0,2.58,219.42633,2.2845,8523.98,281.24,3.3,2.94,-82.2,-0.43,18.75,20.39,01a58188o0566o
58188.60365,19.227,0.261,74,19,o,0,2.78,219.42633,2.2845,8447.95,10088.37,4.49,3.21,-78.1,-0.398,19.17,20.86,01a58188o0574o
58188.60998,-18.52,1.5,-142,213,o,0,1.27,219.42633,2.2845,8547.9,363.21,3.38,3.03,-86.3,-0.453,17,18.33,01a58188o0587o
58188.61388,20.315,1.16,27,32,o,0,3.59,219.42633,2.2845,8473.84,10169,4.66,3.49,-77.6,-0.389,18.47,19.96,01a58188o0595o
58188.62017,16.731,0.462,737,340,o,0,1.09,219.42633,2.2845,8492.79,324.64,3.49,3.02,-88.6,-0.431,15.85,16.86,01a58188o0608o
58188.63038,13.925,0.174,9772,1696,o,0,4.83,219.42633,2.2845,8480.22,485.6,3.38,2.71,90,-0.463,14.2,15.22,01a58188o0629o
58194.60051,21.142,0.873,13,11,c,0,2.06,219.42633,2.2845,2975.07,5015.58,2.48,2.46,82.3,-0.417,19.69,21.53,02a58194o0783c
58194.61181,20.077,0.36,34,12,c,0,1.24,219.42633,2.2845,2955.36,4977.68,2.53,2.47,45.9,-0.416,19.68,21.54,02a58194o0801c
58194.62362,-20.34,0.431,-27,11,c,0,1.34,219.42633,2.2845,3013.55,5055.54,2.46,2.43,52.1,-0.421,19.7,21.52,02a58194o0820c
58194.63424,-24.05,11.857,-1,10,c,0,1.94,219.42633,2.2845,3034.27,4939.02,2.47,2.45,-85,-0.414,19.72,21.52,02a58194o0838c
58196.59289,20.213,0.59,30,18,o,0,2.36,219.42633,2.2845,8440.92,443.49,3.55,2.73,87.8,-0.474,19.3,21.26,01a58196o0454o
58196.59678,19.021,0.301,90,27,o,0,7.94,219.42633,2.2845,8367.43,10249.37,5.38,3.76,-78.2,-0.333,19.08,21.05,01a58196o0462o
58196.60363,19.898,0.83,40,33,o,0,1.51,219.42633,2.2845,8466.25,525.62,3.5,2.67,-89.9,-0.482,17.94,19.75,01a58196o0476o
58196.60754,-17.982,1.194,-233,278,o,0,3.15,219.42633,2.2845,8393.85,10331.83,5.34,3.67,-76.2,-0.342,16.31,18.14,01a58196o0484o
58196.61393,-17.654,2.194,-315,691,o,0,2.66,219.42633,2.2845,8412.16,490.65,3.56,2.76,88.7,-0.487,15.99,17.84,01a58196o0497o
58196.61778,17.646,0.5,317,159,o,0,4.14,219.42633,2.2845,8339.18,10295.87,5.39,3.73,-78,-0.329,17.3,19.1,01a58196o0505o
58196.62472,19.213,1.145,75,86,o,0,1.48,219.42633,2.2845,8397.76,650.36,3.67,2.85,89.2,-0.45,17.37,19.21,01a58196o0519o
58196.62853,-16.578,0.217,-849,184,o,0,11.18,219.42633,2.2845,8326.77,10456.56,5.22,3.64,-77.9,-0.334,16.97,18.76,01a58196o0527o
58206.50034,19.464,0.49,60,29,o,0,0.81,219.42633,2.2845,10050.56,2316.15,2.38,2.04,46.8,-0.494,19.01,19.56,02a58206o0600o
58206.51275,-23.468,15.462,-2,23,o,0,1.65,219.42633,2.2845,10064.93,2358.99,2.44,2.02,48.2,-0.493,19.05,19.56,02a58206o0625o
58206.51595,-25.218,68.333,0,20,o,0,1.62,219.42633,2.2845,319.4,2309.82,2.23,1.84,37.4,-0.511,19.06,19.62,02a58206o0631o
58206.5203,-20.829,1.285,-17,22,o,0,1.32,219.42633,2.2845,343.47,2350.88,2.18,1.8,41.8,-0.562,19.07,19.62,02a58206o0639o
58206.52689,20.408,1.039,25,26,o,0,1.65,219.42633,2.2845,470.64,8149.33,2.24,1.8,11.2,-0.482,19.04,19.56,02a58206o0653o
58206.531,19.43,0.516,61,32,o,0,1.19,219.42633,2.2845,10198.2,8155.38,2.09,1.91,30.3,-0.491,19.04,19.62,02a58206o0662o
58206.53191,20.635,1.75,20,35,o,0,1.17,219.42633,2.2845,492.49,8032.37,2.22,1.83,8.5,-0.473,19.01,19.56,02a58206o0664o
58206.54366,19.614,0.835,52,43,o,0,0.71,219.42633,2.2845,10213.94,8042.49,2.03,1.97,19.3,-0.504,19.04,19.62,02a58206o0689o
58220.54071,-20.4,0.847,-25,21,o,0,1.77,219.42633,2.2845,8129.28,9457.43,4.1,2.86,-79.3,-0.408,19.37,21.03,01a58220o0688o
58220.55126,19.395,0.3,63,19,o,0,3.42,219.42633,2.2845,8155.66,9539.76,4.39,3.1,-80.8,-0.381,19.33,20.98,01a58220o0710o
58220.56227,-19.74,0.447,-46,21,o,0,1.83,219.42633,2.2845,8101.85,9504.76,4.54,3.22,-80,-0.37,19.3,20.96,01a58220o0733o
58220.57272,20.918,1.224,16,19,o,0,2.16,219.42633,2.2845,8090.26,9662.68,4.57,3.26,-80.2,-0.369,19.28,20.91,01a58220o0755o
58226.55171,-17.922,2.486,-246,612,c,0,1.03,219.42633,2.2845,1851.99,8435.48,2.6,2.44,-4.3,-0.438,15.13,16.54,02a58226o0487c
58226.56229,18.876,2.683,102,274,c,0,0.93,219.42633,2.2845,1871.86,8317.47,2.55,2.42,-12,-0.408,16.23,17.62,02a58226o0509c
58230.51374,17.997,0.498,230,114,o,0,0.73,219.42633,2.2845,2408.34,9842.3,2.41,2.26,-3.4,-0.454,17.28,18.34,02a58230o0570o
58230.51568,-20.121,2.672,-32,87,o,0,0.93,219.42633,2.2845,2571.62,55.52,2.47,2.18,42.1,-0.451,17.86,19.01,02a58230o0574o
58230.52386,-19.174,1.46,-78,113,o,0,0.84,219.42633,2.2845,2468.62,9918.95,2.48,2.33,1.5,-0.438,17.24,18.33,02a58230o0591o
58230.52572,-21.794,6.8,-7,47,o,0,0.6,219.42633,2.2845,2633.09,133.74,2.52,2.13,40.2,-0.45,18.79,19.92,02a58230o0595o
58230.53462,-21.338,13.182,-11,140,o,0,0.72,219.42633,2.2845,2489.31,9802.41,2.48,2.26,4.4,-0.45,17.99,19.09,02a58230o0613o
58234.47795,-20.283,0.877,-28,25,o,0,1.61,219.42633,2.2845,910.97,1187.26,2.82,2.3,37.3,-0.543,18.92,19.62,02a58234o0238o
58234.48806,20.968,2.392,15,36,o,0,1.27,219.42633,2.2845,891.63,1147.58,2.92,2.39,38.7,-0.53,18.41,18.99,02a58234o0259o
58234.4982,19.286,0.357,70,25,o,0,1.63,219.42633,2.2845,952.61,1223.89,2.95,2.41,32.6,-0.517,18.81,19.55,02a58234o0280o
58234.50817,-20.816,1.9,-17,32,o,0,1.2,219.42633,2.2845,973.18,1105.13,3.53,2.95,38.7,-0.48,18.67,19.54,02a58234o0301o
58246.48616,19.248,0.355,73,26,o,0,1.26,219.42633,2.2845,9589.23,10101.89,2.34,1.97,38.9,-0.461,19.21,20.3,02a58246o0160o
58246.48999,22.761,6.24,3,18,o,0,1.87,219.42633,2.2845,9757.08,296.43,2.21,1.96,32.8,-0.504,19.58,20.71,02a58246o0168o
58246.49676,19.486,0.427,58,25,o,0,0.94,219.42633,2.2845,9570.46,10062.08,2.27,1.98,40.5,-0.454,19.27,20.26,02a58246o0182o
58246.49919,21.756,2.574,7,18,o,0,1.47,219.42633,2.2845,40.01,316.65,2.19,1.65,38.9,-0.309,19.19,20.18,02a58246o0187o
58246.50061,23.855,26.571,1,28,o,0,0.97,219.42633,2.2845,9739.5,256.55,2.27,1.97,29.5,-0.483,19.12,20.1,02a58246o0190o
58246.50692,19.816,0.522,43,22,o,0,1.11,219.42633,2.2845,9632.3,10140.63,2.31,2.01,35.9,-0.443,19.27,20.23,02a58246o0203o
58246.50975,-19.536,0.64,-56,36,o,0,1.2,219.42633,2.2845,59.9,197.41,2.31,1.68,37.6,-0.612,19.36,20.36,02a58246o0209o
58246.51072,20.615,1.066,21,22,o,0,1.42,219.42633,2.2845,9800.26,333.02,2.31,1.97,35.8,-0.486,19.4,20.48,02a58246o0211o
58246.51799,20.211,0.615,30,18,o,0,1.47,219.42633,2.2845,9651.3,10023.43,2.35,1.99,38.5,-0.464,19.46,20.5,02a58246o0226o
58246.52173,21.679,2.587,8,20,o,0,1.59,219.42633,2.2845,9822.98,213.9,2.42,2.02,34.7,-0.493,19.48,20.59,02a58246o0234o
58248.47899,-21.01,1.324,-14,19,o,0,2.02,219.42633,2.2845,7725.17,2704.82,3.11,2.77,-86.3,-0.435,19.23,20.82,01a58248o0289o
58248.4896,19.847,0.459,42,19,o,0,2.4,219.42633,2.2845,7751.25,2784.43,3.22,2.82,-87.3,-0.431,18.9,20.48,01a58248o0311o
58248.49975,19.909,0.833,40,33,o,0,2.17,219.42633,2.2845,7698.06,2746.69,3.2,2.73,88.8,-0.444,18.59,20.06,01a58248o0332o
58248.51037,-21.846,3.947,-7,26,o,0,2.23,219.42633,2.2845,7684.8,2901.64,3.24,2.68,-89.6,-0.441,18.66,20.14,01a58248o0354o
58252.46922,19.55,0.318,55,18,o,0,1.68,219.42633,2.2845,8131.53,1401.03,3.49,2.88,-88.5,-0.443,19.17,20.66,01a58252o0524o
58252.4797,22.052,3.64,6,20,o,0,1.67,219.42633,2.2845,8157.12,1480.51,3.51,2.8,-88.7,-0.445,19.14,20.61,01a58252o0546o
58252.49066,20.383,0.817,26,21,o,0,1.37,219.42633,2.2845,8104.31,1444.92,3.63,2.87,89.3,-0.442,19.11,20.63,01a58252o0569o
58252.50119,19.864,0.406,41,17,o,0,2.58,219.42633,2.2845,8091.52,1601.57,3.61,2.84,89,-0.442,19.09,20.59,01a58252o0591o
58253.33864,21.115,1.087,13,14,c,0,1.73,219.42633,2.2845,9025.34,780.44,3.08,2.59,46.6,-0.4,19.69,21.61,02a58253o0101c
58253.34667,20.106,0.379,33,12,c,0,2.4,219.42633,2.2845,9004.97,801.14,3.22,2.64,46.5,-0.405,19.69,21.62,02a58253o0117c
58253.35489,-21.619,1.673,-8,14,c,0,2,219.42633,2.2845,9060.76,820.92,3.18,2.6,45.1,-0.399,19.72,21.62,02a58253o0132c
58254.46362,-23.477,9.5,-2,14,c,0,1.69,219.42633,2.2845,2510.73,10333.22,2.94,2.69,4.9,-0.443,19.51,21.47,02a58254o0261c
58254.46739,19.239,0.211,73,15,c,0,1.15,219.42633,2.2845,2680.44,549.63,3.09,2.69,38.2,-0.424,19.5,21.42,02a58254o0269c
58254.47439,20.367,0.584,26,15,c,0,1.77,219.42633,2.2845,2492.85,10293.38,2.93,2.58,8.6,-0.428,19.33,21.21,02a58254o0284c
58254.47814,-20.031,0.517,-35,18,c,0,1.43,219.42633,2.2845,2662.5,510.05,3.03,2.61,45.1,-0.428,19.23,21.13,02a58254o0292c
58254.48513,-21.883,2.917,-6,19,c,0,1.75,219.42633,2.2845,2553.5,10370.9,2.93,2.59,5.9,-0.426,19.08,20.84,02a58254o0307c
58254.48887,-20.679,0.76,-19,15,c,0,1.21,219.42633,2.2845,2724.39,588.27,2.94,2.51,37.6,-0.437,19.38,21.21,02a58254o0315c
58254.49588,-22.476,4.05,-4,15,c,0,1.84,219.42633,2.2845,2576.06,10251.7,2.9,2.49,8.4,-0.427,19.44,21.29,02a58254o0330c
58254.49964,-22.086,2.276,-5,12,c,0,2.31,219.42633,2.2845,2745.26,469.6,2.88,2.52,38.2,-0.429,19.48,21.32,02a58254o0338c
58260.44358,20.735,1,18,18,o,0,3.03,219.42633,2.2845,7840.15,8840.45,3.76,2.94,-83.8,-0.411,19.15,20.61,01a58260o0398o
58260.45469,19.977,0.393,37,15,o,0,3.79,219.42633,2.2845,7868.2,8923.33,3.97,2.98,-81.2,-0.403,19.19,20.66,01a58260o0421o
58260.46667,-20.558,0.819,-22,18,o,0,2.99,219.42633,2.2845,7815.41,8891.49,4.1,3.09,-83.6,-0.382,19.24,20.83,01a58260o0446o
58260.47761,22.455,4.533,4,17,o,0,5.44,219.42633,2.2845,7802.64,9049.96,3.98,3.05,-82.6,-0.397,19.25,20.87,01a58260o0469o
58262.42265,-17.6,1.759,-331,582,o,0,0.92,219.42633,2.2845,2938.11,8724.82,4,4,0,-0.235,15.88,16.62,02a58262o0400o
58262.43336,16.676,0.824,776,639,o,0,1.05,219.42633,2.2845,2919.41,8685.81,2.45,2.25,-39.2,-0.463,16.19,16.48,02a58262o0422o
58262.44359,19.258,3.681,72,265,o,0,0.93,219.42633,2.2845,2977.72,8763.29,2.28,2.16,-43.1,-0.468,17.61,17.8,02a58262o0443o
58262.45436,18.243,0.438,183,80,o,0,1.15,219.42633,2.2845,2998.82,8647.32,2.28,2.06,-46.7,-0.453,18.17,18.56,02a58262o0465o
58269.45282,19.285,0.524,70,37,o,0,1.28,219.42633,2.2845,1702.13,8943.6,2.35,2.13,-49.3,-0.445,18.73,19.31,02a58269o0444o
58269.46083,19.386,0.647,64,41,o,0,1.59,219.42633,2.2845,1683.88,8903.88,2.42,2.17,-48.8,-0.452,18.69,19.26,02a58269o0461o
58269.46882,-20.459,1.92,-24,46,o,0,1.56,219.42633,2.2845,1743.05,8981.09,2.39,2.15,-48.5,-0.454,18.67,19.22,02a58269o0478o
58269.47677,21.755,6.721,7,48,o,0,1.17,219.42633,2.2845,1765.36,8863.18,2.31,2.12,-12.3,-0.49,18.69,19.17,02a58269o0495o
58272.45841,15.057,1.756,3446,6049,o,0,0.69,219.42633,2.2845,664.3,2647.44,3.25,3.05,-6.2,-0.461,15.48,16.49,01a58272o0417o
58272.46947,-19.714,0.433,-47,20,o,0,2.73,219.42633,2.2845,608.85,2606.39,3.15,2.97,2.6,-0.42,18.98,20.2,01a58272o0440o
58272.47999,-20.904,1.453,-16,23,o,0,1.43,219.42633,2.2845,597.08,2758.4,3.1,2.99,-0.6,-0.425,18.9,20.1,01a58272o0462o
58276.41977,18.186,0.974,193,188,o,0,0.94,219.42633,2.2845,7301.84,593.75,3.13,3.03,-82.6,-0.439,16.89,18.27,01a58276o0377o
58276.42358,18.202,0.544,190,103,o,0,4.16,219.42633,2.2845,7233.8,10385.87,3.83,2.95,-75.3,-0.425,17.07,18.49,01a58276o0385o
58276.43031,-21.154,5.118,-12,64,o,0,1.01,219.42633,2.2845,7327.11,671.17,3.2,3.02,-81.4,-0.43,17.79,19.28,01a58276o0399o
58276.43412,-21.153,4.6,-13,58,o,0,2.34,219.42633,2.2845,7260.05,10464.02,3.9,3.15,-76.8,-0.432,17.91,19.43,01a58276o0407o
58276.44042,-19.546,0.928,-55,51,o,0,2.59,219.42633,2.2845,7273.88,630.72,3.44,3.2,-85.6,-0.423,18.06,19.55,01a58276o0420o
58276.44419,19.145,0.776,80,62,o,0,1.91,219.42633,2.2845,7206.04,10422.29,4.37,3.35,-78.1,-0.386,17.88,19.37,01a58276o0428o
58276.45099,17.576,0.477,338,162,o,0,1.57,219.42633,2.2845,7260.86,785.04,3.27,3.23,-21.2,-0.42,16.97,18.44,01a58276o0442o
58280.40668,-21.033,1.492,-14,21,o,0,1.38,219.42633,2.2845,8104.29,2037.88,3.21,2.95,-89.5,-0.429,19.14,20.71,01a58280o0359o
58280.41741,-21.619,2.036,-8,17,o,0,2.47,219.42633,2.2845,8130.41,2116.81,3.3,2.91,-84.9,-0.429,18.8,20.36,01a58280o0382o
58280.42815,-17.612,0.518,-328,170,o,0,1.53,219.42633,2.2845,8077.83,2079.8,3.25,2.97,-81.5,-0.429,16.74,18.29,01a58280o0405o
58280.4389,-19.819,0.424,-43,18,o,0,1.9,219.42633,2.2845,8064.46,2234.67,3.44,3.01,-89.7,-0.42,19.18,20.89,01a58280o0428o
58284.40325,20.37,0.653,26,17,o,0,2.46,219.42633,2.2845,7945.31,8608.41,3.52,2.73,-80.4,-0.428,19.41,21.09,01a58284o0297o
58284.41404,20.108,0.566,33,19,o,0,3.88,219.42633,2.2845,7964.81,8646.41,3.97,3.1,-82.2,-0.406,19.29,21,01a58284o0320o
58284.42483,19.399,0.253,63,16,o,0,3.01,219.42633,2.2845,7903.74,8569.73,3.76,2.92,-80.6,-0.411,19.33,21.01,01a58284o0343o
58284.43558,17.365,0.044,411,18,o,0,16.07,219.42633,2.2845,7884.59,8687.22,3.72,2.88,-77.9,-0.414,19.29,20.82,01a58284o0366o
58286.40171,-21.172,0.946,-12,12,c,0,1.52,219.42633,2.2845,1509.72,9215.17,2.54,2.43,-27.7,-0.436,19.72,21.6,02a58286o0343c
58286.41264,19.456,0.212,60,13,c,0,1.81,219.42633,2.2845,1492.03,9175.78,2.52,2.43,-31.8,-0.433,19.68,21.52,02a58286o0366c
58286.42353,-23.34,8.25,-2,14,c,0,1.09,219.42633,2.2845,1550.9,9253.64,2.56,2.41,-28.1,-0.436,19.65,21.47,02a58286o0389c
58286.43446,19.846,0.331,42,14,c,0,1.38,219.42633,2.2845,1572.21,9135.62,2.53,2.37,-27.4,-0.432,19.68,21.45,02a58286o0412c
58288.36971,19.85,0.443,42,18,o,0,2.52,219.42633,2.2845,9664.87,1842.58,3.25,2.72,-82.8,-0.456,19.29,20.71,01a58288o0286o
58288.38019,-19.771,0.443,-45,20,o,0,1.52,219.42633,2.2845,9685.15,1880.98,3.51,2.86,-83,-0.447,19.18,20.64,01a58288o0308o
58288.39124,19.412,0.258,62,16,o,0,2.64,219.42633,2.2845,9625.38,1804.03,3.4,2.95,-80.3,-0.44,19.21,20.72,01a58288o0331o
58288.40179,-21.671,2.194,-8,17,o,0,1.95,219.42633,2.2845,9606.77,1921.68,3.33,2.8,-83.3,-0.45,19.27,20.79,01a58288o0353o
58290.35958,20.171,0.7,31,22,o,0,1.92,219.42633,2.2845,3218.91,7958.42,2.37,2.27,-48.2,-0.449,19.18,19.99,02a58290o0257o
58290.37008,20.269,0.861,28,24,o,0,1.61,219.42633,2.2845,3200.28,7918.93,2.6,2.51,-48.5,-0.422,19,19.96,02a58290o0279o
58290.38018,19.98,0.624,37,23,o,0,1.94,219.42633,2.2845,3259.67,7995.91,2.62,2.5,-40.9,-0.426,19.03,19.92,02a58290o0300o
58290.39085,19.73,0.453,47,21,o,0,1.89,219.42633,2.2845,3281.01,7881.5,2.61,2.47,-42.4,-0.427,18.95,19.89,02a58290o0322o
58294.38227,-20.03,0.942,-35,33,o,0,1.71,219.42633,2.2845,173.27,286.82,2.26,1.78,39.2,-0.595,18.6,19.13,02a58294o0308o
58294.38786,-20.867,2.031,-16,33,o,0,1.53,219.42633,2.2845,9764.09,10113.74,2.48,2.11,40.8,-0.511,18.42,18.94,02a58294o0320o
58294.38971,21.65,3.671,8,29,o,0,1.77,219.42633,2.2845,9952.9,303.85,2.12,2.06,46.3,-0.5,18.53,19.06,02a58294o0324o
58294.39204,21.266,3.476,11,39,o,0,1.05,219.42633,2.2845,156.04,247.37,2.52,1.89,38,-0.617,18.56,19.07,02a58294o0329o
58294.39766,19.054,0.503,87,44,o,0,0.94,219.42633,2.2845,9747.48,10073.84,2.69,2.27,35.2,-0.445,18.43,18.91,02a58294o0341o
58294.39952,-20.285,1.269,-28,35,o,0,1.47,219.42633,2.2845,9939.67,261.59,2.98,2.29,37.2,-0.478,18.5,19.02,02a58294o0345o
58294.39998,-19.174,1.063,-78,83,o,0,0.84,219.42633,2.2845,51.22,10144.2,2.61,2.12,13.2,-0.411,18.45,18.92,02a58294o0346o
58294.40186,-19.347,0.556,-66,37,o,0,1.04,219.42633,2.2845,222.03,325.23,2.8,2.02,37.8,-0.627,18.5,19.01,02a58294o0350o
58294.40753,-20.418,1.801,-25,44,o,0,0.85,219.42633,2.2845,9814.98,10151.34,2.65,2.27,30.9,-0.413,18.39,18.85,02a58294o0362o
58294.40949,19.876,0.844,41,34,o,0,1.54,219.42633,2.2845,10003.18,339.73,2.82,2.18,34.7,-0.437,18.44,18.96,02a58294o0366o
58294.40994,20.21,2.593,30,78,o,0,0.66,219.42633,2.2845,76.75,10024.57,2.53,2.06,9,-0.428,18.37,18.86,02a58294o0367o
58294.41193,20.581,1.799,21,38,o,0,1.03,219.42633,2.2845,245.29,205.24,2.26,1.78,35.6,-0.529,18.46,18.95,02a58294o0371o
58294.42175,20.449,1.922,24,46,o,0,1.13,219.42633,2.2845,9838.72,10033.65,2.42,2.18,32.6,-0.476,18.38,18.78,02a58294o0391o
58294.42312,19.881,1,40,40,o,0,1.12,219.42633,2.2845,10030.18,219.98,2.55,2.28,33.7,-0.499,18.39,18.89,02a58294o0394o
58295.38626,-21.575,3.707,-8,32,o,0,1.81,219.42633,2.2845,1155.55,984.27,3.23,2.91,-9.9,-0.421,18.43,19.33,01a58295o0312o
58295.39492,20.502,1.655,23,38,o,0,2.13,219.42633,2.2845,1173.87,1024.02,3.02,2.8,-8.5,-0.451,18.38,19.26,01a58295o0330o
58295.40584,-21.211,2.982,-12,36,o,0,1.59,219.42633,2.2845,1115.01,946.65,3.08,2.97,74,-0.439,18.27,19.14,01a58295o0349o
58295.42308,18.941,0.448,96,43,o,0,1.34,219.42633,2.2845,1097.63,1063.13,3.38,3.12,-3.7,-0.423,18.13,18.98,01a58295o0381o
58296.40051,19.028,0.414,89,37,o,0,2.07,219.42633,2.2845,9444.77,319.79,3.24,2.87,-76.3,-0.449,18.28,19.07,01a58296o0341o
58296.40238,19.322,0.677,68,46,o,0,1.89,219.42633,2.2845,9442.27,10126.94,4.44,3.03,-77.8,-0.426,18.28,19.1,01a58296o0345o
58296.40948,22.012,8.348,6,48,o,0,1.43,219.42633,2.2845,9465.43,360.58,3.27,3.02,-56,-0.439,17.73,18.56,01a58296o0360o
58296.41135,17.806,0.487,274,134,o,0,1.14,219.42633,2.2845,9461.96,10167.52,4.62,3.2,-79,-0.41,17.02,17.87,01a58296o0364o
58296.41843,-17.118,0.813,-516,420,o,0,1,219.42633,2.2845,9406.77,285.15,12.32,4.81,0,-0.136,15.16,16.52,01a58296o0379o
58296.42733,14.103,0.33,8292,2738,o,0,1.01,219.42633,2.2845,9387.29,407.63,11.51,9.53,3,-0.136,15.51,16.47,01a58296o0398o
58296.42918,17.282,0.968,444,430,o,0,0.85,219.42633,2.2845,9380.94,10212.05,4.77,3.3,-80.4,-0.421,16.16,16.85,01a58296o0402o
58298.34682,20.227,0.825,30,24,o,0,1.43,219.42633,2.2845,1511.42,1174.28,2.16,1.98,54.6,-0.586,18.95,19.51,02a58298o0062o
58298.3548,21.297,1.967,11,22,o,0,1.65,219.42633,2.2845,1490.66,1135.45,2.27,2.09,54.5,-0.545,18.84,19.48,02a58298o0079o
58298.36279,20.787,1.577,18,28,o,0,0.86,219.42633,2.2845,1548.85,1213.86,2.33,2.12,44.3,-0.496,18.79,19.44,02a58298o0096o
58298.3708,20.513,1.175,23,27,o,0,1.27,219.42633,2.2845,1567.63,1095.92,2.47,2.19,36.2,-0.508,18.78,19.39,02a58298o0113o
58299.41236,-22.376,7.688,-4,31,o,0,1.24,219.42633,2.2845,10448.43,2616.03,3.69,3.02,-83.2,-0.434,18.57,19.61,01a58299o0362o
58299.41329,20.831,1.818,17,31,o,0,1.2,219.42633,2.2845,731.35,2768.48,3.41,3.36,-35,-0.41,18.55,19.73,01a58299o0364o
58299.41891,19.94,0.905,38,35,o,0,2.24,219.42633,2.2845,10467.53,2656.59,3.74,3.01,-82.4,-0.431,18.53,19.55,01a58299o0376o
58299.42045,20.457,1.107,24,26,o,0,1.76,219.42633,2.2845,753.43,2806.29,2.91,2.86,-48.3,-0.452,18.69,19.65,01a58299o0379o
58299.42648,24.456,53.5,1,32,o,0,2.75,219.42633,2.2845,10407.89,2581.54,4.11,3.18,-84.8,-0.426,18.34,19.45,01a58299o0391o
58299.42751,21.25,3.02,12,35,o,0,1.17,219.42633,2.2845,691.8,2729.23,3.21,3.08,-14,-0.44,18.51,19.57,01a58299o0393o
58299.43412,20.379,1.494,26,38,o,0,1.54,219.42633,2.2845,10386.94,2701.51,4.14,3.14,-85.3,-0.427,18.27,19.34,01a58299o0406o
58299.43562,-22.548,11.083,-4,38,o,0,1.33,219.42633,2.2845,675.12,2845.38,3.68,3.44,-2.3,-0.406,18.33,19.46,01a58299o0409o
58299.45045,19.811,1.429,43,62,o,0,1.08,219.42633,2.2845,10462.75,2668.47,3.65,2.88,-82.8,-0.434,18.09,18.88,01a58299o0440o
58299.45137,22.271,8.632,4,39,o,0,1.81,219.42633,2.2845,753.82,2807.71,3.22,2.9,-7.3,-0.434,18.16,19.03,01a58299o0442o
58300.36683,19.929,0.955,39,37,o,0,1.42,219.42633,2.2845,7031.82,8642.44,3.29,2.68,-80.3,-0.454,18.69,19.89,01a58300o0257o
58300.37712,19.565,0.486,54,26,o,0,1.41,219.42633,2.2845,7051.94,8681.1,3.19,2.69,-79.6,-0.453,18.95,20.09,01a58300o0279o
58300.38703,19.355,0.366,66,24,o,0,1.52,219.42633,2.2845,6992.01,8604.4,3.14,2.62,-80.8,-0.455,18.94,20.03,01a58300o0300o
58300.39754,19.346,0.454,66,30,o,0,1.17,219.42633,2.2845,6972.9,8722.2,3.24,2.74,-80.5,-0.444,18.83,19.91,01a58300o0322o
58310.35188,-20.294,0.478,-28,13,c,0,1.53,219.42633,2.2845,1219.5,9522.22,2.8,2.59,-40.9,-0.421,19.57,21.47,02a58310o0233c
58310.36279,20.42,0.636,25,16,c,0,1.48,219.42633,2.2845,1200.28,9482.64,2.76,2.56,-32.6,-0.431,19.34,21.14,02a58310o0256c
58310.37352,20.866,0.907,16,15,c,0,0.93,219.42633,2.2845,1259.34,9561.37,2.75,2.57,-33.5,-0.423,19.53,21.34,02a58310o0279c
58310.38585,20.148,0.479,32,15,c,0,1.23,219.42633,2.2845,1283.87,9439.48,2.66,2.54,-29.5,-0.438,19.5,21.28,02a58310o0304c
58312.33732,19.567,0.343,54,19,o,0,3.42,219.42633,2.2845,8559.82,1079.61,3.07,2.88,-70.6,-0.442,19.35,20.93,01a58312o0215o
58312.34804,19.743,0.341,46,16,o,0,2.22,219.42633,2.2845,8580.94,1119.25,3.07,2.94,-61.5,-0.433,19.29,20.83,01a58312o0238o
58312.35879,21.434,1.605,10,16,o,0,2.99,219.42633,2.2845,8521.73,1043.68,3.28,3.08,-16.8,-0.41,19.22,20.79,01a58312o0261o
58312.36962,20.108,0.491,33,16,o,0,1.69,219.42633,2.2845,8503.19,1163.29,3.08,2.72,-80.5,-0.46,19.24,20.66,01a58312o0284o
58316.30835,22.282,3.958,4,18,o,0,2.1,219.42633,2.2845,7455.05,1921.75,2.92,2.85,-29.1,-0.438,19.29,20.76,01a58316o0155o
58316.31867,-22.975,7.091,-2,17,o,0,3.33,219.42633,2.2845,7475.49,1961.51,3.34,2.93,-7.4,-0.421,19.21,20.76,01a58316o0177o
58316.32859,-22.169,3.571,-5,18,o,0,1.58,219.42633,2.2845,7416.89,1884.71,2.87,2.71,-71.7,-0.456,19.28,20.72,01a58316o0198o
58316.33897,20.701,0.864,19,16,o,0,1.89,219.42633,2.2845,7398.49,2001.46,2.93,2.8,-73.1,-0.441,19.27,20.73,01a58316o0220o
58318.28482,-19.048,0.371,-87,32,o,0,1.47,219.42633,2.2845,1568.93,51.88,2.45,2.03,41.1,-0.491,18.83,19.7,02a58318o0103o
58318.29281,19.69,0.576,48,28,o,0,0.84,219.42633,2.2845,1403.18,9850.59,2.37,2.35,89.9,-0.461,18.97,19.71,02a58318o0119o
58318.30322,21.31,2.425,11,26,o,0,1.35,219.42633,2.2845,1385.3,9811.12,2.62,2.42,9.6,-0.45,18.91,19.65,02a58318o0140o
58318.30572,19.804,0.525,44,23,o,0,1.55,219.42633,2.2845,1606.92,93.89,2.62,2.2,37,-0.482,19,19.83,02a58318o0145o
58318.31328,19.851,0.555,42,23,o,0,1.24,219.42633,2.2845,1444.08,9889.7,2.55,2.33,4.3,-0.445,19,19.77,02a58318o0161o
58318.32304,-19.952,0.696,-38,26,o,0,1.14,219.42633,2.2845,1465.53,9771.07,2.54,2.28,7.9,-0.462,19.02,19.69,02a58318o0182o
58320.34513,-17.507,0.79,-361,285,o,0,1.52,219.42633,2.2845,965.22,858.75,3.35,2.85,-11.8,-0.411,16.16,16.97,01a58320o0170o
58320.35601,15.096,0.408,3324,1355,o,0,1.11,219.42633,2.2845,948.36,974.62,5.85,4.89,84.3,-0.223,15.16,15.88,01a58320o0192o
58322.31806,-21.575,13.035,-8,111,o,0,1.79,219.42633,2.2845,379.02,8019.34,2.25,1.98,-47.4,-0.434,17.73,18.02,02a58322o0174o
58322.32797,20.855,2.591,16,43,o,0,1.4,219.42633,2.2845,361.68,7979.08,2.13,1.98,-21.7,-0.409,18.74,19.15,02a58322o0195o
58322.32842,-20.982,3.039,-15,45,o,0,1.59,219.42633,2.2845,10100.65,8033.05,2.23,2.12,36.5,-0.484,18.61,19.05,02a58322o0196o
58322.3377,19.49,0.658,58,38,o,0,1.22,219.42633,2.2845,421.17,8055.8,2.22,2.04,-27.9,-0.398,18.7,19.25,02a58322o0216o
58322.33815,-21.547,5.52,-9,48,o,0,1.3,219.42633,2.2845,10081.56,7994.03,2.26,2.18,41,-0.471,18.72,19.25,02a58322o0217o
58322.34789,19.445,0.653,60,40,o,0,1.34,219.42633,2.2845,442.25,7938.03,2.23,2.05,-19.7,-0.394,18.66,19.23,02a58322o0238o
58322.34887,-21.452,4.402,-10,42,o,0,1.46,219.42633,2.2845,10140.87,8074.33,2.32,2.2,30.8,-0.432,18.72,19.26,02a58322o0240o
58322.35915,-21.637,7.662,-8,62,o,0,0.95,219.42633,2.2845,10160.02,7957.22,2.33,2.2,29,-0.467,18.57,19.13,02a58322o0262o
58324.31321,-21.917,11.13,-6,69,o,0,1.04,219.42633,2.2845,7427.24,2486.4,3.06,2.92,-14.1,-0.428,17.58,18.3,01a58324o0165o
58324.3227,19.906,2.893,40,115,o,0,1.19,219.42633,2.2845,7446.1,2526.02,3.09,2.79,-84.2,-0.455,17.46,18.26,01a58324o0185o
58324.33162,18.009,5.592,227,1270,o,0,1.28,219.42633,2.2845,7387.44,2450.4,3.17,2.81,-85.8,-0.487,15.08,15.73,01a58324o0204o
58324.34132,18.845,1.55,105,163,o,0,1.52,219.42633,2.2845,7370.46,2569.18,2.96,2.74,-77.1,-0.476,17.06,17.61,01a58324o0225o
58325.31337,21.466,5.037,9,47,o,0,0.94,219.42633,2.2845,3166.81,10490.91,2.34,2.21,-51.4,-0.426,18.85,19.38,02a58325o0163o
58326.30641,-19.962,1.185,-38,44,o,0,1.59,219.42633,2.2845,809.65,8306.79,2.29,2.11,-53.7,-0.474,18.62,19.1,02a58326o0149o
58326.31536,19.615,0.966,52,50,o,0,1.11,219.42633,2.2845,790.13,8267.47,2.27,2.06,-48.8,-0.404,18.6,19.02,02a58326o0167o
58326.32362,-20.192,1.595,-30,48,o,0,1.28,219.42633,2.2845,849.82,8344.2,2.22,2.01,-49.8,-0.437,18.51,18.98,02a58326o0184o
58326.3293,18.936,0.683,97,66,o,0,1.29,219.42633,2.2845,10515.28,8287.67,2.22,2.14,44.8,-0.468,18.56,19,02a58326o0195o
58326.33258,21.473,5.977,9,56,o,0,1.72,219.42633,2.2845,870.56,8226.91,2.32,2.07,-50.7,-0.464,18.5,18.88,02a58326o0202o
58327.27923,20.344,1.227,26,32,o,0,1.39,219.42633,2.2845,8994.86,9962.43,3.73,2.7,-81.8,-0.483,18.7,19.7,01a58327o0094o
58327.28499,-20.199,1,-30,30,o,0,1.37,219.42633,2.2845,8994.04,163.38,3.71,3.5,-55.4,-0.4,18.44,19.6,01a58327o0106o
58327.29015,-19.688,0.804,-48,39,o,0,0.86,219.42633,2.2845,9015.02,10001.7,3.78,2.76,-77.2,-0.471,18.62,19.61,01a58327o0116o
58327.29591,19.063,0.335,86,29,o,0,1.33,219.42633,2.2845,9015.91,203.07,3.11,2.92,-37,-0.432,18.61,19.53,01a58327o0128o
58327.30168,22.116,6,5,31,o,0,1.25,219.42633,2.2845,8955.54,9923.63,3.41,2.5,-80.9,-0.5,18.6,19.53,01a58327o0139o
58327.30742,-19.662,0.622,-50,31,o,0,1.29,219.42633,2.2845,8958.27,126.62,3.17,2.87,-22,-0.439,18.55,19.45,01a58327o0151o
58327.31233,19.448,0.583,60,35,o,0,1.17,219.42633,2.2845,8938.67,10043.1,3.33,2.54,-79.9,-0.504,18.57,19.45,01a58327o0161o
58327.31809,19.546,0.531,55,29,o,0,1.37,219.42633,2.2845,8940.29,246.75,3.17,2.88,-19.4,-0.433,18.54,19.36,01a58327o0173o
58328.31409,-20.592,1.286,-21,27,o,0,1.73,219.42633,2.2845,7173.27,1264.53,3.29,2.86,-5.9,-0.422,18.63,19.52,01a58328o0162o
58328.32267,22.205,8.565,5,41,o,0,0.77,219.42633,2.2845,7191.58,1305.6,2.88,2.79,-45.6,-0.46,18.38,19.16,01a58328o0179o
58328.33144,18.955,0.304,95,29,o,0,1.22,219.42633,2.2845,7135.35,1230.54,2.85,2.76,-56.5,-0.463,18.54,19.44,01a58328o0196o
58328.3401,-19.972,0.899,-37,34,o,0,1.16,219.42633,2.2845,7118.99,1350.72,2.88,2.77,-38,-0.456,18.51,19.35,01a58328o0213o
58332.26594,20.387,0.723,25,18,o,0,3.59,219.42633,2.2845,10444.55,8690.71,3.92,3.11,-80.6,-0.388,19.16,20.87,01a58332o0071o
58332.27579,19.412,0.357,62,22,o,0,1.46,219.42633,2.2845,10463.61,8730.28,3.75,2.7,-80.7,-0.42,19.2,20.77,01a58332o0092o
58332.28514,20.891,1.25,16,20,o,0,1.76,219.42633,2.2845,10402.5,8654.12,4.02,2.93,-80.8,-0.399,19.08,20.72,01a58332o0112o
58332.2856,-21.811,2.893,-7,20,o,0,2.22,219.42633,2.2845,693.73,8847.72,3.31,3.01,-80.5,-0.424,19.1,20.84,01a58332o0113o
58332.29496,-23.204,12.25,-2,23,o,0,1.91,219.42633,2.2845,10387.17,8773.74,3.6,2.82,-81.2,-0.412,19.14,20.76,01a58332o0133o
58332.29543,-21.294,1.63,-11,18,o,0,1.32,219.42633,2.2845,715.31,8886.82,3.07,2.83,-75.2,-0.428,19.19,20.88,01a58332o0134o
58332.30437,19.55,0.4,55,22,o,0,1.42,219.42633,2.2845,656.14,8808.38,2.88,2.66,-76.3,-0.448,19.15,20.73,01a58332o0153o
58332.31335,19.547,0.376,55,21,o,0,2.06,219.42633,2.2845,637.15,8925.06,2.89,2.59,-80,-0.453,19.11,20.6,01a58332o0172o
58338.29345,20.4,0.543,25,14,c,0,1.91,219.42633,2.2845,103.08,1358.79,2.48,2.35,59.3,-0.469,19.55,21.36,02a58338o0130c
58338.30302,21.794,2.071,7,14,c,0,1.33,219.42633,2.2845,9858.33,1377.17,2.88,2.68,-49.7,-0.413,19.52,21.42,02a58338o0150c
58338.3044,-19.259,0.204,-72,15,c,0,1.63,219.42633,2.2845,85.61,1318.54,2.59,2.42,50.5,-0.474,19.48,21.31,02a58338o0153c
58338.31392,20.671,0.662,20,13,c,0,1.6,219.42633,2.2845,9840.4,1337.81,2.75,2.51,-51.4,-0.417,19.53,21.4,02a58338o0173c
58338.3153,-21.514,1.579,-9,14,c,0,1.3,219.42633,2.2845,148.08,1396.72,2.63,2.52,51.8,-0.468,19.41,21.28,02a58338o0176c
58338.32485,21.198,1.195,12,14,c,0,1.26,219.42633,2.2845,9900.83,1415.9,2.75,2.54,-44.5,-0.418,19.56,21.34,02a58338o0196c
58338.32622,-22.413,3.75,-4,15,c,0,1.13,219.42633,2.2845,170.35,1277.65,2.74,2.52,45.6,-0.477,19.43,21.18,02a58338o0199c
58338.33574,20.382,0.478,26,12,c,0,2.17,219.42633,2.2845,9924.17,1297.66,2.74,2.59,-45.3,-0.416,19.51,21.27,02a58338o0219c
58342.29156,20.026,0.394,35,14,c,0,1.77,219.42633,2.2845,9609.79,8359.04,2.82,2.79,-86.6,-0.385,19.59,21.41,02a58342o0131c
58342.30249,-21.213,1.328,-12,16,c,0,1.15,219.42633,2.2845,9589.9,8319.1,3,2.93,-79,-0.382,19.48,21.39,02a58342o0154c
58342.31348,20.791,0.938,18,16,c,0,1.39,219.42633,2.2845,9649.68,8397.23,2.94,2.9,-65.7,-0.376,19.45,21.33,02a58342o0177c
58342.32433,20.747,0.741,18,14,c,0,1.77,219.42633,2.2845,9671.04,8278.48,2.77,2.71,-31.1,-0.402,19.48,21.23,02a58342o0200c
58344.25786,20.301,0.639,28,18,o,0,2.26,219.42633,2.2845,8562.65,2048.09,3.18,2.99,-16.1,-0.412,19.1,20.52,01a58344o0070o
58344.26811,-19.876,0.514,-41,21,o,0,2.19,219.42633,2.2845,8581.25,2089.56,3.3,2.75,-83.6,-0.441,19.07,20.45,01a58344o0092o
58344.27885,20.639,0.831,20,17,o,0,2.53,219.42633,2.2845,8522.62,2015.58,3.43,2.9,-84,-0.428,19.08,20.57,01a58344o0115o
58344.28829,20.069,0.607,34,21,o,0,2.55,219.42633,2.2845,8505.23,2135.39,3.28,2.92,-81.1,-0.425,19.05,20.55,01a58344o0135o
58348.25462,19.675,0.445,49,22,o,0,2.22,219.42633,2.2845,9382.82,2146.22,3.13,3,-30.2,-0.422,18.92,19.99,01a58348o0068o
58348.26497,19.477,0.356,59,21,o,0,1.76,219.42633,2.2845,9403.18,2187.89,3.1,3,-53.8,-0.43,18.9,19.98,01a58348o0090o
58348.27478,19.336,0.342,67,23,o,0,2.27,219.42633,2.2845,9344.35,2114.45,3.37,2.89,-81,-0.436,18.8,19.92,01a58348o0111o
58348.28456,20.395,0.909,25,23,o,0,1.91,219.42633,2.2845,9324.71,2235.14,3.49,2.8,-85.8,-0.443,18.76,19.87,01a58348o0132o
58350.26822,-14.888,1.89,-4024,7603,o,0,1.18,219.42633,2.2845,1633.44,8745.99,2.5,2.24,-58.8,-0.442,13.56,13.67,02a58350o0075o
58360.28196,-21.068,1.942,-14,26,o,0,1.42,219.42633,2.2845,8148.03,9499.86,3.73,2.81,-80,-0.436,18.92,20.24,01a58360o0140o
58360.29053,19.695,0.689,48,33,o,0,1.3,219.42633,2.2845,8166.22,9540.47,4.01,2.93,-79,-0.417,18.45,20,01a58360o0158o
58362.25238,19.448,0.405,60,24,o,0,1.3,219.42633,2.2845,9550.62,9438.49,2.9,2.79,89,-0.416,18.98,20.15,02a58362o0059o
58362.26211,-20.423,0.807,-25,20,o,0,1.55,219.42633,2.2845,9529.21,9397.98,2.79,2.7,68.3,-0.418,18.95,20.11,02a58362o0080o
58362.27149,20.695,1.455,19,28,o,0,0.72,219.42633,2.2845,9590.75,9475.34,2.68,2.47,38,-0.435,19.15,20.16,02a58362o0100o
58362.28094,-23.409,15.545,-2,24,o,0,0.75,219.42633,2.2845,9604.94,9358.55,2.47,2.36,67.3,-0.44,19.07,20.09,02a58362o0120o
58364.24261,20.001,0.908,36,33,o,0,1.63,219.42633,2.2845,7658.02,1594.63,4.41,3.9,-6.3,-0.335,18.26,19.83,01a58364o0008o
58364.25279,19.471,0.544,59,32,o,0,10.23,219.42633,2.2845,7679.23,1633.24,4.01,3.66,-7,-0.388,18.57,19.89,01a58364o0030o
58364.26155,-21.658,3.652,-8,29,o,0,1.78,219.42633,2.2845,7618.75,1558.31,3.74,3.49,-13.3,-0.387,18.49,19.83,01a58364o0049o
58364.27128,-20.488,1.29,-23,30,o,0,3.55,219.42633,2.2845,7603.25,1677.19,3.95,3.57,-4.4,-0.377,18.36,19.8,01a58364o0070o
58366.2397,25.879,134,0,22,o,0,1.41,219.42633,2.2845,2683.83,9511.33,2.77,2.48,-58.4,-0.429,18.95,20.01,02a58366o0004o
58366.25005,19.714,0.507,47,24,o,0,1.4,219.42633,2.2845,2663.2,9470.25,2.82,2.59,-48.5,-0.439,18.99,20.09,02a58366o0026o
58366.26009,19.221,0.262,74,20,o,0,1.7,219.42633,2.2845,2719.75,9547.72,2.53,2.37,34.5,-0.468,19.09,20.06,02a58366o0047o
58370.23421,20.166,0.779,31,24,o,0,1.85,219.42633,2.2845,1824.84,9219.4,2.45,2.02,-60.2,-0.427,18.97,19.74,02a58370o0026o
58370.24426,21.149,1.58,13,20,o,0,1.62,219.42633,2.2845,1802.15,9180.62,2.44,1.99,-58.6,-0.405,19.11,20.02,02a58370o0047o
58370.25413,19.702,0.434,48,21,o,0,1.31,219.42633,2.2845,1859.17,9257.43,2.17,1.96,-32.4,-0.486,19.17,20,02a58370o0068o
58370.26391,21.356,2.063,10,22,o,0,1.9,219.42633,2.2845,1879.9,9138.21,2.25,1.95,-46,-0.457,19.05,19.93,02a58370o0089o
58372.23417,19.856,0.657,42,27,o,0,1.33,219.42633,2.2845,9063.78,315.32,3.2,2.84,-77.5,-0.459,18.8,19.99,01a58372o0059o
58372.24456,-20.077,0.673,-34,23,o,0,1.78,219.42633,2.2845,9085.23,357.03,3.06,2.67,-80.7,-0.475,18.89,20.12,01a58372o0081o
58372.25353,-19.844,0.593,-42,25,o,0,1.82,219.42633,2.2845,9025.97,281.51,3.43,3,-88.5,-0.461,18.7,20.06,01a58372o0100o
58376.22096,-19.878,1.065,-41,43,o,0,1.18,219.42633,2.2845,9794.62,2649.51,3.58,3.16,-4.1,-0.419,18.05,18.84,01a58376o0003o
58376.22758,20.973,2.067,15,31,o,0,1.59,219.42633,2.2845,9731.13,2572.08,3.36,3.06,-8.7,-0.41,18.45,19.32,01a58376o0017o
58376.22804,-19.017,0.591,-90,53,o,0,3.88,219.42633,2.2845,59.3,2746.57,4.11,3.32,-10.6,-0.321,18.54,19.47,01a58376o0018o
58376.23645,22.851,11.1,3,29,o,0,1.67,219.42633,2.2845,9713.4,2691.26,3.43,3.19,-11.1,-0.406,18.49,19.46,01a58376o0036o
58376.23738,-18.846,0.386,-105,41,o,0,1.49,219.42633,2.2845,81.87,2784.79,4.12,3.66,-4.2,-0.347,18.46,19.63,01a58376o0038o
58468.6641,19.013,0.943,90,85,o,0,0.96,219.42633,2.2845,4852.73,4316.5,3.89,3.14,-1.2,-0.405,17.19,17.98,01a58468o0989o
58470.66351,22.307,5.316,4,23,o,0,2.26,219.42633,2.2845,6111.27,8579.53,2.15,2.07,1.6,-0.489,19.01,19.66,02a58470o0984o
58470.67202,-21.891,29.967,-6,191,o,0,1.26,219.42633,2.2845,6127.93,8615.43,2.09,2,-22.2,-0.478,17.93,17.72,02a58470o1001o
58472.66689,19.169,0.714,78,56,o,0,1.39,219.42633,2.2845,953.32,4312.56,3.34,2.88,-89,-0.457,17.85,18.56,01a58472o0996o
58476.66271,21.293,4.66,11,51,o,0,1.03,219.42633,2.2845,4866.18,8146.07,3.31,3,-80.1,-0.441,18.29,19.19,01a58476o0995o
58476.6715,-18.681,3.283,-122,402,o,0,0.91,219.42633,2.2845,4845.11,8085.03,3.63,3.06,-79.9,-0.521,16.95,17.44,01a58476o1012o
58482.66276,-12.872,2.435,-25779,62765,o,0,1.11,219.42633,2.2845,6132.96,825.98,27.35,12.21,0,-0.136,12.16,12.17,02a58482o0628o
58482.67185,18.202,1.783,190,339,o,0,0.85,219.42633,2.2845,6152.26,865.22,2.45,2.31,-74.5,-0.463,15.71,15.78,02a58482o0645o
58494.65004,21.23,1.376,12,16,c,0,0.88,219.42633,2.2845,4206.75,4709.7,2.5,2.41,-60.1,-0.403,19.59,21.4,02a58494o0941c
58494.65812,20.623,0.839,20,17,c,0,0.7,219.42633,2.2845,4223.13,4750.15,2.52,2.39,-63.4,-0.405,19.57,21.36,02a58494o0958c
58494.66632,19.766,0.349,45,16,c,0,1.16,219.42633,2.2845,4164.81,4674.16,2.57,2.38,-55.2,-0.398,19.42,20.92,02a58494o0975c
58494.67445,19.921,0.765,39,30,c,0,1.1,219.42633,2.2845,4146.37,4790.8,2.5,2.38,-58.9,-0.412,18.46,19.32,02a58494o0992c
58500.67413,20.273,4.359,28,123,o,0,1.65,219.42633,2.2845,2932.97,7934.88,3.5,3.18,-84.9,-0.447,17.72,18.35,01a58500o0993o
58504.66507,20.932,2.918,15,45,o,0,2.16,219.42633,2.2845,8741.01,7894.04,4.65,3.3,-83,-0.36,18.39,19.4,01a58504o0963o
58504.67472,-18.593,1.852,-133,246,o,0,1.04,219.42633,2.2845,8722.66,7820.46,4.73,3.62,-83,-0.392,17.32,17.93,01a58504o0981o
58506.60145,20.994,1.592,14,23,o,0,0.87,219.42633,2.2845,8062.54,4704.75,2.06,1.96,-70.2,-0.497,19.1,19.56,02a58506o0844o
58506.60935,-20.917,1.093,-16,17,o,0,1.62,219.42633,2.2845,8078.23,4745.15,2.48,2.07,-52.6,-0.421,19.08,19.6,02a58506o0861o
58506.61631,21.213,1.9,12,23,o,0,1,219.42633,2.2845,8020.67,4668.37,2.51,2.12,-53.3,-0.449,19.05,19.63,02a58506o0876o
58506.62669,19.413,0.321,62,20,o,0,1.49,219.42633,2.2845,8002.63,4786.66,2.29,2,-58,-0.436,19.13,19.69,02a58506o0891o
58508.60644,20.149,0.863,32,27,o,0,1.31,219.42633,2.2845,2896.23,4205.8,3.06,2.83,88.9,-0.463,18.72,19.76,01a58508o0843o
58508.61447,19.696,0.556,48,27,o,0,1.32,219.42633,2.2845,2878.51,4144.92,2.97,2.92,54.5,-0.462,18.72,19.79,01a58508o0860o
58508.62246,19.402,0.356,63,22,o,0,1.97,219.42633,2.2845,2938.99,4198.65,2.93,2.87,9.9,-0.462,18.8,19.83,01a58508o0877o
58508.63103,22.454,6,4,23,o,0,1.4,219.42633,2.2845,2958.56,4055.51,2.97,2.8,83,-0.464,18.83,19.86,01a58508o0893o
58510.61856,16.405,2.592,995,2579,o,0,3.3,219.42633,2.2845,9991,10520.95,2.64,2.12,34.9,-0.418,19.14,19.87,02a58510o0876o
58512.61751,19.932,0.504,39,20,o,0,4.14,219.42633,2.2845,558.05,5908.6,4.05,3.65,-87.6,-0.376,18.93,20.81,01a58512o0871o
58512.6257,20.596,0.986,21,21,o,0,1.8,219.42633,2.2845,538.91,5870.32,3.91,3.45,-86.1,-0.393,18.99,20.84,01a58512o0888o
58512.62908,21.175,1.897,12,23,o,0,1.99,219.42633,2.2845,10263.6,5803.83,5.41,3.73,-84.6,-0.366,18.94,20.77,01a58512o0895o
58512.63387,22.875,7.333,3,19,o,0,2.11,219.42633,2.2845,599.09,5947.81,3.92,3.4,-89.5,-0.386,19.01,20.88,01a58512o0905o
58512.63744,20.624,1.136,20,23,o,0,2.57,219.42633,2.2845,10247.06,5766.59,5.55,4.03,-81.8,-0.356,18.9,20.8,01a58512o0912o
58512.64426,-21.092,1.413,-13,19,o,0,2.57,219.42633,2.2845,619.21,5834.45,3.97,3.41,89.7,-0.384,19.03,20.91,01a58512o0922o
58512.64787,-19.06,0.286,-86,25,o,0,3.32,219.42633,2.2845,10306.44,5844.12,5.4,3.79,-81.5,-0.36,19.02,20.82,01a58512o0929o
58512.65823,16.335,0.027,1062,29,o,0,106.96,219.42633,2.2845,10324.7,5726.33,5.22,3.6,-82.4,-0.367,19.08,20.81,01a58512o0946o
58516.61761,-22.629,4.6,-3,15,o,0,0.91,219.42633,2.2845,2444.5,47.05,3.23,3.06,13.6,-0.404,19.36,21.47,01a58516o0741o
58516.61901,19.901,0.446,40,18,o,0,1.69,219.42633,2.2845,2538.21,9774.83,3.73,3.55,-50,-0.408,19.25,21.41,01a58516o0744o
58516.6332,-20.591,0.699,-21,15,o,0,2.26,219.42633,2.2845,2519.76,9738.7,3.58,3.28,-74.8,-0.409,19.37,21.49,01a58516o0774o
58516.64251,-19.942,0.475,-38,18,o,0,5.24,219.42633,2.2845,2579.44,9816.65,4.64,3.77,-8.1,-0.384,19.12,21.46,01a58516o0794o
58516.64346,-20.39,0.642,-25,16,o,0,1.63,219.42633,2.2845,2481.84,90.2,3.17,2.98,15,-0.422,19.39,21.57,01a58516o0796o
58516.64651,-20.74,0.771,-18,14,o,0,2.13,219.42633,2.2845,2597.75,9699.63,3.59,3.4,-52.3,-0.401,19.31,21.49,01a58516o0802o
58518.63712,0,21.169,0,12,c,0,1.4,219.42633,2.2845,6125.47,6644.82,2.4,2.34,14.7,-0.453,19.8,21.81,02a58518o0863c
58518.64599,22.628,2.963,3,10,c,0,2.04,219.42633,2.2845,6144.39,6684.75,2.4,2.34,12.7,-0.449,19.8,21.79,02a58518o0881c
58518.65418,19.658,0.217,50,11,c,0,1.77,219.42633,2.2845,6083.93,6607.71,2.49,2.41,20.4,-0.451,19.77,21.77,02a58518o0898c
58518.66304,-22.028,2.065,-6,12,c,0,1.63,219.42633,2.2845,6063.74,6725.86,2.46,2.37,15.7,-0.444,19.73,21.53,02a58518o0916c
58520.61928,-22.38,3.619,-4,15,o,0,1.88,219.42633,2.2845,4414.23,1989.78,3,2.87,87.2,-0.452,19.42,21.62,01a58520o0666o
58520.62253,21.358,1.192,10,12,o,0,2.43,219.42633,2.2845,4393.31,1950.77,3.12,2.87,86.8,-0.446,19.43,21.61,01a58520o0673o
58520.63145,20.341,0.53,26,14,o,0,1.73,219.42633,2.2845,4452.14,2028.69,3.06,2.94,83.1,-0.437,19.45,21.61,01a58520o0692o
58522.63778,20.119,0.363,32,12,c,0,1.72,219.42633,2.2845,9970,6721.28,2.6,2.52,61.2,-0.45,19.8,21.81,02a58522o0005c
58522.63875,19.533,0.252,56,14,c,0,1.37,219.42633,2.2845,280.46,6605.61,2.47,2.36,12.2,-0.405,19.79,21.8,02a58522o0007c
58522.64758,19.431,0.221,61,14,c,0,1.12,219.42633,2.2845,258.68,6722.44,2.53,2.42,20.1,-0.383,19.77,21.79,02a58522o0025c
58528.60367,-22.875,6.375,-3,16,o,0,2.82,219.42633,2.2845,8289.84,3888.52,4.59,3.17,-87.3,-0.405,19.33,21.59,01a58528o0591o
58528.61249,20.298,0.604,28,17,o,0,2.83,219.42633,2.2845,8270.25,3849.92,4.44,3.11,-87.8,-0.402,19.34,21.6,01a58528o0609o
58528.62073,20.031,0.415,35,15,o,0,2.91,219.42633,2.2845,8329.44,3927,4.43,3.05,-86.7,-0.409,19.38,21.62,01a58528o0626o
58528.62962,19.398,0.252,63,16,o,0,3.22,219.42633,2.2845,8347.06,3810.38,4.39,3.28,-85.6,-0.396,19.35,21.63,01a58528o0644o
58532.61727,-20.146,1.014,-32,32,o,0,1.87,219.42633,2.2845,4486.28,9752.17,5.48,4.07,-3.4,-0.344,18.37,19.86,01a58532o0834o
58532.62808,20.13,0.89,32,29,o,0,1.73,219.42633,2.2845,6052.33,862.6,3.59,2.99,1.6,-0.427,18.62,19.9,01a58532o0856o
58532.63557,20.244,1.022,29,30,o,0,1.72,219.42633,2.2845,5992.9,784.69,4.81,3,1.5,-0.443,18.47,19.92,01a58532o0872o
58532.63746,21.429,6.391,10,62,o,0,1.55,219.42633,2.2845,6117.9,10498.07,4.8,4.39,-31.6,-0.346,18.55,19.97,01a58532o0876o
58532.64554,-22.843,9.75,-3,26,o,0,2.99,219.42633,2.2845,5978.22,900.52,4.69,3.12,1.3,-0.429,18.5,19.99,01a58532o0891o
58536.536,19.428,0.532,62,33,o,0,1.31,219.42633,2.2845,6344.94,1969.31,3.35,3.31,-84.2,-0.444,18.25,19.19,01a58536o0613o
58536.54414,-20.88,1.924,-16,31,o,0,1.08,219.42633,2.2845,6323.44,1933.05,3.07,2.98,-81.4,-0.441,18.4,19.21,01a58536o0630o
58536.55232,19.028,0.446,89,40,o,0,0.81,219.42633,2.2845,6382.05,2011.28,3.03,2.96,-81.9,-0.432,18.4,19.21,01a58536o0647o
58536.56053,21.328,3.282,11,35,o,0,1.36,219.42633,2.2845,6399.93,1894.91,3.57,3.49,-87.8,-0.413,18.28,19.27,01a58536o0664o
58540.57881,-21.185,1.537,-12,19,o,0,1.65,219.42633,2.2845,6807.61,7860.4,3.49,3.09,-89.8,-0.411,19.22,20.74,01a58540o0729o
58540.58693,19.305,0.236,69,16,o,0,2.29,219.42633,2.2845,6788.42,7791.13,3.68,3.23,89,-0.399,19.15,20.74,01a58540o0746o
58540.59497,19.813,0.405,43,18,o,0,2.15,219.42633,2.2845,6849,7838.6,3.6,3.1,86.9,-0.41,19.2,20.75,01a58540o0763o
58540.60302,20.112,0.574,33,19,o,0,1.91,219.42633,2.2845,6868.3,7691.41,3.6,3.07,-89,-0.411,19.24,20.75,01a58540o0780o
58544.57734,20.758,0.802,18,14,o,0,2.13,219.42633,2.2845,6376.57,5840.77,3.29,3.01,89.5,-0.426,19.39,21.25,01a58544o0696o
58544.58676,21.918,2.483,6,15,o,0,1.62,219.42633,2.2845,6355.36,5803.15,3.25,3.14,-78.4,-0.411,19.38,21.24,01a58544o0714o
58544.59493,19.514,0.243,57,14,o,0,2.41,219.42633,2.2845,6410.91,5882.94,3.27,3.06,86,-0.421,19.36,21.25,01a58544o0731o
58544.60366,22.092,2.625,5,14,o,0,2.62,219.42633,2.2845,6428.4,5766.83,3.31,3.19,81.5,-0.411,19.34,21.23,01a58544o0749o
58556.54527,20.109,0.447,33,15,o,0,1.67,219.42633,2.2845,2503.13,5885.82,2.85,2.76,-20.4,-0.468,19.51,21.42,01a58556o0678o
58556.55536,21.631,1.744,8,14,o,0,1.8,219.42633,2.2845,8044.63,4709.31,3.01,2.86,-75.4,-0.444,19.52,21.44,01a58556o0696o
58556.56445,19.868,0.382,41,16,o,0,2.18,219.42633,2.2845,7987.35,4631.74,3.08,2.97,-86.9,-0.44,19.47,21.42,01a58556o0713o
58556.57444,-20.803,0.901,-17,16,o,0,1.85,219.42633,2.2845,7969.91,4749.22,3.23,3.1,-85.3,-0.429,19.43,21.39,01a58556o0731o
58560.51658,-20.286,1.578,-28,44,o,0,1.7,219.42633,2.2845,470.93,55.65,3.13,2.99,-6.1,-0.516,18.96,20.11,01a58560o0639o
58560.51842,19.77,0.488,45,22,o,0,1.86,219.42633,2.2845,572.19,9811.16,2.88,2.68,-72.8,-0.509,18.9,20.06,01a58560o0643o
58560.52588,19.858,0.625,41,26,o,0,1.17,219.42633,2.2845,10320.68,9702.07,3.23,2.75,85,-0.461,18.89,20.07,01a58560o0659o
58560.52865,-23.948,27.167,-1,26,o,0,1.36,219.42633,2.2845,551.87,9773.04,2.66,2.48,-75.4,-0.552,18.96,20.07,01a58560o0665o
58560.52958,20.463,0.973,24,23,o,0,1.67,219.42633,2.2845,611.53,9851.24,2.64,2.45,-73.6,-0.552,18.95,20.07,01a58560o0667o
58560.53244,-21.127,1.97,-13,25,o,0,1.25,219.42633,2.2845,10300.31,9662.21,3.22,2.68,83.4,-0.465,18.94,20.08,01a58560o0673o
58560.5329,-19.754,0.618,-46,28,o,0,1.39,219.42633,2.2845,509.05,97.55,3,2.87,-9.3,-0.498,19.01,20.11,01a58560o0674o
58560.5393,22.003,3.895,6,22,o,0,2.08,219.42633,2.2845,632.1,9734.51,2.57,2.42,-76.1,-0.554,18.93,20.09,01a58560o0687o
58560.54087,-20.028,0.743,-35,26,o,0,1.16,219.42633,2.2845,10362.86,9741.9,3.08,2.6,83.6,-0.489,18.98,20.09,01a58560o0690o
58560.54927,-20.705,1.226,-19,23,o,0,1.07,219.42633,2.2845,10380.31,9623.83,3.04,2.57,80.6,-0.488,19.01,20.12,01a58560o0707o
58566.54212,19.681,1.813,49,88,o,0,1.27,219.42633,2.2845,2484.49,9703.17,2.34,1.99,-37,-0.491,17.95,17.96,02a58566o0682o
58566.55086,-20.037,2.581,-35,91,o,0,1.14,219.42633,2.2845,2562.32,59,2.95,1.98,-45,-0.429,17.54,17.73,02a58566o0698o
58566.55131,18.537,0.662,140,92,o,0,0.77,219.42633,2.2845,2539.12,9785.69,2.42,2.01,-41.6,-0.424,17.39,17.21,02a58566o0699o
58566.56353,20.711,2.684,19,51,o,0,1.05,219.42633,2.2845,2552.83,9665.92,2.14,1.93,-46,-0.498,18.21,18.22,02a58566o0725o
58568.52808,19.342,0.366,66,24,o,0,1.89,219.42633,2.2845,6106.3,6643.16,2.85,2.78,-71.3,-0.465,19.04,20.19,01a58568o0653o
58568.53691,19.928,0.587,39,23,o,0,1.56,219.42633,2.2845,6127.44,6679.86,2.89,2.8,-74.3,-0.463,19.03,20.18,01a58568o0671o
58568.54565,-21.487,2.132,-9,20,o,0,2.46,219.42633,2.2845,6069.3,6601.31,2.86,2.77,-69.2,-0.464,19.02,20.16,01a58568o0688o
58568.55511,18.893,0.25,101,25,o,0,2.21,219.42633,2.2845,6054.29,6717.52,3,2.95,74.9,-0.441,18.98,20.18,01a58568o0706o
58570.5287,20.426,0.707,24,17,o,0,1.43,219.42633,2.2845,4470.65,1974.66,2.41,1.94,-47.6,-0.426,19.48,20.82,02a58570o0516o
58570.5375,20.171,0.457,31,14,o,0,2.31,219.42633,2.2845,4450.07,1939.22,2.37,2,-47,-0.433,19.52,20.84,02a58570o0534o
58570.54673,19.506,0.272,57,16,o,0,1.49,219.42633,2.2845,4506.23,2018.91,2.31,1.95,-48.4,-0.431,19.5,20.74,02a58570o0553o
58570.55565,19.583,0.252,53,13,o,0,2.53,219.42633,2.2845,4522.98,1903.49,2.39,1.97,-46.8,-0.435,19.49,20.77,02a58570o0571o
58572.51628,21.666,1.977,8,16,o,0,2,219.42633,2.2845,10012.54,6576.74,2.91,2.7,88.4,-0.463,19.49,21.39,01a58572o0629o
58572.52504,19.586,0.304,53,16,o,0,1.81,219.42633,2.2845,10033.62,6613.45,2.91,2.79,89.1,-0.458,19.52,21.45,01a58572o0647o
58572.52597,19.877,0.438,41,18,o,0,1.33,219.42633,2.2845,304.32,6741.2,2.68,2.56,-77.2,-0.456,19.49,21.45,01a58572o0649o
58572.53327,20.535,0.621,22,14,o,0,3.25,219.42633,2.2845,9974.37,6534.38,3.02,2.84,87.2,-0.449,19.52,21.51,01a58572o0664o
58572.53471,20.121,0.475,32,15,o,0,1.83,219.42633,2.2845,325.5,6778.18,2.94,2.85,-20.9,-0.42,19.45,21.52,01a58572o0667o
58572.54271,-20.952,0.972,-15,15,o,0,2.46,219.42633,2.2845,9959.89,6649.96,3.13,3.04,56,-0.434,19.45,21.47,01a58572o0682o
58572.54365,15.958,0.009,1502,13,o,0,471.94,219.42633,2.2845,267.68,6698.68,2.72,2.67,-57.5,-0.449,19.51,21.5,01a58572o0684o
58572.55315,19.771,0.366,45,16,o,0,2.15,219.42633,2.2845,252.27,6815.06,2.9,2.74,1.2,-0.425,19.43,21.44,01a58572o0702o
58576.51277,19.9,0.379,40,15,o,0,2.31,219.42633,2.2845,6066.23,2770.75,3.11,2.86,-10.9,-0.442,19.43,21.24,01a58576o0603o
58576.52153,19.528,0.262,56,15,o,0,1.97,219.42633,2.2845,6086.57,2807.6,3.04,2.77,-10.9,-0.449,19.45,21.24,01a58576o0621o
58576.52972,22.327,3.571,4,15,o,0,1.55,219.42633,2.2845,6028.52,2729.42,3.13,2.94,-2.5,-0.445,19.4,21.21,01a58576o0638o
58576.53842,20.961,1.051,15,16,o,0,1.25,219.42633,2.2845,6011.98,2844.28,3.05,2.86,-3.8,-0.448,19.46,21.23,01a58576o0656o
58578.51993,22.408,2.516,4,10,c,0,2.06,219.42633,2.2845,8319.48,3918.35,2.49,2.41,68.9,-0.392,19.69,21.73,02a58578o0632c
58578.52923,20.676,0.504,20,10,c,0,1.78,219.42633,2.2845,8297.99,3880.78,2.62,2.48,78.9,-0.387,19.69,21.75,02a58578o0651c
58578.53846,-24.33,15.2,-1,10,c,0,1.7,219.42633,2.2845,8352.16,3959.28,2.56,2.46,88.6,-0.388,19.73,21.72,02a58578o0670c
58578.5477,20.958,0.733,15,11,c,0,1.49,219.42633,2.2845,8370.21,3844.31,2.47,2.36,-88.7,-0.397,19.68,21.73,02a58578o0689c
58580.5072,19.711,0.416,47,20,o,0,3.83,219.42633,2.2845,2288.25,8647.49,3.37,3.2,-66.8,-0.434,19.16,20.83,01a58580o0332o
58580.51613,19.927,0.482,39,19,o,0,3.09,219.42633,2.2845,2310.6,8684.28,3.74,3.57,-8.9,-0.408,19.06,20.87,01a58580o0350o
58580.52553,-19.61,0.371,-52,19,o,0,3.11,219.42633,2.2845,2252.15,8605.99,3.78,3.73,-86.9,-0.404,19.04,20.86,01a58580o0369o
58580.53448,19.372,0.265,65,17,o,0,2.45,219.42633,2.2845,2235.01,8721.94,2.95,2.88,-72.3,-0.458,19.28,20.88,01a58580o0387o
58582.50764,21.093,1.402,13,19,c,0,0.7,219.42633,2.2845,4436.92,9731.45,2.68,2.53,-37.1,-0.412,19.64,21.59,02a58582o0600c
58582.51719,-20.975,0.989,-15,15,c,0,1.57,219.42633,2.2845,4415.84,9692.82,2.77,2.56,-47.6,-0.416,19.57,21.53,02a58582o0619c
58582.52648,-21.191,1.177,-12,14,c,0,1.44,219.42633,2.2845,4472.83,9772.66,2.7,2.51,-45.6,-0.412,19.62,21.54,02a58582o0638c
58582.52842,-19.396,0.283,-63,18,c,0,1.48,219.42633,2.2845,4517.05,61.91,2.89,2.38,-46.6,-0.37,19.66,21.57,02a58582o0642c
58582.53572,21.31,1.394,11,15,c,0,1.21,219.42633,2.2845,4490.04,9655.79,2.7,2.51,-43.7,-0.418,19.6,21.5,02a58582o0657c
58584.49284,-20.077,0.838,-34,28,o,0,2.25,219.42633,2.2845,8079.75,8546.82,4.29,3.19,-0.1,-0.401,18.67,20.72,01a58584o0441o
58584.5018,-24.224,31.5,-1,23,o,0,2.02,219.42633,2.2845,8101.67,8584.01,3.83,3.3,1.6,-0.376,18.87,20.83,01a58584o0459o
58584.51127,-23.38,9.625,-2,16,o,0,2.43,219.42633,2.2845,8042.37,8505.65,3.14,2.86,-85.2,-0.427,19.39,21.22,01a58584o0478o
58584.52007,21.446,1.652,10,16,o,0,3.18,219.42633,2.2845,8025.83,8621.74,3.19,3.04,-83.1,-0.414,19.44,21.25,01a58584o0496o
58588.48114,-21.61,2.525,-8,21,o,0,2.17,219.42633,2.2845,9949.11,2685.72,3.13,3.02,-68.8,-0.433,19,20.17,01a58588o0529o
58588.48996,-20.802,1.17,-17,20,o,0,2.18,219.42633,2.2845,9970.17,2722.71,3.03,2.97,-45.8,-0.435,18.99,20.14,01a58588o0547o
58588.49291,-19.189,0.255,-77,20,o,0,2.25,219.42633,2.2845,230.57,2847.51,3.09,2.98,13.7,-0.456,18.95,20.22,01a58588o0553o
58588.49822,-20.279,0.732,-28,20,o,0,1.86,219.42633,2.2845,9911.41,2644.73,3.09,3.02,-34.1,-0.432,18.97,20.14,01a58588o0564o
58588.50168,-19.168,0.311,-78,24,o,0,1.66,219.42633,2.2845,251.94,2885.2,3.02,2.9,1.6,-0.468,18.97,20.18,01a58588o0571o
58588.507,19.498,0.431,58,25,o,0,1.38,219.42633,2.2845,9894.27,2761.37,3.09,3.07,-39.6,-0.437,18.95,20.11,01a58588o0582o
58588.50992,-18.718,0.193,-118,23,o,0,1.72,219.42633,2.2845,193.48,2807.61,3.02,2.93,12.5,-0.455,18.98,20.18,01a58588o0588o
58588.51867,-19.516,0.425,-57,24,o,0,1.75,219.42633,2.2845,176.01,2923,2.99,2.95,-16.9,-0.455,18.97,20.18,01a58588o0606o
58590.47871,22.287,6.861,4,30,o,0,1.01,219.42633,2.2845,6377.62,7783.76,2.31,2.09,46.9,-0.452,18.55,18.95,02a58590o0541o
58590.48875,-20.542,1.393,-22,31,o,0,1.58,219.42633,2.2845,6357.49,7747.99,2.24,2.11,59.3,-0.449,18.52,18.94,02a58590o0562o
58590.49895,19.926,0.654,39,25,o,0,2.12,219.42633,2.2845,6414.13,7826.15,2.23,2.08,52.3,-0.453,18.58,18.93,02a58590o0583o
58590.50894,-19.996,0.917,-36,33,o,0,1.33,219.42633,2.2845,6431.82,7710.34,2.25,2.07,56.2,-0.458,18.57,18.92,02a58590o0604o
58596.47435,20.888,1.779,16,28,o,0,1.59,219.42633,2.2845,10058.64,8515.04,3.4,2.89,3.4,-0.403,18.87,20.14,01a58596o0530o
58596.48332,22.965,9.692,2,23,o,0,2.06,219.42633,2.2845,10079.93,8552.86,2.95,2.85,11.6,-0.437,18.95,20.14,01a58596o0548o
58596.48446,20.22,0.886,30,26,o,0,1.21,219.42633,2.2845,330.7,8681.81,2.84,2.55,-10.1,-0.455,18.92,20.1,01a58596o0550o
58596.49297,20.65,1.336,20,27,o,0,1.51,219.42633,2.2845,10019.37,8474.18,2.73,2.49,84.1,-0.488,19,20.13,01a58596o0567o
58596.49345,-20.004,0.741,-36,27,o,0,1.35,219.42633,2.2845,351.55,8719.14,2.86,2.57,-14.2,-0.469,18.92,20.11,01a58596o0568o
58596.50204,19.42,0.369,62,23,o,0,1.73,219.42633,2.2845,10002.96,8590.73,2.78,2.5,84.3,-0.512,18.99,20.1,01a58596o0585o
58596.50308,20.788,1.159,18,20,o,0,2.66,219.42633,2.2845,292.24,8640.56,2.48,2.31,-67.1,-0.511,18.96,20.09,01a58596o0587o
58596.51218,19.805,0.543,44,24,o,0,1.63,219.42633,2.2845,274.2,8757.09,2.52,2.36,-73.4,-0.518,18.96,20.08,01a58596o0605o
58598.4247,21.688,2.472,8,19,o,0,1.33,219.42633,2.2845,6033.18,279.23,3.41,2.88,-21.1,-0.421,19.24,20.66,01a58598o0434o
58598.42516,20.478,0.827,23,19,o,0,1.41,219.42633,2.2845,6145.55,9990.74,2.78,2.65,-15.2,-0.488,19.22,20.6,01a58598o0435o
58598.42596,20.012,0.548,36,20,o,0,1.44,219.42633,2.2845,4479.71,10260.66,2.41,1.95,-51.7,-0.441,19.46,20.56,02a58598o0431o
58598.42642,20.394,0.86,25,22,o,0,0.89,219.42633,2.2845,4485.91,546.44,2.06,1.81,-51.2,-0.462,19.44,20.5,02a58598o0432o
58598.45455,-21.306,1.604,-11,18,o,0,1.88,219.42633,2.2845,3788.52,1170.23,3.28,2.89,-9.1,-0.425,19.19,20.52,01a58598o0492o
58598.45604,20.471,0.93,24,22,o,0,1.47,219.42633,2.2845,6695.22,9426.99,2.28,2.14,45.6,-0.447,19.35,20.27,02a58598o0489o
58598.48288,21.09,1.436,13,19,o,0,2.22,219.42633,2.2845,4678.4,1448.36,3.62,3.11,-14.2,-0.414,19.1,20.52,01a58598o0546o
58598.48478,-20.783,0.944,-18,17,o,0,3.19,219.42633,2.2845,5804.25,9125.16,2.36,2.04,54.4,-0.444,19.29,20.23,02a58598o0543o
58598.52493,19.611,0.423,52,22,o,0,3.14,219.42633,2.2845,3492.04,284.68,3.6,3.14,-25.3,-0.363,19.09,20.37,01a58598o0622o
58598.5254,-21.19,1.514,-12,18,o,0,1.97,219.42633,2.2845,3656.08,10000.32,2.72,2.6,-53.4,-0.492,19.14,20.42,01a58598o0623o
58598.52836,21.796,3.264,7,23,o,0,1.18,219.42633,2.2845,6968.38,10310.43,2.28,2.1,68.5,-0.482,19.26,20.14,02a58598o0619o
58598.52881,19.593,0.346,53,18,o,0,1.78,219.42633,2.2845,6974.97,591.68,2.15,1.76,-48.8,-0.485,19.29,20.19,02a58598o0620o
58598.58023,22.629,7.5,3,24,o,0,1.28,219.42633,2.2845,5110.83,9679.17,3.01,2.98,-32.9,-0.445,18.87,20.07,01a58598o0714o
58598.58452,20.282,0.76,28,21,o,0,1.52,219.42633,2.2845,5517.53,883.62,2.08,1.94,81.3,-0.425,19.12,19.85,02a58598o0711o
58600.4609,20.431,0.623,24,15,o,0,3.74,219.42633,2.2845,8007.38,2727.63,3.29,3.02,-6.3,-0.414,19.41,21.26,01a58600o0370o
58600.46983,20.838,0.915,17,15,o,0,1.94,219.42633,2.2845,8027.31,2764.77,3.16,2.98,-13.3,-0.422,19.39,21.24,01a58600o0388o
58600.4781,-22.217,3.857,-5,18,o,0,2.13,219.42633,2.2845,7970.93,2687.72,3.26,2.98,0.2,-0.416,19.29,21.02,01a58600o0405o
58600.48694,19.618,0.31,52,16,o,0,2.25,219.42633,2.2845,7954.1,2804.29,3.18,2.91,-6.6,-0.419,19.28,20.89,01a58600o0423o
58604.46703,-21.631,2,-8,16,o,0,1.28,219.42633,2.2845,2192.3,2820.36,2.99,2.65,2,-0.456,19.32,20.93,01a58604o0492o
58604.47581,19.532,0.265,56,15,o,0,2.44,219.42633,2.2845,2212.89,2857.84,2.7,2.62,8.2,-0.479,19.4,21.06,01a58604o0510o
58604.48523,-20.031,0.476,-35,17,o,0,2.12,219.42633,2.2845,2153.26,2779.78,2.71,2.66,11,-0.478,19.43,21.04,01a58604o0529o
58604.49409,21.539,1.6,9,14,o,0,2.44,219.42633,2.2845,2137.18,2895.57,2.79,2.74,-66.2,-0.464,19.38,21.05,01a58604o0547o
58610.46064,-22.784,4.696,-3,13,c,0,1.04,219.42633,2.2845,523.45,9761.35,2.42,2.21,-48,-0.446,19.75,21.58,02a58610o0459c
58610.46826,20.221,0.381,30,11,c,0,1.77,219.42633,2.2845,10278.38,9771.82,2.91,2.67,-57,-0.379,19.8,21.61,02a58610o0475c
58610.46973,-23.916,13,-1,13,c,0,1.13,219.42633,2.2845,504.95,9722.33,2.47,2.2,-47.2,-0.44,19.77,21.58,02a58610o0478c
58610.47742,19.678,0.232,49,11,c,0,1.41,219.42633,2.2845,10257.59,9732.99,2.84,2.71,-62.6,-0.378,19.73,21.58,02a58610o0494c
58610.47896,20.07,0.473,34,16,c,0,0.95,219.42633,2.2845,564.95,9800.91,2.43,2.19,-47.3,-0.442,19.77,21.55,02a58610o0497c
58610.48093,-23.119,7.2,-2,15,c,0,1.3,219.42633,2.2845,585.9,48.6,2.81,2.3,-51.8,-0.409,19.75,21.59,02a58610o0501c
58610.48831,21.304,1.071,11,12,c,0,1.85,219.42633,2.2845,587.55,9682.12,2.52,2.25,-46.2,-0.431,19.75,21.51,02a58610o0516c
58610.49073,-19.386,0.453,-64,29,c,0,0.78,219.42633,2.2845,10354.11,52.44,2.77,2.06,-49.8,-0.492,19.78,21.6,02a58610o0521c
58610.49621,20.046,0.33,35,12,c,0,1.72,219.42633,2.2845,10339.16,9693.81,2.95,2.65,-51.3,-0.375,19.72,21.5,02a58610o0532c
58612.40731,20.408,0.69,25,17,o,0,1.84,219.42633,2.2845,690.56,10010.15,2.57,2.46,-61.3,-0.551,19.26,20.75,01a58612o0371o
58612.41663,20.36,0.862,26,22,o,0,1.01,219.42633,2.2845,668.82,9970.01,2.72,2.56,-67.5,-0.531,19.2,20.72,01a58612o0389o
58612.41895,20.232,0.661,29,19,o,0,2.61,219.42633,2.2845,9782.44,495.55,3.58,3.15,-19.6,-0.405,19.18,20.75,01a58612o0393o
58612.44027,21.307,1.8,11,20,o,0,1.32,219.42633,2.2845,9766.8,610.48,3.34,2.99,-19.8,-0.416,19.25,20.76,01a58612o0436o
58613.43001,20.606,0.75,21,16,o,0,2.18,219.42633,2.2845,6119.86,302.37,2.16,1.83,-51.3,-0.481,19.62,20.82,02a58613o0414o
58613.43412,19.781,0.397,44,18,o,0,1.62,219.42633,2.2845,6112.91,10015.56,2.31,2.26,-64.6,-0.449,19.57,20.73,02a58613o0422o
58613.44233,-22.811,5.958,-3,16,o,0,1.79,219.42633,2.2845,6691.7,9428.95,2.27,2.16,88.6,-0.452,19.58,20.73,02a58613o0439o
58613.4492,-20.17,0.585,-31,18,o,0,1.5,219.42633,2.2845,5817.49,9136.04,2.22,2.12,71.7,-0.448,19.59,20.65,02a58613o0454o
58613.45884,19.804,0.365,44,16,o,0,1.43,219.42633,2.2845,6985.85,596.68,2.01,1.79,-57.1,-0.486,19.55,20.67,02a58613o0475o
58613.46487,-22.114,3.047,-5,16,o,0,2.22,219.42633,2.2845,6979.98,10313.3,2.41,2.12,-56.2,-0.435,19.54,20.69,02a58613o0488o
58613.47149,20.674,0.756,20,15,o,0,1.98,219.42633,2.2845,5527.45,890.96,2.07,1.91,-53.5,-0.465,19.58,20.73,02a58613o0501o
58613.48811,-23.626,15,-1,19,o,0,1.47,219.42633,2.2845,7265.54,8846.96,2.32,2.14,52,-0.443,19.56,20.62,02a58613o0536o
58613.49318,20.691,0.821,19,16,o,0,2.19,219.42633,2.2845,6393.26,9721.78,2.29,2.19,-54.1,-0.452,19.54,20.64,02a58613o0547o
58613.50016,20.196,0.496,30,15,o,0,1.88,219.42633,2.2845,6394.63,9721.87,2.28,2.12,-54.3,-0.449,19.52,20.63,02a58613o0562o
58614.40331,24.32,21.286,1,14,o,0,1.63,219.42633,2.2845,10309.3,2848.83,2.28,1.78,-55.6,-0.487,19.62,20.7,02a58614o0370o
58614.40377,20.426,0.841,24,21,o,0,0.95,219.42633,2.2845,163.86,2841.08,2.36,1.84,-52.4,-0.407,19.62,20.71,02a58614o0371o
58614.40667,19.698,0.329,48,16,o,0,1.65,219.42633,2.2845,270.68,7669.72,2.18,1.88,-43.8,-0.437,19.59,20.73,02a58614o0377o
58614.41506,21.218,1.51,12,18,o,0,1.24,219.42633,2.2845,10415.44,7675.05,2.46,2.17,-58.1,-0.444,19.57,20.74,02a58614o0394o
58614.42011,24.306,27.333,1,19,o,0,1.98,219.42633,2.2845,10475.74,7754.43,2.31,2.18,-52.1,-0.441,19.57,20.74,02a58614o0404o
58614.42057,19.885,0.371,40,15,o,0,1.65,219.42633,2.2845,327.1,7749.16,2.04,1.85,-44.5,-0.454,19.61,20.73,02a58614o0405o
58614.43172,19.796,0.366,44,16,o,0,2.54,219.42633,2.2845,10492.4,7638.71,2.26,2.22,-65.8,-0.436,19.59,20.77,02a58614o0428o
58614.43219,21.75,3.244,7,24,o,0,1.16,219.42633,2.2845,344.53,7631.95,2.07,1.85,-47,-0.452,19.61,20.77,02a58614o0429o
58618.37503,20.174,0.768,31,24,o,0,2.25,219.42633,2.2845,431.31,8679.25,2.14,1.73,-42,-0.446,19.1,19.53,02a58618o0305o
58618.37897,21.305,2.52,11,28,o,0,0.75,219.42633,2.2845,448.68,8724.05,2.06,1.88,-18.3,-0.445,18.99,19.53,02a58618o0313o
58618.38508,-20.086,0.824,-34,28,o,0,1.19,219.42633,2.2845,392.01,8641.77,2.17,1.6,-46.3,-0.486,19.09,19.54,02a58618o0326o
58618.39851,-21.191,2.368,-12,29,o,0,0.91,219.42633,2.2845,369.87,8759.81,2.4,1.67,-48.8,-0.486,19.02,19.53,02a58618o0354o
58624.44647,20.027,0.731,35,26,o,0,2.37,219.42633,2.2845,3995.7,936.17,3.5,2.98,-17.9,-0.397,18.73,19.78,01a58624o0467o
58624.44926,-22.6,7.867,-3,26,o,0,1.74,219.42633,2.2845,4015.73,974.09,3.44,2.93,-19.4,-0.408,18.79,19.77,01a58624o0473o
58624.45449,20.419,0.959,25,24,o,0,1.88,219.42633,2.2845,3956.18,898.24,3.28,2.82,-17.2,-0.412,18.8,19.76,01a58624o0484o
58624.46525,-20.324,1.031,-27,28,o,0,1.39,219.42633,2.2845,3939.57,1014.37,3.29,2.86,-18.3,-0.413,18.78,19.71,01a58624o0507o
58626.42284,21.718,2.047,8,15,o,0,2.62,219.42633,2.2845,8370.75,5868.59,2.42,2.1,49.6,-0.424,19.33,20.32,02a58626o0418o
58626.42561,20.569,0.823,22,18,o,0,1.34,219.42633,2.2845,8351.03,5829.63,2.49,2.18,49.3,-0.414,19.33,20.31,02a58626o0424o
58626.43221,20.226,0.475,30,14,o,0,2.72,219.42633,2.2845,8409.07,5906.38,2.4,2.03,47.8,-0.423,19.37,20.27,02a58626o0438o
58626.45007,-20.378,0.628,-26,16,o,0,1.79,219.42633,2.2845,8423.76,5789.18,2.36,2.02,44.6,-0.427,19.36,20.21,02a58626o0475o
58628.36857,-21.259,1.5,-11,17,o,0,4.62,219.42633,2.2845,3982.24,952.29,5.28,2.95,-1.9,-0.399,19.13,21.31,01a58628o0302o
58628.37134,16.495,0.031,916,28,o,0,83.18,219.42633,2.2845,4002.85,990.81,7.09,2.9,-0.2,-0.425,18.97,21.28,01a58628o0308o
58628.3893,-19.722,0.387,-47,18,o,0,2.22,219.42633,2.2845,3946.13,908.69,4.47,2.9,-1.2,-0.398,19.2,21.21,01a58628o0346o
58628.39656,-19.871,0.408,-41,17,o,0,2.97,219.42633,2.2845,3928.91,1025.9,4.86,3.18,0.3,-0.388,19.11,21.19,01a58628o0361o
58630.37489,-25.184,37.667,0,12,o,0,3.98,219.42633,2.2845,8379.55,5863.03,2.14,2,59.7,-0.445,19.66,21.01,02a58630o0313o
58630.37765,20.324,0.478,27,13,o,0,2.94,219.42633,2.2845,8360.9,5826.07,2.14,1.98,56.5,-0.438,19.65,21,02a58630o0319o
58630.38419,19.604,0.255,52,13,o,0,2.07,219.42633,2.2845,8418.01,5904.48,2.21,1.96,48.9,-0.443,19.63,20.98,02a58630o0331o
58630.39402,20.37,0.628,26,16,o,0,1.81,219.42633,2.2845,8437.77,5789.83,2.14,2.01,62.9,-0.441,19.69,20.96,02a58630o0352o
58632.39914,19.569,0.252,54,14,o,0,2.43,219.42633,2.2845,4114.55,4631.12,3.08,2.96,12.1,-0.437,19.41,21.27,01a58632o0328o
58632.4019,20.636,0.635,20,13,o,0,3.1,219.42633,2.2845,4134.18,4670.5,3.03,2.9,28.3,-0.449,19.41,21.23,01a58632o0334o
58632.40708,-20.104,0.43,-33,14,o,0,2.06,219.42633,2.2845,4075.27,4592.95,2.96,2.91,13.5,-0.45,19.43,21.28,01a58632o0345o
58632.41786,20.538,0.68,22,15,o,0,1.97,219.42633,2.2845,4059.12,4708.86,2.81,2.79,-5.8,-0.462,19.43,21.21,01a58632o0368o
58634.38545,20.536,0.506,22,11,c,0,1.73,219.42633,2.2845,8280.33,3924.31,2.58,2.48,63.6,-0.39,19.76,21.7,02a58634o0333c
58634.3882,20.223,0.487,30,14,c,0,0.82,219.42633,2.2845,8262.93,3891.7,2.54,2.43,76.5,-0.395,19.73,21.7,02a58634o0339c
58634.39335,21.048,0.716,14,10,c,0,1.71,219.42633,2.2845,8319.71,3966.9,2.51,2.42,71.3,-0.392,19.77,21.7,02a58634o0350c
58634.40357,20.347,0.517,26,14,c,0,1.11,219.42633,2.2845,8337.35,3851,2.53,2.42,-82.4,-0.396,19.77,21.71,02a58634o0372c
58636.37071,21.189,1.25,12,15,o,0,2.11,219.42633,2.2845,4107.91,4629.26,2.97,2.63,0.6,-0.467,19.38,21.02,01a58636o0282o
58636.37349,20.561,0.711,22,15,o,0,1.62,219.42633,2.2845,4128.35,4668.54,3.16,2.67,2.7,-0.45,19.35,21.01,01a58636o0288o
58636.37913,-21.587,1.902,-8,16,o,0,2.24,219.42633,2.2845,4071.32,4591.68,3.24,2.87,4.8,-0.438,19.3,20.98,01a58636o0300o
58636.39069,21.024,1.103,14,16,o,0,2.38,219.42633,2.2845,4055.85,4708.07,3.16,2.97,-2,-0.436,19.25,20.94,01a58636o0325o
58642.35838,19.628,0.373,51,19,c,0,0.56,219.42633,2.2845,100.99,3823.96,2.49,2.3,-55.9,-0.377,19.65,21.43,02a58642o0271c
58642.3618,-17.64,0.402,-319,128,c,0,0.2,219.42633,2.2845,80.5,3784.39,2.53,2.28,-53.5,-0.384,19.66,21.43,02a58642o0278c
58642.36737,20.466,0.568,24,13,c,0,1.35,219.42633,2.2845,138.98,3859.71,2.54,2.29,-53.2,-0.38,19.68,21.46,02a58642o0290c
58642.36966,20.319,0.411,27,11,c,0,1.79,219.42633,2.2845,10238.52,3828.24,2.65,2.33,-59.5,-0.42,19.74,21.52,02a58642o0295c
58642.37241,21.178,1.033,12,13,c,0,1.4,219.42633,2.2845,10218.97,3789.53,2.68,2.33,-59.5,-0.426,19.7,21.53,02a58642o0301c
58642.37848,20.29,0.461,28,13,c,0,1.13,219.42633,2.2845,10274.38,3865.51,2.67,2.35,-60.2,-0.423,19.71,21.56,02a58642o0314c
58642.37946,20.388,0.473,25,12,c,0,1.11,219.42633,2.2845,158.36,3745.4,2.46,2.26,-58.7,-0.403,19.68,21.53,02a58642o0316c
58642.38833,-24.881,25.667,0,10,c,0,1.47,219.42633,2.2845,10291.18,3749.21,2.64,2.34,-58.3,-0.418,19.71,21.63,02a58642o0335c
58644.32917,21.403,1.792,10,18,o,0,1.56,219.42633,2.2845,8144.34,1950.76,3.26,2.91,-14.4,-0.411,19.26,20.72,01a58644o0186o
58644.33199,23.225,9.778,2,18,o,0,1.47,219.42633,2.2845,8122.89,1912.19,3.25,2.91,-19,-0.414,19.27,20.72,01a58644o0192o
58644.33916,19.58,0.327,53,18,o,0,1.97,219.42633,2.2845,2372.46,8595.22,2.65,2.58,-45.4,-0.495,19.27,20.68,01a58644o0207o
58644.35789,21.01,1.341,14,19,o,0,1.85,219.42633,2.2845,2358.08,8711.17,2.66,2.6,-68.2,-0.496,19.28,20.66,01a58644o0246o
58650.39413,21.372,2.723,10,28,o,0,1.66,219.42633,2.2845,6512.84,7899.46,2.3,1.94,48.5,-0.468,18.7,19,02a58650o0346o
58650.39786,19.772,0.71,45,32,o,0,1.23,219.42633,2.2845,6493.26,7861.06,2.46,1.92,49,-0.429,18.69,18.98,02a58650o0354o
58650.40298,18.915,0.539,99,53,o,0,1.68,219.42633,2.2845,6554.24,7936.4,2.29,1.97,50.8,-0.484,18.68,18.96,02a58650o0365o
58650.41269,22.229,7,5,33,o,0,1.26,219.42633,2.2845,6573.74,7819.65,2.38,1.98,50.6,-0.473,18.62,18.92,02a58650o0386o
58652.34591,19.215,0.392,75,29,o,0,1.89,219.42633,2.2845,6301.25,8361.18,3.09,2.76,2.3,-0.448,18.75,19.78,01a58652o0227o
58652.34914,19.514,0.432,57,24,o,0,2.28,219.42633,2.2845,6321.26,8399.42,3.01,2.76,4,-0.456,18.72,19.77,01a58652o0234o
58652.35474,21.151,2.465,13,31,o,0,1.83,219.42633,2.2845,6262.06,8322.28,2.77,2.75,86.1,-0.484,18.75,19.76,01a58652o0246o
58652.36517,20.789,1.947,18,34,o,0,1.48,219.42633,2.2845,6246.2,8437.9,2.87,2.84,22.4,-0.456,18.71,19.73,01a58652o0268o
58654.34919,-20.234,0.746,-29,22,o,0,1.32,219.42633,2.2845,6526.3,7890.32,2.29,2.2,65.2,-0.45,19.35,20.22,02a58654o0244o
58654.35239,20.26,0.655,29,19,o,0,1.56,219.42633,2.2845,6507.3,7850.71,2.34,2.22,58.6,-0.44,19.28,20.19,02a58654o0251o
58654.35758,21.149,1.536,13,19,o,0,2.21,219.42633,2.2845,6564.79,7931.1,2.25,2.1,53.6,-0.441,19.31,20.12,02a58654o0262o
58654.36956,19.935,0.582,38,22,o,0,2.09,219.42633,2.2845,6584.09,7815.32,2.3,2.17,59.2,-0.435,18.88,19.47,02a58654o0288o
58656.36951,19.96,0.419,38,16,o,0,3.02,219.42633,2.2845,2045.72,2807.77,3.11,2.84,-10.4,-0.426,19.31,20.97,01a58656o0243o
58656.37321,19.585,0.303,53,16,o,0,1.91,219.42633,2.2845,2066.12,2846.07,3.04,2.75,-15.7,-0.433,19.34,20.89,01a58656o0251o
58656.3798,20.411,0.804,25,20,o,0,1.22,219.42633,2.2845,2009.45,2770.19,3.5,2.88,-5.4,-0.417,19.21,20.74,01a58656o0265o
58656.38976,22.293,4,4,18,o,0,2.84,219.42633,2.2845,1993.75,2888.86,3.18,2.81,1.1,-0.432,19.16,20.58,01a58656o0286o
58658.37834,21.746,2.39,7,17,o,0,1.81,219.42633,2.2845,6231.93,2083.37,2.09,2,89.2,-0.439,19.36,20.61,02a58658o0239o
58658.38156,20.709,0.79,19,15,o,0,2.07,219.42633,2.2845,6213.01,2044.13,2.07,1.97,79.3,-0.445,19.41,20.71,02a58658o0246o
58658.38757,19.3,0.242,69,17,o,0,1.52,219.42633,2.2845,6270.32,2121.76,2.09,1.98,69.7,-0.44,19.54,20.86,02a58658o0259o
58658.39908,20.052,0.425,35,15,o,0,1.85,219.42633,2.2845,6290.11,2005.03,2,1.95,80,-0.439,19.48,20.79,02a58658o0284o
58660.32883,19.419,0.209,62,13,o,0,2.76,219.42633,2.2845,2038.89,2808.43,3.14,2.8,-15.2,-0.419,19.47,21.31,01a58660o0182o
58660.33209,20.171,0.614,31,19,o,0,1.35,219.42633,2.2845,2059.16,2847.4,3.14,2.75,-9.3,-0.504,19.44,21.26,01a58660o0189o
58660.33722,19.72,0.367,47,17,o,0,1.68,219.42633,2.2845,1999.88,2770.6,3.07,2.78,-14.1,-0.43,19.49,21.27,01a58660o0200o
58660.3484,20.118,0.442,33,14,o,0,2.27,219.42633,2.2845,1983.45,2885.38,3.23,2.82,-18.3,-0.411,19.45,21.24,01a58660o0224o
58664.38801,20.248,0.58,29,17,o,0,2.13,219.42633,2.2845,8533.22,6771.54,2.97,2.88,5.7,-0.426,19.3,21.03,01a58664o0171o
58664.39126,19.504,0.265,57,15,o,0,2.58,219.42633,2.2845,8553.27,6810.33,2.86,2.76,-0.7,-0.443,19.35,21.03,01a58664o0178o
58664.39681,20.782,1.022,18,18,o,0,1.61,219.42633,2.2845,8493.44,6735.02,2.95,2.82,6.3,-0.434,19.33,21,01a58664o0190o
58664.40663,19.637,0.297,51,15,o,0,2.51,219.42633,2.2845,8475.05,6853.19,2.92,2.79,-1.5,-0.436,19.3,21.01,01a58664o0211o
58666.31862,20.209,0.416,30,12,c,0,1.33,219.42633,2.2845,2146.38,5666.76,2.46,2.42,69.7,-0.408,19.73,21.66,02a58666o0176c
58666.32148,21.122,0.79,13,10,c,0,1.55,219.42633,2.2845,2126.73,5629.44,2.55,2.39,51.6,-0.367,19.73,21.69,02a58666o0182c
58666.32656,22.957,5.263,2,12,c,0,1.04,219.42633,2.2845,2184.9,5706.39,2.54,2.36,52.7,-0.398,19.77,21.7,02a58666o0193c
58666.33632,-23.07,4.722,-2,10,c,0,1.87,219.42633,2.2845,2204.61,5588.87,2.4,2.35,87.5,-0.41,19.79,21.7,02a58666o0214c
58668.31065,19.579,0.267,54,14,o,0,3.26,219.42633,2.2845,7870.08,6748.87,2.96,2.85,22.7,-0.428,19.39,21.16,01a58668o0144o
58668.31387,19.566,0.293,54,16,o,0,2.66,219.42633,2.2845,7890.86,6800.26,2.92,2.81,41.7,-0.433,19.4,21.15,01a58668o0151o
58668.31948,20.871,0.874,16,14,o,0,2.43,219.42633,2.2845,7835.24,6744.57,2.95,2.84,22.7,-0.43,19.37,21.15,01a58668o0163o
58668.3316,19.931,0.36,39,14,o,0,2.26,219.42633,2.2845,7821.06,6907.38,2.91,2.77,57.1,-0.435,19.38,21.09,01a58668o0189o
58670.24403,19.04,0.796,88,70,o,0,1.38,219.42633,2.2845,2456.9,3740.18,3.79,3.22,-15.7,-0.38,17.59,18.19,01a58670o0004o
58670.24936,20.096,1.061,33,35,o,0,2.12,219.42633,2.2845,7859.14,6564.09,3.56,2.92,-1.2,-0.387,18.55,19.63,01a58670o0015o
58670.2534,20.507,0.731,23,17,o,0,4.2,219.42633,2.2845,7802.41,6504.78,3.97,2.87,0.3,-0.384,18.97,20.43,01a58670o0023o
58670.26506,16.3,0.013,1096,14,o,0,178.58,219.42633,2.2845,7789.71,6666.43,3.21,2.78,3.1,-0.415,19.37,21.2,01a58670o0047o
58673.3944,20.691,1.344,19,26,o,0,1.86,219.42633,2.2845,7714.69,3229.19,3.84,3.55,-14,-0.376,18.59,19.87,01a58673o0006o
58673.39763,-20.492,1.07,-23,25,o,0,1.75,219.42633,2.2845,7736.13,3276.75,3.66,3.29,-9.4,-0.384,18.68,19.85,01a58673o0013o
58673.40638,-25.446,103,0,25,o,0,1.52,219.42633,2.2845,7681.47,3224.9,3.42,3.08,-9.8,-0.399,18.8,19.9,01a58673o0032o
58673.42034,-20.889,1.533,-16,25,o,0,1.8,219.42633,2.2845,7669.12,3380.57,3.5,3.27,-17.2,-0.397,18.68,19.92,01a58673o0062o
58678.31804,20.234,0.748,29,22,o,0,1.71,219.42633,2.2845,1956.39,1784.92,2.16,2.04,-67.4,-0.45,18.98,19.58,02a58678o0175o
58678.32348,22.242,5.25,5,24,o,0,1,219.42633,2.2845,1935.78,1745.89,2.3,2.13,-64.3,-0.449,18.95,19.57,02a58678o0186o
58678.32681,-19.646,0.435,-50,22,o,0,1.69,219.42633,2.2845,1994.74,1824.2,2.34,2.2,-63.8,-0.473,18.89,19.56,02a58678o0193o
58678.33702,-21.64,2.721,-8,22,o,0,1.58,219.42633,2.2845,2013.86,1707.38,2.28,2.16,-67.3,-0.47,18.89,19.5,02a58678o0214o
58680.35691,-20.315,1.753,-27,48,o,0,0.95,219.42633,2.2845,4242.39,6547.41,2.99,2.73,-13.5,-0.436,18.45,19.25,01a58680o0236o
58680.36017,-20.855,2.322,-16,38,o,0,1.43,219.42633,2.2845,4262.04,6584.93,2.99,2.68,-13.8,-0.442,18.45,19.24,01a58680o0243o
58680.36573,20.885,2.705,16,44,o,0,1.21,219.42633,2.2845,4202.53,6508.88,2.94,2.68,-15.6,-0.446,18.44,19.21,01a58680o0255o
58680.37556,20.656,2.475,20,49,o,0,1.78,219.42633,2.2845,4184.62,6626.6,3.06,2.79,-13.4,-0.431,18.34,19.12,01a58680o0276o
58682.31945,20.311,0.676,27,18,o,0,1.9,219.42633,2.2845,8430.02,9565.78,2.48,2.14,50.6,-0.435,19.02,19.63,02a58682o0175o
58682.32313,21.189,1.915,12,23,o,0,1.08,219.42633,2.2845,8411.06,9526.41,2.3,2.13,59.7,-0.438,19.11,19.63,02a58682o0183o
58682.32968,22.855,8.5,3,22,o,0,1.65,219.42633,2.2845,8471.08,9604.78,2.32,2.21,60.4,-0.427,19.05,19.61,02a58682o0197o
58682.34009,19.366,0.404,65,26,o,0,1.27,219.42633,2.2845,8491.32,9487.31,2.44,2.35,53.2,-0.418,18.93,19.53,02a58682o0219o
58684.29102,20.401,0.574,25,14,o,0,2.25,219.42633,2.2845,4236.41,6555.57,2.87,2.65,-13.6,-0.434,19.4,20.96,01a58684o0125o
58684.29426,19.024,0.201,89,18,o,0,1.72,219.42633,2.2845,4257.39,6593.66,2.86,2.69,-12.8,-0.433,19.39,20.98,01a58684o0132o
58684.29944,20.324,0.537,27,14,o,0,3.1,219.42633,2.2845,4197.97,6516.87,2.79,2.61,-16.2,-0.441,19.39,20.91,01a58684o0143o
58684.31068,19.907,0.465,40,18,o,0,2.12,219.42633,2.2845,4181.84,6631.8,2.78,2.62,-15.4,-0.446,19.31,20.58,01a58684o0167o
58686.31089,20.743,1.146,18,21,o,0,1.72,219.42633,2.2845,8432.2,9560.07,2.37,2.25,84.8,-0.432,19.12,20.29,02a58686o0160o
58686.31419,19.269,0.312,71,22,o,0,1.46,219.42633,2.2845,8412.04,9521.03,2.33,2.21,85.2,-0.427,19.12,20.3,02a58686o0167o
58686.3207,22.219,3.75,5,18,o,0,2.02,219.42633,2.2845,8471.36,9601.79,2.38,2.19,-67.6,-0.429,19.36,20.55,02a58686o0181o
58686.33046,-20.877,1.256,-16,20,o,0,1.17,219.42633,2.2845,8490.69,9483.25,2.27,2.21,-88.3,-0.44,19.41,20.6,02a58686o0202o
58688.32114,-20.492,0.782,-23,18,o,0,2.96,219.42633,2.2845,7881.26,665.09,3.85,3.2,-17.1,-0.389,19.36,21.26,01a58688o0157o
58688.32436,23.609,12.6,1,16,o,0,2.96,219.42633,2.2845,7900.91,703.85,3.82,3.18,-16.9,-0.386,19.38,21.22,01a58688o0164o
58688.32992,22.091,2.667,5,14,o,0,3.19,219.42633,2.2845,7840.11,628.51,3.41,2.95,-23.3,-0.411,19.44,21.17,01a58688o0176o
58688.34099,-20.622,0.713,-20,15,o,0,3.86,219.42633,2.2845,7823.04,746.73,3.53,3.03,-21.5,-0.404,19.35,21.13,01a58688o0200o
58690.29973,19.282,0.214,70,15,o,0,1.38,219.42633,2.2845,4501,6049.72,2.49,1.87,49.4,-0.419,19.65,20.99,02a58690o0120o
58690.30295,20.129,0.51,32,16,o,0,2.55,219.42633,2.2845,4482.32,6011.07,2.46,1.89,47.5,-0.417,19.64,20.98,02a58690o0127o
58690.30853,20.249,0.52,29,15,o,0,1.51,219.42633,2.2845,4538.79,6087.69,2.68,1.96,46.7,-0.404,19.66,21.02,02a58690o0139o
58690.31929,23.087,6.5,2,14,o,0,2.77,219.42633,2.2845,4559.25,5973.08,2.23,1.83,49.9,-0.437,19.68,21.07,02a58690o0162o
58692.27162,21.638,2.081,8,17,o,0,3.2,219.42633,2.2845,7869.12,662.11,3.48,2.9,-14.3,-0.406,19.41,20.99,01a58692o0089o
58692.27485,19.967,0.489,37,18,o,0,2.46,219.42633,2.2845,7889.8,701.43,3.37,2.9,-16.8,-0.407,19.44,20.98,01a58692o0096o
58692.28184,19.961,0.393,38,15,o,0,2.71,219.42633,2.2845,7831.55,624.6,3.38,2.9,-17.8,-0.412,19.44,20.99,01a58692o0111o
58692.29246,20.524,0.832,22,19,o,0,1.79,219.42633,2.2845,7812.11,743.36,3.22,2.81,-19.9,-0.421,19.44,21,01a58692o0134o
58694.28764,20.186,0.397,31,12,c,0,1.35,219.42633,2.2845,4493.86,6050.05,2.54,2.48,-88.5,-0.389,19.64,21.61,02a58694o0117c
58694.29226,-20.821,0.883,-17,15,c,0,1.01,219.42633,2.2845,4475.02,6011.18,2.61,2.53,89.8,-0.396,19.6,21.6,02a58694o0126c
58694.29814,20.485,0.543,23,13,c,0,1.48,219.42633,2.2845,4532.9,6088.64,2.55,2.45,69,-0.393,19.66,21.6,02a58694o0138c
58694.30899,20.997,0.828,14,12,c,0,2.17,219.42633,2.2845,4553.7,5972.51,2.62,2.55,-12.6,-0.402,19.55,21.56,02a58694o0160c
58696.30079,-19.773,0.377,-45,17,o,0,3.08,219.42633,2.2845,5934.04,799.38,3.74,3.36,-18.7,-0.409,19.22,21.04,01a58696o0125o
58696.30403,19.385,0.298,64,19,o,0,2.58,219.42633,2.2845,5953.71,839.19,3.7,3.3,-18.2,-0.403,19.2,20.99,01a58696o0132o
58696.30958,-19.568,0.343,-54,18,o,0,2.57,219.42633,2.2845,5894.81,762.21,3.94,3.67,-22.5,-0.377,19.09,21,01a58696o0144o
58696.31977,25.43,78,0,19,o,0,1.52,219.42633,2.2845,5876.24,880.37,3.48,3.19,-19.4,-0.408,19.21,20.92,01a58696o0166o
58700.26997,20.059,0.522,34,18,o,0,3.19,219.42633,2.2845,5929.96,798.43,3.31,2.93,-9.1,-0.433,19.27,20.76,01a58700o0090o
58700.2778,-20.759,0.989,-18,18,o,0,1.8,219.42633,2.2845,5951.6,837.31,3.15,2.82,-7.8,-0.439,19.31,20.73,01a58700o0106o
58700.28102,21.143,1.5,13,19,o,0,1.77,219.42633,2.2845,5891.2,760.81,3.36,2.91,-16.1,-0.426,19.29,20.72,01a58700o0113o
58704.27977,19.912,0.631,39,25,o,0,1.78,219.42633,2.2845,10235.05,2760.99,3.42,2.81,-6.2,-0.411,18.76,19.76,01a58704o0099o
58704.28306,19.522,0.483,56,27,o,0,2.5,219.42633,2.2845,10255.51,2799.64,3.51,2.84,-5.3,-0.404,18.72,19.73,01a58704o0106o
58704.28863,19.583,0.481,53,26,o,0,1.44,219.42633,2.2845,10195.26,2724.39,3.35,2.77,-9.3,-0.417,18.72,19.69,01a58704o0118o
58704.29048,-19.794,0.813,-44,36,o,0,1.05,219.42633,2.2845,93.51,2921.12,3.25,2.76,-20.1,-0.432,18.71,19.71,01a58704o0122o
58704.29328,0,20.321,0,27,o,0,1.68,219.42633,2.2845,113.24,2960.94,2.96,2.61,-24.4,-0.462,18.78,19.7,01a58704o0128o
58704.29928,-19.395,0.68,-63,43,o,0,1.57,219.42633,2.2845,52.66,2881.63,3.15,2.73,-21.3,-0.422,18.69,19.67,01a58704o0141o
58704.29974,19.222,0.376,74,28,o,0,1.25,219.42633,2.2845,10176.11,2844.35,3.27,2.82,-10.5,-0.427,18.64,19.62,01a58704o0142o
58704.30962,20.256,2.012,29,58,o,0,0.43,219.42633,2.2845,31.51,2999.67,2.75,2.62,-28.5,-0.494,18.73,19.61,01a58704o0163o
58706.28497,-17.72,3.886,-296,1152,c,0,0.7,219.42633,2.2845,4403.55,4127.95,2.97,2.58,42.7,-0.414,14.68,15.4,02a58706o0129c
58706.2882,21.726,50.917,7,377,c,0,0.71,219.42633,2.2845,4384.82,4088.32,2.97,2.46,46,-0.387,15.76,16.48,02a58706o0136c
58706.2938,-17.122,0.443,-514,228,c,0,1.28,219.42633,2.2845,4442.97,4165.37,2.99,2.47,46.2,-0.394,16.04,16.68,02a58706o0148c
58706.30364,17.896,1.409,252,355,c,0,1.01,219.42633,2.2845,4462.9,4049.1,2.97,2.44,44,-0.38,15.53,16.22,02a58706o0169c
58708.24118,-17.676,3.536,-309,1092,o,0,1.31,219.42633,2.2845,10224.51,2756.68,3.25,2.62,-7.6,-0.415,13.88,14.74,01a58708o0040o
58708.24575,17.381,0.507,405,205,o,0,1.15,219.42633,2.2845,10244.41,2795.84,3.37,2.72,-5.1,-0.456,15.93,16.81,01a58708o0049o
58708.25109,19.367,0.404,65,26,o,0,1.4,219.42633,2.2845,10185.55,2720.9,3.15,2.75,-6.8,-0.431,18.75,19.73,01a58708o0060o
58708.25529,20.154,0.923,32,29,o,0,1.48,219.42633,2.2845,82.56,2922.12,3.09,2.68,-19.7,-0.467,18.74,19.72,01a58708o0068o
58708.26048,-19.825,0.99,-43,42,o,0,1.03,219.42633,2.2845,102.34,2959.72,2.99,2.64,-22.6,-0.472,18.17,19.02,01a58708o0078o
58708.26279,-19.853,0.901,-42,37,o,0,1.46,219.42633,2.2845,10167.25,2838.74,3.33,2.84,-8.6,-0.409,18.35,19.19,01a58708o0083o
58708.26374,-19.959,1.312,-38,50,o,0,1,219.42633,2.2845,42.49,2882.34,3.12,2.71,-18.6,-0.451,18.45,19.32,01a58708o0085o
58712.29993,19.036,0.713,88,63,o,0,1.17,219.42633,2.2845,457.17,8751.89,3.14,2.94,-39,-0.458,18.24,19.15,01a58712o0162o
58712.30542,19.443,1.408,61,85,o,0,1.57,219.42633,2.2845,478.48,8793.2,4.37,4.21,-34,-0.412,17.81,19.04,01a58712o0173o
58712.30865,18.68,0.576,122,71,o,0,1.57,219.42633,2.2845,420.14,8716.95,3.5,3.3,-46.4,-0.426,18,19.01,01a58712o0180o
58712.32014,-18.336,0.838,-168,141,o,0,1.35,219.42633,2.2845,401.07,8832.45,4.24,4.01,-48.4,-0.457,17.73,18.87,01a58712o0203o
58730.23938,-22.351,7.708,-4,32,c,0,1.14,219.42633,2.2845,6490.39,9654.65,2.9,2.67,57,-0.386,18.71,19.85,02a58730o0058c
58730.24774,20.543,1.185,22,26,c,0,2.14,219.42633,2.2845,6471.19,9613.91,2.79,2.6,62.1,-0.389,18.79,19.89,02a58730o0075c
58730.25095,20.247,1.039,29,30,c,0,0.96,219.42633,2.2845,6531.44,9691.83,2.76,2.6,55.1,-0.393,18.75,19.87,02a58730o0082c
58730.26224,20.343,0.994,26,26,c,0,1.6,219.42633,2.2845,6550.25,9575.03,2.8,2.58,-54.9,-0.407,18.7,19.79,02a58730o0105c
58738.24021,17.083,2.157,533,1149,o,0,1.11,219.42633,2.2845,6481.92,6001.28,3.01,2.06,34,-0.453,14.62,14.68,02a58738o0069o
58738.25055,-17.425,1.51,-389,588,o,0,1.61,219.42633,2.2845,6501.71,5883.94,2.67,2.05,35.9,-0.465,14.77,14.77,02a58738o0090o
58746.21213,18.281,5.119,177,906,o,0,1.32,219.42633,2.2845,8204.78,1992.51,2.15,2.03,35.4,-0.42,15.2,15.35,02a58746o0020o
58746.21535,18.02,0.68,225,153,o,0,1.34,219.42633,2.2845,8186.09,1953.1,2.1,1.98,34.7,-0.42,16.92,17.34,02a58746o0027o
58746.22086,-19.357,1.836,-66,120,o,0,0.89,219.42633,2.2845,8244.63,2029.83,2.15,2.01,31.3,-0.405,16.96,17.56,02a58746o0039o
58746.23192,-18.125,0.963,-204,196,o,0,0.9,219.42633,2.2845,8265.2,1912.83,2.27,2.11,30.8,-0.4,16.38,17.13,02a58746o0063o
58844.65947,20.298,0.522,28,14,o,0,2.33,219.42633,2.2845,8213.87,1981.1,2.19,2.01,-72.8,-0.408,19.37,20.22,01a58844o0969o
58844.66258,-21.879,3.564,-6,23,o,0,1.55,219.42633,2.2845,8191.53,1940.25,2.72,2,88.7,-0.432,18.91,19.64,01a58844o0975o
58844.66397,20.215,0.817,30,24,o,0,1.71,219.42633,2.2845,8249.67,2017.66,2.68,2.06,88.1,-0.421,18.75,19.29,01a58844o0978o
58844.6703,19.865,1.771,41,73,o,0,0.9,219.42633,2.2845,8268.77,1900.07,2.65,2.17,-88.2,-0.437,17.63,17.39,01a58844o0991o
58846.65152,-20.341,0.598,-26,16,c,0,2.47,219.42633,2.2845,10463.31,6733.98,3.58,3.29,-59.4,-0.361,19.39,21.4,02a58846o0971c
58846.65198,-22.374,3.933,-4,16,c,0,2.14,219.42633,2.2845,327.24,6735.21,3.79,3.37,-47.9,-0.36,19.2,21.34,02a58846o0972c
58846.655,19.734,0.458,46,21,c,0,4.49,219.42633,2.2845,10487.81,6771.8,3.66,3.29,-58.3,-0.389,19.37,21.38,02a58846o0978c
58846.65546,24.023,20.5,1,18,c,0,1.38,219.42633,2.2845,350.97,6772.56,3.46,3.07,-46.4,-0.351,19.29,21.3,02a58846o0979c
58846.6602,20.343,0.661,26,18,c,0,1.32,219.42633,2.2845,10425.58,6696.25,3.47,3.18,-54.6,-0.379,19.35,21.22,02a58846o0988c
58846.66065,19.743,0.367,46,17,c,0,2.39,219.42633,2.2845,290.4,6697.03,3.4,2.91,-49.7,-0.359,19.23,21.11,02a58846o0989c
58846.66303,-20.894,1.172,-16,19,c,0,1.9,219.42633,2.2845,10408.28,6812.52,3.71,3.5,-51.8,-0.381,19.15,21,02a58846o0994c
58846.66349,-19.841,0.356,-42,15,c,0,2.51,219.42633,2.2845,272.15,6813.03,3.43,2.92,-48.1,-0.351,19.12,20.84,02a58846o0995c
58850.64679,22.175,3.157,5,16,o,0,1.04,219.42633,2.2845,4040.55,2664.81,2.07,1.89,35.6,-0.45,19.59,20.94,02a58850o0936o
58850.65,20.376,0.448,26,12,o,0,2.22,219.42633,2.2845,4059.79,2703.38,2.07,1.87,38.5,-0.451,19.61,20.94,02a58850o0943o
58850.66649,19.747,0.496,46,23,o,0,0.84,219.42633,2.2845,3998.88,2627.01,2.09,1.92,35.3,-0.453,19.26,20.12,02a58850o0977o
58850.67221,19.575,0.773,54,42,o,0,0.69,219.42633,2.2845,3986.84,2742.66,2.01,1.82,26.8,-0.463,18.31,18.68,02a58850o0989o
58852.65623,20.915,1.16,16,18,o,0,1.3,219.42633,2.2845,4324.82,2179.07,3.2,2.99,73.4,-0.363,19.09,20.68,01a58852o0935o
58852.65952,19.967,0.465,37,17,o,0,1.53,219.42633,2.2845,4305.33,2140.47,2.94,2.83,46.4,-0.348,19.12,20.54,01a58852o0942o
58852.66237,-22.307,4.435,-4,19,o,0,1.33,219.42633,2.2845,4365.01,2219.63,3.1,3,50.9,-0.374,18.99,20.27,01a58852o0948o
58852.66527,20.497,0.944,23,22,o,0,1.31,219.42633,2.2845,4381.99,2101.92,2.96,2.76,76.1,-0.361,18.84,19.81,01a58852o0954o
58866.63213,-21.911,3.207,-6,20,o,0,1.25,219.42633,2.2845,8432.27,4888.31,2.17,2.12,-4.1,-0.419,19.19,19.94,02a58866o0706o
58866.635,22.426,4.108,4,16,o,0,1.92,219.42633,2.2845,8452.32,4930.8,2.19,2.07,9.9,-0.413,19.21,19.96,02a58866o0712o
58866.64102,20.328,0.613,27,16,o,0,1.6,219.42633,2.2845,8392.12,4851.67,2.09,2.03,8.3,-0.421,19.27,19.97,02a58866o0724o
58866.65243,20.252,0.646,29,19,o,0,1.25,219.42633,2.2845,8375.68,4970.28,2.16,2.14,-83.3,-0.422,19.24,19.99,02a58866o0747o
58866.67218,21.004,1.569,14,23,o,0,1.48,219.42633,2.2845,8406.33,4915.8,2.09,2.07,-69.3,-0.419,19.02,19.49,02a58866o0785o
58868.62245,19.692,0.306,48,15,o,0,2.3,219.42633,2.2845,2076.24,3733.94,2.85,2.18,83.6,-0.404,19.43,20.83,01a58868o0893o
58868.62582,20.355,0.58,26,15,o,0,1.76,219.42633,2.2845,2058.38,3696.13,2.95,2.28,85.7,-0.397,19.38,20.81,01a58868o0900o
58868.63349,-20.92,1.04,-16,16,o,0,1.75,219.42633,2.2845,2115.7,3774.7,3.03,2.5,80.2,-0.378,19.34,20.83,01a58868o0916o
58868.64372,-21.558,1.571,-9,14,o,0,2.01,219.42633,2.2845,2136.89,3660.38,2.41,2.28,82.1,-0.391,19.49,20.85,01a58868o0937o
58872.65164,20.553,0.632,22,14,o,0,1.86,219.42633,2.2845,2264.79,7611.69,2.63,2.31,-87,-0.404,19.57,21.2,01a58872o0954o
58872.65608,21.655,1.647,8,13,o,0,2.16,219.42633,2.2845,2244.87,7574.13,2.84,2.63,-86.3,-0.389,19.46,21.14,01a58872o0963o
58872.66145,21.206,1.284,12,15,o,0,1.83,219.42633,2.2845,2301,7648.35,2.81,2.55,-89.4,-0.385,19.4,20.9,01a58872o0973o
58872.66964,19.171,0.323,78,25,o,0,1.14,219.42633,2.2845,2321.97,7534.63,2.81,2.47,-88.5,-0.386,18.75,19.44,01a58872o0988o
58876.64772,20.24,0.468,29,14,o,0,1.97,219.42633,2.2845,2266.11,7612.27,2.62,2.1,-85.4,-0.404,19.68,21.24,01a58876o0936o
58876.65486,21.716,1.898,8,14,o,0,2.5,219.42633,2.2845,2244.8,7573.59,2.72,2.2,-87.5,-0.391,19.6,21.2,01a58876o0951o
58876.65982,19.833,0.366,42,16,o,0,1.69,219.42633,2.2845,2304.02,7651.13,2.69,2.13,-86.5,-0.399,19.58,21.04,01a58876o0961o
58876.67055,19.374,0.404,65,26,o,0,2.02,219.42633,2.2845,2323.23,7535.92,2.69,2.09,-88.9,-0.404,18.58,18.94,01a58876o0982o
58878.5832,-20.91,0.775,-16,12,c,0,1.67,219.42633,2.2845,8612.96,8775.5,2.65,2.55,55,-0.391,19.67,21.57,02a58878o0810c
58878.58606,-22.211,2.697,-5,13,c,0,1.82,219.42633,2.2845,8628.22,8814.9,2.59,2.49,55.1,-0.398,19.77,21.63,02a58878o0816c
58878.59227,-23.406,8.3,-2,13,c,0,1.47,219.42633,2.2845,8568.53,8737,2.96,2.44,37.8,-0.375,19.64,21.62,02a58878o0829c
58878.60209,-20.758,0.686,-18,12,c,0,2.1,219.42633,2.2845,8550.5,8855.64,2.88,2.42,40.6,-0.381,19.67,21.67,02a58878o0850c
58880.6208,-19.347,2.077,-66,138,o,0,1.15,219.42633,2.2845,6351.04,4010.34,2.38,1.87,-88.1,-0.423,16.93,18.51,01a58880o0891o
58880.62485,-19.312,1.155,-68,79,o,0,0.89,219.42633,2.2845,6331.69,3969.53,2.29,1.85,-86.9,-0.418,17.5,19,01a58880o0899o
58880.63057,-18.383,0.576,-161,93,o,0,0.72,219.42633,2.2845,6389.94,4046.98,2.3,1.86,-86.8,-0.407,17.37,18.88,01a58880o0910o
58882.59101,23.605,10.2,1,13,c,0,1.57,219.42633,2.2845,2135.06,1006.56,2.59,2.26,-57.8,-0.421,19.7,21.52,02a58882o0762c
58882.59422,-23.058,5,-2,11,c,0,1.45,219.42633,2.2845,2155.35,1046.14,2.57,2.23,-57,-0.419,19.73,21.52,02a58882o0769c
58882.60082,-24.155,16,-1,13,c,0,1.16,219.42633,2.2845,2098.47,967.43,2.62,2.22,-56.9,-0.418,19.7,21.5,02a58882o0783c
58882.61073,19.981,0.349,37,13,c,0,1.79,219.42633,2.2845,2082.69,1085.91,2.98,2.63,-58.3,-0.405,19.54,21.52,02a58882o0804c
58884.63029,20.695,0.807,19,15,o,0,1.69,219.42633,2.2845,6352.37,4014.53,2.5,2.08,-88.6,-0.396,19.59,21.22,01a58884o0806o
58884.63328,20.896,0.909,16,14,o,0,1.64,219.42633,2.2845,6332.76,3976.55,2.37,1.93,-89.9,-0.409,19.68,21.23,01a58884o0812o
58884.63913,21.749,1.833,7,13,o,0,2.74,219.42633,2.2845,6390.37,4053.13,2.41,1.96,89.6,-0.411,19.65,21.25,01a58884o0824o
58884.65486,-22.592,4.353,-3,14,o,0,1.66,219.42633,2.2845,6409.61,3938.34,2.37,1.95,-87.5,-0.408,19.67,21.24,01a58884o0856o
58888.60682,-22.811,10.05,-3,27,o,0,1.27,219.42633,2.2845,2634.55,9847.7,2.86,2.29,-81.9,-0.398,18.74,19.28,01a58888o0856o
58888.61011,20.702,1.397,19,27,o,0,1.31,219.42633,2.2845,2615.85,9809.16,2.81,2.2,-82.7,-0.408,18.79,19.29,01a58888o0863o
58888.6158,20.434,1.125,24,27,o,0,1.31,219.42633,2.2845,2674.18,9887.98,2.81,2.26,-83.3,-0.407,18.77,19.3,01a58888o0875o
58888.6282,-20.197,0.726,-30,22,o,0,1.91,219.42633,2.2845,2695.56,9771.71,2.84,2.26,-82.7,-0.405,18.75,19.33,01a58888o0901o
58900.43585,21.431,1.737,10,17,o,0,1.23,219.42633,2.2845,4545.5,9726.87,2.44,2.19,-79.1,-0.425,19.37,20.86,01a58900o0490o
58900.43871,-19.721,0.368,-47,17,o,0,1.24,219.42633,2.2845,4526.52,9687.67,3.07,2.55,-82.8,-0.405,19.26,20.89,01a58900o0496o
58900.44518,20.372,0.714,26,18,o,0,1.35,219.42633,2.2845,4585.8,9764.41,3.13,2.59,-82.3,-0.39,19.26,20.93,01a58900o0509o
58900.45696,20.447,0.705,24,17,o,0,1.24,219.42633,2.2845,4607.68,9646.16,2.93,2.41,-81.5,-0.41,19.33,20.97,01a58900o0533o
58902.57851,22.777,3.818,3,11,c,0,1.88,219.42633,2.2845,5986.82,2575.84,2.49,2.35,-57.4,-0.403,19.71,21.6,02a58902o0773c
58902.58179,-21.241,1.221,-12,14,c,0,0.83,219.42633,2.2845,6006.88,2614.41,2.54,2.42,-58.4,-0.4,19.7,21.62,02a58902o0780c
58902.5871,-23.488,7.545,-2,11,c,0,1.67,219.42633,2.2845,5947.09,2537.26,2.54,2.4,-58.7,-0.398,19.69,21.62,02a58902o0791c
58902.59842,-20.876,0.71,-16,12,c,0,1.49,219.42633,2.2845,5929,2653.75,2.51,2.39,-55.3,-0.396,19.7,21.65,02a58902o0814c
58904.59983,-20.368,0.5,-26,13,o,0,1.76,219.42633,2.2845,10260.39,2826.76,2.88,2.07,-85.7,-0.393,19.6,21.11,01a58904o0814o
58904.6035,21.131,0.955,13,12,o,0,1.98,219.42633,2.2845,10280.61,2864.7,3.06,2.34,-84.1,-0.368,19.51,21.1,01a58904o0821o
58904.61178,-21.589,1.815,-8,15,o,0,1.49,219.42633,2.2845,338.21,7760.59,3.17,2.43,89.9,-0.364,19.54,21.08,01a58904o0838o
58904.6151,20.914,1.171,16,18,o,0,0.89,219.42633,2.2845,117.4,2903.07,2.75,2.21,78.8,-0.4,19.51,21.09,01a58904o0844o
58904.6187,-21.501,1.922,-9,18,o,0,0.99,219.42633,2.2845,10422.4,7655.96,3.24,2.13,-85.5,-0.386,19.48,21.1,01a58904o0851o
58904.62486,21.318,1.329,11,14,o,0,2.4,219.42633,2.2845,10205.36,2900.69,2.82,2.38,-80.1,-0.365,19.53,21.13,01a58904o0863o
58904.62578,20.507,1.024,23,23,o,0,1.68,219.42633,2.2845,79.41,2862.45,2.74,2.41,72,-0.379,19.5,21.13,01a58904o0865o
58904.63715,22.448,6.353,4,24,o,0,1.15,219.42633,2.2845,62.55,2977.68,2.56,2.06,78.3,-0.414,19.61,21.14,01a58904o0888o
58912.62654,21.749,1.842,7,13,o,0,1.78,219.42633,2.2845,435.14,8732.64,1.85,1.6,-78.1,-0.457,19.76,21.14,01a58912o0563o
58912.63025,-21.149,1.127,-13,14,o,0,0.99,219.42633,2.2845,455.48,8771.42,1.92,1.7,-73.3,-0.447,19.91,21.32,01a58912o0571o
58912.63767,-20.432,0.566,-24,14,o,0,1.66,219.42633,2.2845,396.35,8692.73,2.46,2.12,-75.1,-0.443,19.65,21.31,01a58912o0587o
58912.64387,20.595,0.546,21,12,o,0,1.7,219.42633,2.2845,378.21,8810.42,2.43,2.06,-77.8,-0.436,19.73,21.29,01a58912o0600o
58916.6462,18.801,0.392,110,43,o,0,1.07,219.42633,2.2845,440.72,8727.66,1.97,1.78,-70.5,-0.439,18.21,18.27,01a58916o0121o
58916.64898,20.446,0.898,24,22,o,0,1.03,219.42633,2.2845,461.11,8766.11,1.94,1.75,-71,-0.448,19.1,19.65,01a58916o0127o
58916.65082,20.328,0.683,27,18,o,0,1.72,219.42633,2.2845,401.94,8688.24,2.16,1.98,-74.3,-0.436,18.99,19.68,01a58916o0131o
58916.65405,-18.329,0.688,-169,116,o,0,1.81,219.42633,2.2845,382.75,8805.83,2.12,1.94,-65.1,-0.429,16.76,17,01a58916o0138o
58924.61169,-22.957,15.538,-2,37,o,0,1.04,219.42633,2.2845,2186.53,4735.39,2.22,2.05,86.3,-0.414,18.32,19.3,01a58924o0460o
58924.61528,-20.012,0.412,-36,15,o,0,0.86,219.42633,2.2845,2207.38,4774.9,2.3,2.13,82.9,-0.401,19.4,20.63,01a58924o0467o
58924.62545,-20.228,0.407,-29,12,o,0,2.11,219.42633,2.2845,2149.28,4696.02,2.06,1.86,87.9,-0.426,19.58,20.72,01a58924o0488o
58924.63506,-17.03,0.367,-560,206,o,0,1.06,219.42633,2.2845,2131.63,4811.68,2.2,1.96,86.9,-0.42,16.28,16.75,01a58924o0508o
58930.55057,-20.746,0.643,-18,12,c,0,1.98,219.42633,2.2845,6468.72,9642.79,2.64,2.53,-49.3,-0.414,19.65,21.49,02a58930o0650c
58930.55413,-21.028,0.741,-14,10,c,0,1.5,219.42633,2.2845,4123.62,960.35,2.35,2.26,-64.5,-0.413,19.71,21.5,02a58930o0657c
58930.56492,-20.601,0.601,-21,13,c,0,1.99,219.42633,2.2845,6509.25,9682.93,2.55,2.53,76.1,-0.408,19.73,21.54,02a58930o0679c
58930.57014,-21.665,1.792,-8,14,c,0,1.3,219.42633,2.2845,6527.01,9567.05,2.58,2.5,-52.7,-0.42,19.61,21.4,02a58930o0690c
58934.61794,16.894,0.477,634,303,c,0,1.09,219.42633,2.2845,6471.95,9649.22,2.75,2.65,45.4,-0.399,16.32,17.75,02a58934o0645c
58934.62157,17.611,0.379,328,124,c,0,1.06,219.42633,2.2845,6449.21,9612.54,2.78,2.68,43.6,-0.394,17.23,18.73,02a58934o0652c
58934.62819,-18.483,0.435,-147,64,c,0,1.1,219.42633,2.2845,6510.56,9692.45,2.8,2.7,38,-0.393,17.58,19.14,02a58934o0666c
58934.6379,-19.338,2.294,-67,153,c,0,1.36,219.42633,2.2845,6530.09,9572.98,2.77,2.7,38.8,-0.397,16.68,18.07,02a58934o0686c
58934.64979,-16.734,0.715,-736,526,c,0,0.74,219.42633,2.2845,6491.8,9629.71,2.72,2.69,29.5,-0.409,15.56,16.58,02a58934o0711c
58936.51953,-19.235,1.489,-73,109,o,0,1.29,219.42633,2.2845,10466.11,6707.33,2.36,1.93,-86.7,-0.411,17.42,18.54,01a58936o0523o
58936.52252,-23.313,65.5,-2,112,o,0,0.95,219.42633,2.2845,10486.61,6745.25,2.41,2.04,-87.5,-0.423,17.34,18.51,01a58936o0529o
58936.52856,-20.751,5.037,-18,92,o,0,0.92,219.42633,2.2845,10429.45,6667.33,2.27,2,-87.6,-0.413,17.55,18.67,01a58936o0542o
58936.53155,-17.873,0.625,-258,161,o,0,1.19,219.42633,2.2845,332.92,6786.63,2.18,1.95,-86.7,-0.431,16.4,17.58,01a58936o0548o
58936.53433,18.287,0.591,176,104,o,0,0.99,219.42633,2.2845,354.03,6825.45,2.19,2.04,-85.2,-0.417,17.36,18.51,01a58936o0554o
58940.6199,19.626,1.079,51,55,o,0,0.87,219.42633,2.2845,350.02,6775.33,1.76,1.66,-66.5,-0.444,18.01,19.15,01a58940o0053o
58940.62405,-20.193,1.158,-30,35,o,0,1.27,219.42633,2.2845,371.61,6813.6,1.72,1.6,-65.8,-0.446,18.24,19.36,01a58940o0062o
58942.50894,-20.269,1.531,-28,43,o,0,1.12,219.42633,2.2845,6415.46,5950.88,1.96,1.91,-80,-0.459,18.19,18.73,02a58942o0495o
58942.51175,-21.285,1.537,-11,17,o,0,1.87,219.42633,2.2845,6396.28,5913.3,1.95,1.92,-68.2,-0.459,19.01,19.65,02a58942o0501o
58942.51918,-23.131,18.231,-2,37,o,0,1.13,219.42633,2.2845,6452.6,5990.49,1.93,1.86,-72.9,-0.464,18.48,19.02,02a58942o0516o
58942.52472,20.701,1.24,19,24,o,0,1.63,219.42633,2.2845,6472.36,5875.89,1.94,1.85,-69.7,-0.462,18.85,19.74,02a58942o0527o
58944.49508,19.678,1.073,49,52,o,0,0.76,219.42633,2.2845,4000.77,2692,1.84,1.77,-12.8,-0.42,18.02,18.02,01a58944o0452o
58944.49869,-17.489,1.731,-367,635,o,0,1.27,219.42633,2.2845,6517.41,7848.17,1.96,1.87,-84.8,-0.438,15.12,14.86,01a58944o0459o
58944.50397,-18.144,1.547,-201,310,o,0,0.25,219.42633,2.2845,6575.53,7925.52,1.97,1.85,-81.7,-0.439,16.63,16.48,01a58944o0470o
58944.51428,19.243,1.609,73,117,o,0,0.61,219.42633,2.2845,6593.66,7807.6,2.01,1.89,-85.2,-0.423,17.22,17.08,01a58944o0491o
58950.51698,-17.322,0.664,-428,284,o,0,2.19,219.42633,2.2845,8174.04,1983.38,2.21,1.81,-56,-0.453,15.89,15.89,02a58950o0256o
58950.5203,18.463,2.221,150,332,o,0,0.98,219.42633,2.2845,8155.97,1946.67,2.17,1.82,-55.9,-0.464,15.57,15.47,02a58950o0263o
58950.52597,19.862,0.758,41,31,o,0,1.24,219.42633,2.2845,8213.87,2023.34,2.14,1.77,-55,-0.449,18.41,18.53,02a58950o0275o
58950.53696,-19.512,1.704,-57,97,o,0,1.24,219.42633,2.2845,8229.62,1907.81,2.09,1.95,32.5,-0.438,16.88,16.71,02a58950o0298o
58952.50328,23.307,10.64,2,18,o,0,0.75,219.42633,2.2845,4340.65,8493.65,1.78,1.67,-60,-0.448,19.45,20.13,01a58952o0546o
58952.50651,20.568,0.72,22,16,o,0,1.44,219.42633,2.2845,4361.03,8532.45,1.8,1.71,-58.1,-0.444,19.37,20.08,01a58952o0553o
58952.51262,-22.248,3.328,-5,15,o,0,1.13,219.42633,2.2845,4303.4,8454.11,1.91,1.78,-63.1,-0.444,19.35,20.12,01a58952o0566o
58952.52292,-21.55,1.938,-9,17,o,0,1.23,219.42633,2.2845,4286.52,8570.6,2.03,1.94,-57.3,-0.434,19.32,20.13,01a58952o0588o
58956.45616,22.091,2.309,5,12,o,0,1.49,219.42633,2.2845,6232.12,2076.98,2.11,2.05,-83.4,-0.412,19.64,21.03,01a58956o0500o
58956.46127,23.053,5.667,2,12,o,0,1.19,219.42633,2.2845,4350.11,8536.61,2.06,1.94,-54.8,-0.433,19.65,21.02,01a58956o0510o
58956.46498,20.45,0.627,24,15,o,0,0.69,219.42633,2.2845,4293.15,8457.11,2,1.89,-25.3,-0.43,19.67,21.02,01a58956o0518o
58956.47509,20.923,0.816,16,13,o,0,1.45,219.42633,2.2845,4277.56,8575.37,1.99,1.87,-32.1,-0.426,19.69,21,01a58956o0539o
58958.46275,-20.311,0.429,-27,12,c,0,2,219.42633,2.2845,6286.16,8380.56,2.55,2.35,33.9,-0.397,19.74,21.52,02a58958o0504c
58958.46576,-20.773,0.586,-18,10,c,0,1.4,219.42633,2.2845,4268.81,2138.76,2.48,2.3,54.9,-0.396,19.72,21.53,02a58958o0510c
58958.47162,-21.039,0.888,-14,12,c,0,1.09,219.42633,2.2845,4327.2,2217.58,2.43,2.29,55.8,-0.397,19.73,21.51,02a58958o0522c
58958.48838,20.347,0.426,26,11,c,0,1.37,219.42633,2.2845,4345.02,2098.31,2.36,2.3,89,-0.4,19.72,21.48,02a58958o0557c
58960.46839,19.847,0.377,42,16,o,0,0.76,219.42633,2.2845,8412.03,4877.31,2.36,2.09,3.1,-0.395,19.55,20.77,01a58960o0533o
58960.47161,21.065,0.955,14,13,o,0,1.47,219.42633,2.2845,8432.1,4915.49,2.31,2.05,1.6,-0.389,19.58,20.77,01a58960o0540o
58960.47761,-20.626,0.606,-20,12,o,0,1.98,219.42633,2.2845,8374.53,4837.89,2.17,1.91,2.6,-0.398,19.6,20.8,01a58960o0553o
58960.48892,20.491,0.609,23,14,o,0,1.52,219.42633,2.2845,8355.83,4953.79,2.93,2.04,1.4,-0.371,19.44,20.85,01a58960o0576o
58962.46939,-19.321,0.38,-68,26,c,0,1.58,219.42633,2.2845,8446.69,7802.35,2.8,2.49,44.5,-0.39,18.86,20.54,02a58962o0507c
58962.4726,19.939,1.242,38,48,c,0,0.56,219.42633,2.2845,8427.56,7764.2,2.81,2.52,45.9,-0.389,18.63,20.26,02a58962o0514c
58962.47857,-19.732,0.878,-46,41,c,0,1.13,219.42633,2.2845,8486.35,7842.29,2.83,2.54,46.4,-0.386,18.31,19.95,02a58962o0527c
58962.48868,-17.299,0.265,-437,116,c,0,1.02,219.42633,2.2845,8506.34,7727.62,2.84,2.56,47.5,-0.438,17.1,18.72,02a58962o0549c
58964.40479,20.484,1.075,23,25,o,0,0.74,219.42633,2.2845,2145.38,5664.61,2.22,1.83,-3.9,-0.414,18.88,20.23,01a58964o0348o
58964.40756,-20.424,1.072,-25,26,o,0,0.82,219.42633,2.2845,2126.63,5625.98,2.02,1.86,-6.4,-0.42,18.95,20.27,01a58964o0354o
58964.44145,19.255,0.393,72,28,o,0,1.7,219.42633,2.2845,2183.4,5704.67,2,1.73,-10.3,-0.407,18.19,19.47,01a58964o0425o
58964.46573,-20.677,1.929,-20,38,o,0,0.85,219.42633,2.2845,8353.48,4956.7,2.33,1.94,-0.8,-0.394,18.65,19.9,01a58964o0476o
58966.46411,-20.897,0.735,-16,12,c,0,1.45,219.42633,2.2845,8451.62,7801.52,2.79,2.57,45.2,-0.39,19.72,21.52,02a58966o0511c
58966.46941,-23.537,9.556,-1,13,c,0,1.47,219.42633,2.2845,8430.89,7761.92,2.78,2.57,49.4,-0.392,19.68,21.51,02a58966o0522c
58966.47357,-22.958,5.333,-2,13,c,0,1.13,219.42633,2.2845,8489.7,7840.93,2.83,2.6,49.9,-0.387,19.67,21.53,02a58966o0531c
58966.50395,-20.014,0.278,-36,10,c,0,2.02,219.42633,2.2845,8507.67,7727.21,2.72,2.57,51.2,-0.394,19.65,21.45,02a58966o0595c
58968.43335,-19.683,0.299,-49,14,o,0,1.07,219.42633,2.2845,8630.3,8760.89,1.96,1.9,35.3,-0.399,19.66,20.72,01a58968o0455o
58968.43657,-19.733,0.282,-46,13,o,0,1.63,219.42633,2.2845,8651.52,8798.87,2.09,1.92,15.7,-0.395,19.56,20.7,01a58968o0462o
58968.46953,20.172,0.481,31,15,o,0,1,219.42633,2.2845,8597,8719.26,2.11,1.94,28,-0.394,19.57,20.72,01a58968o0532o
58968.4769,20.714,0.731,19,14,o,0,1.2,219.42633,2.2845,8580.06,8834.07,2.04,1.89,34,-0.397,19.59,20.68,01a58968o0548o
58969.4156,23.953,16.875,1,16,o,0,1.16,219.42633,2.2845,2118.75,2757.06,2.47,2.02,33,-0.427,19.43,20.56,02a58969o0406o
58969.41743,21.987,2.821,6,16,o,0,0.96,219.42633,2.2845,2138.82,2795.68,2.14,2.01,31.6,-0.437,19.49,20.56,02a58969o0410o
58969.42021,-21.824,2.095,-7,14,o,0,1.32,219.42633,2.2845,2082.35,2719.73,2.17,2.06,28.5,-0.433,19.51,20.58,02a58969o0416o
58969.44102,-23.589,11.556,-1,15,o,0,1.48,219.42633,2.2845,8508.63,7714.8,2.64,2.38,46.5,-0.41,19.38,20.62,02a58969o0461o
58970.46503,-20.299,0.498,-28,14,o,0,1.31,219.42633,2.2845,2035.09,3725.92,2.43,2.05,41.9,-0.431,19.38,20.5,02a58970o0497o
58970.46787,20.261,0.528,28,15,o,0,1.37,219.42633,2.2845,2015.01,3682.29,2.32,2.17,48.4,-0.433,19.37,20.5,02a58970o0503o
58970.47257,-20.528,0.628,-22,14,o,0,1.3,219.42633,2.2845,2075.57,3766.27,2.46,2.2,44.4,-0.437,19.34,20.5,02a58970o0513o
58970.47589,21.638,2.152,8,17,o,0,1.15,219.42633,2.2845,2094.5,3650.59,2.34,2.15,46.3,-0.435,19.37,20.51,02a58970o0520o
58971.44569,22.116,2.755,5,14,o,0,1.95,219.42633,2.2845,2041.49,3724.88,2.15,1.86,40.1,-0.453,19.35,20.13,02a58971o0445o
58971.46398,-19.703,0.33,-48,16,o,0,1.33,219.42633,2.2845,2023.43,3687.43,2.24,1.9,43.6,-0.45,19.29,20.1,02a58971o0483o
58971.47451,-20.592,0.766,-21,16,o,0,1.28,219.42633,2.2845,2081.74,3766.21,2.17,1.89,44.7,-0.452,19.3,20.08,02a58971o0505o
58971.47802,20.167,0.55,31,17,o,0,1.71,219.42633,2.2845,2101.27,3649.16,2.18,1.9,45.6,-0.443,19.32,20.09,02a58971o0512o
58972.37428,21.65,2.347,8,19,o,0,0.83,219.42633,2.2845,1945.27,1779.89,2.08,1.77,-2.5,-0.408,19.28,19.89,01a58972o0303o
58972.37774,-21.31,1.5,-11,16,o,0,1.66,219.42633,2.2845,1925.38,1742.06,2.12,1.79,-7.7,-0.396,19.21,19.88,01a58972o0310o
58972.38468,22.827,4.912,3,13,o,0,1.63,219.42633,2.2845,1985.05,1821.68,2.03,1.77,-0.5,-0.402,19.25,19.9,01a58972o0324o
58972.39023,21.884,2.732,6,18,o,0,1.61,219.42633,2.2845,2003.88,1704.2,2.23,1.86,-7.7,-0.395,19.22,19.89,01a58972o0336o
58978.50878,-21.449,3.078,-10,29,o,0,1.13,219.42633,2.2845,2210.24,7601.93,1.97,1.83,-57.1,-0.455,18.57,18.79,02a58978o0168o
58978.51246,20.36,1.03,26,27,o,0,1.59,219.42633,2.2845,2190.4,7561.96,1.99,1.91,64.3,-0.451,18.59,18.79,02a58978o0176o
58978.51797,20.224,1.042,30,31,o,0,0.85,219.42633,2.2845,2249.18,7639.81,1.98,1.85,-59.4,-0.453,18.54,18.74,02a58978o0188o
58978.52896,-19.38,0.453,-64,29,o,0,1.74,219.42633,2.2845,2270.56,7523,1.98,1.82,-51.2,-0.465,18.52,18.67,02a58978o0212o
58980.42049,-20.532,0.543,-22,12,o,0,2.09,219.42633,2.2845,2089.97,1037.88,2,1.77,4.1,-0.436,19.45,20.26,01a58980o0417o
58980.45461,-16.617,0.937,-818,767,o,0,1.09,219.42633,2.2845,2114.69,1074.63,2.25,2.1,16.7,-0.413,15.55,15.95,01a58980o0489o
58980.4583,17.022,0.675,564,381,o,0,1.03,219.42633,2.2845,2053.82,994.21,2.24,2.15,24.3,-0.41,15.13,15.38,01a58980o0497o
58982.41036,21.787,1.7,7,12,c,0,1.59,219.42633,2.2845,2218.55,7599.36,2.3,2.27,-27.5,-0.416,19.79,21.72,02a58982o0365c
58982.4175,-22.221,3.073,-5,14,c,0,0.82,219.42633,2.2845,2198.71,7560.26,2.29,2.2,-41.6,-0.424,19.8,21.72,02a58982o0380c
58982.42078,23.756,11.8,1,14,c,0,1.13,219.42633,2.2845,2255.83,7635.76,2.29,2.18,-50.5,-0.429,19.8,21.71,02a58982o0387c
58982.42699,-21.376,1.121,-10,12,c,0,1.13,219.42633,2.2845,2273.59,7516.61,2.28,2.19,-56.2,-0.42,19.8,21.7,02a58982o0400c
58984.44349,-23.088,5.115,-2,11,o,0,1.83,219.42633,2.2845,6064.77,4507.32,1.96,1.88,-89.7,-0.411,19.65,20.81,01a58984o0361o
58984.44721,21.289,1.182,11,13,o,0,1.1,219.42633,2.2845,6084.14,4544.99,1.98,1.87,89.4,-0.403,19.66,20.81,01a58984o0369o
58984.45274,20.346,0.523,26,14,o,0,0.93,219.42633,2.2845,6026.93,4469.02,2.01,1.83,-86,-0.408,19.65,20.8,01a58984o0381o
58984.46385,-20.615,0.64,-21,13,o,0,1.26,219.42633,2.2845,6009.93,4584.22,2.41,2.25,-79.6,-0.42,19.47,20.73,01a58984o0405o
58985.36315,-22.055,2.2,-6,12,c,0,1.21,219.42633,2.2845,8343.36,2959.7,2.41,2.36,23.7,-0.388,19.78,21.66,02a58985o0284c
58985.36498,-20.482,0.421,-23,10,c,0,1.99,219.42633,2.2845,8363.52,2997.69,2.39,2.24,-63.5,-0.396,19.81,21.67,02a58985o0288c
58985.36966,-22.531,3.3,-4,12,c,0,1.14,219.42633,2.2845,8306.47,2920.7,2.41,2.26,-62,-0.396,19.77,21.67,02a58985o0298c
58985.40512,-21.406,1.049,-10,10,c,0,1.74,219.42633,2.2845,2273.34,7518.65,2.37,2.35,45.5,-0.402,19.77,21.81,02a58985o0373c
58986.42416,20.639,0.52,20,10,c,0,2.06,219.42633,2.2845,6319.31,4021.91,2.55,2.46,89.6,-0.398,19.71,21.75,02a58986o0416c
58986.42738,22.538,3.192,4,11,c,0,1.56,219.42633,2.2845,6300.95,3983.41,2.53,2.44,86.4,-0.399,19.71,21.76,02a58986o0423c
58986.43572,21.982,1.762,6,10,c,0,1.43,219.42633,2.2845,6357.98,4058.63,2.57,2.48,86.8,-0.396,19.69,21.74,02a58986o0441c
58986.44607,-20.067,0.372,-34,13,c,0,1.18,219.42633,2.2845,6375.74,3937.87,2.52,2.42,80.3,-0.398,19.71,21.78,02a58986o0463c
58988.41042,-19.82,0.25,-43,11,o,0,1.59,219.42633,2.2845,6056.39,4505.86,1.92,1.77,2.5,-0.404,19.78,20.98,01a58988o0341o
58988.41364,22.439,3.625,4,14,o,0,1.3,219.42633,2.2845,6077.5,4544.16,1.94,1.85,1.3,-0.408,19.73,20.99,01a58988o0348o
58988.4261,23.419,7.75,2,12,o,0,1.29,219.42633,2.2845,6020.23,4467.1,1.9,1.86,19.8,-0.407,19.77,21.02,01a58988o0375o
58988.43165,20.797,0.728,17,13,o,0,0.99,219.42633,2.2845,6002.09,4583.03,1.86,1.79,-4.4,-0.408,19.76,20.96,01a58988o0387o
58990.3891,-20.424,0.423,-25,10,c,0,1.21,219.42633,2.2845,6322.72,4013.38,2.44,2.3,47.5,-0.4,19.8,21.68,02a58990o0336c
58990.4233,-20.19,0.363,-30,11,c,0,1.15,219.42633,2.2845,6299.5,3980.28,2.43,2.3,59.2,-0.405,19.79,21.66,02a58990o0409c
58990.42609,24.025,11.714,1,10,c,0,1.55,219.42633,2.2845,6359.82,4057.98,2.48,2.35,57.9,-0.401,19.74,21.66,02a58990o0415c
58990.43344,-23.863,10.5,-1,11,c,0,1.66,219.42633,2.2845,6380.75,3943.42,2.52,2.33,49,-0.4,19.77,21.65,02a58990o0431c
58992.39601,21.197,1.169,12,14,o,0,1.6,219.42633,2.2845,5947.54,2570.94,2.24,1.85,-0.1,-0.411,19.64,20.87,01a58992o0358o
58992.39924,21.165,1.254,12,16,o,0,1.18,219.42633,2.2845,5967.59,2608.92,2.12,1.9,-0.1,-0.41,19.62,20.85,01a58992o0365o
58992.40631,20.155,0.433,32,14,o,0,1.14,219.42633,2.2845,5910.98,2533.01,2.05,1.79,4.6,-0.415,19.71,20.84,01a58992o0380o
58992.41654,20.227,0.419,30,12,o,0,1.86,219.42633,2.2845,5893.91,2649.47,2.27,2.03,6.1,-0.401,19.54,20.73,01a58992o0402o
58994.39798,-20.649,0.616,-20,12,c,0,1.32,219.42633,2.2845,2587.86,9835.34,2.64,2.47,-53,-0.416,19.69,21.52,02a58994o0349c
58994.40121,-22.203,2.371,-5,11,c,0,1.48,219.42633,2.2845,2569.58,9799.75,2.52,2.42,-54.4,-0.422,19.7,21.5,02a58994o0356c
58994.40649,-20.608,0.588,-21,12,c,0,1.53,219.42633,2.2845,2626.34,9875.15,2.55,2.39,-56.4,-0.419,19.66,21.5,02a58994o0367c
58994.42074,20.699,0.607,19,12,c,0,1.99,219.42633,2.2845,2646.57,9760.29,2.59,2.45,-60.5,-0.413,19.66,21.49,02a58994o0398c
58996.44132,-19.4,1.37,-63,86,o,0,1.24,219.42633,2.2845,5952.93,2569.46,2,1.86,-7.5,-0.407,17.18,18.12,01a58996o0346o
58996.44934,-18.384,0.472,-161,76,o,0,1.14,219.42633,2.2845,5971.45,2607.31,2.08,1.89,-9.5,-0.398,17.33,18.29,01a58996o0363o
58996.46065,-20.745,2.157,-18,39,o,0,0.91,219.42633,2.2845,5914.42,2530.04,2.19,1.91,-9.1,-0.401,18.39,19.41,01a58996o0387o
58996.46464,-20.498,1.938,-23,44,o,0,1.08,219.42633,2.2845,5895.18,2647.14,2.12,1.85,-10.5,-0.402,18,19.02,01a58996o0395o
58998.38306,-20.082,0.557,-34,19,o,0,1.02,219.42633,2.2845,2589.66,9839.14,2.05,1.95,-63.3,-0.461,19.56,20.66,02a58998o0314o
58998.38674,21.037,1.313,14,18,o,0,0.78,219.42633,2.2845,2569.19,9799.09,2.09,1.99,-75.6,-0.454,19.53,20.66,02a58998o0322o
58998.41023,-22.537,4.879,-4,17,o,0,1.38,219.42633,2.2845,2624.19,9878.07,2.11,2.02,-69.5,-0.454,19.48,20.63,02a58998o0371o
58998.42254,20.428,0.671,24,16,o,0,0.96,219.42633,2.2845,2649.21,9762.83,2.16,2.04,65.7,-0.442,19.47,20.65,02a58998o0397o
59000.35591,-21.052,0.93,-14,13,o,0,1.27,219.42633,2.2845,6165.41,6441.86,2.14,1.76,-1.7,-0.384,19.35,20.02,01a59000o0246o
59000.39121,21.575,1.81,8,15,o,0,1.46,219.42633,2.2845,6192.08,6478.13,2.09,1.8,2.1,-0.391,19.32,19.99,01a59000o0321o
59000.39541,-21.205,1.35,-12,16,o,0,1.03,219.42633,2.2845,6133.18,6400.49,2.16,1.87,5.6,-0.381,19.27,19.98,01a59000o0330o
59000.4011,-23.667,11.429,-1,14,o,0,1.32,219.42633,2.2845,6114.06,6516.13,2.17,1.91,3.5,-0.383,19.3,19.98,01a59000o0342o
59005.41407,-20.401,1.45,-25,36,o,0,1.34,219.42633,2.2845,4526.38,9734.58,2.28,2.15,55.3,-0.378,18.42,18.52,02a59005o0379o
59005.44691,-18.914,0.505,-99,50,o,0,1.26,219.42633,2.2845,4507.34,9699.37,2.31,2.11,50.2,-0.413,18.34,18.38,02a59005o0449o
59005.47541,-21.362,5.037,-10,52,o,0,1.5,219.42633,2.2845,4564.06,9778.1,2.43,2.23,45.7,-0.379,18.08,18.16,02a59005o0510o
59005.49096,20.16,2.177,31,68,o,0,1.45,219.42633,2.2845,4581.89,9660.92,2.7,2.22,44.9,-0.349,18,18,02a59005o0543o
59006.39051,20.059,1.045,34,36,o,0,1.04,219.42633,2.2845,4535.98,9734.51,2.28,2.03,-57.5,-0.415,18.72,19.02,02a59006o0326o
59006.39372,17.022,0.135,564,76,o,0,4.98,219.42633,2.2845,4515.98,9698.94,2.29,2.11,-62.9,-0.422,18.71,19.01,02a59006o0333o
59006.39923,19.992,0.882,37,32,o,0,1.29,219.42633,2.2845,4574.73,9772.87,2.39,2.16,-56.3,-0.414,18.69,19,02a59006o0345o
59006.40979,20.356,1.533,26,40,o,0,0.63,219.42633,2.2845,4594.9,9656.71,2.39,2.11,-53.2,-0.417,18.67,18.96,02a59006o0368o
59008.41197,19.958,0.917,38,35,o,0,0.67,219.42633,2.2845,9888.08,564.44,2.18,1.96,-37.2,-0.381,18.63,18.81,01a59008o0378o
59008.41519,20.417,1.157,25,29,o,0,0.86,219.42633,2.2845,9907.72,603.62,2.27,2.07,-27.6,-0.382,18.71,19.02,01a59008o0385o
59008.42073,20.414,1.355,25,34,o,0,1.09,219.42633,2.2845,9849.91,526.46,2.32,2.01,-24.1,-0.369,18.37,18.57,01a59008o0397o
59008.43235,-21.953,4.944,-6,30,o,0,0.86,219.42633,2.2845,9830.14,646.41,2.25,1.98,-26,-0.366,18.75,19.13,01a59008o0422o
59010.37836,-20.446,0.685,-24,16,o,0,0.98,219.42633,2.2845,261.72,7704.9,2.24,1.9,-52.8,-0.422,19.55,20.91,02a59010o0297o
59010.38205,21.065,1.189,14,16,o,0,1.69,219.42633,2.2845,242.44,7665.95,2.26,1.94,-53.8,-0.422,19.34,20.58,02a59010o0305o
59010.38897,19.775,0.414,45,18,o,0,0.89,219.42633,2.2845,301.17,7743.59,2.21,1.87,-51.2,-0.434,19.54,20.75,02a59010o0320o
59010.40045,19.881,0.433,40,18,o,0,0.85,219.42633,2.2845,324.02,7625.82,2.22,1.93,-51.7,-0.42,19.46,20.57,02a59010o0345o
59010.40552,-20.163,0.565,-31,18,o,0,1.44,219.42633,2.2845,10411.42,7713.75,2.71,2.2,-54.2,-0.419,19.45,20.58,02a59010o0356o
59010.40874,22.389,4.75,4,19,o,0,1.18,219.42633,2.2845,10392.18,7674.6,2.62,2.29,-54.9,-0.41,19.41,20.53,02a59010o0363o
59010.41562,-20.399,0.755,-25,19,o,0,1.2,219.42633,2.2845,10453.04,7754.11,2.62,2.17,-52.9,-0.416,19.4,20.43,02a59010o0378o
59010.42849,-22.083,3.902,-5,21,o,0,1.07,219.42633,2.2845,10473.17,7636.76,2.49,2.17,-50.7,-0.418,19.4,20.4,02a59010o0406o
59016.34461,-21.87,2.827,-6,18,o,0,1.47,219.42633,2.2845,10369.31,4749.73,2.09,1.86,14.3,-0.412,19.32,20.55,01a59016o0234o
59016.3483,22.422,8.765,4,34,o,0,1.27,219.42633,2.2845,10389.29,4788.36,2.17,1.96,13.5,-0.398,18.65,19.89,01a59016o0242o
59016.35567,-20.575,1.413,-21,30,o,0,0.81,219.42633,2.2845,10330.7,4711.39,2.13,1.98,31.5,-0.397,18.8,20.02,01a59016o0258o
59016.35843,-21.497,2.574,-9,24,o,0,1.49,219.42633,2.2845,240.66,4830.82,1.94,1.83,-17.2,-0.421,18.72,19.93,01a59016o0264o
59016.36124,-21.838,2.268,-7,15,o,0,1.87,219.42633,2.2845,260.6,4869.94,1.82,1.74,-25.9,-0.424,19.17,20.33,01a59016o0270o
59016.36815,21.667,3.591,8,28,o,0,0.81,219.42633,2.2845,202.11,4792.69,1.87,1.8,-33.4,-0.423,18.76,19.96,01a59016o0285o
59016.37276,-23.024,16.75,-2,38,o,0,0.94,219.42633,2.2845,10312.33,4828.49,2.09,2,34.9,-0.408,18.51,19.7,01a59016o0295o
59016.37834,-21.988,6.16,-6,36,o,0,1.77,219.42633,2.2845,184.49,4908.29,1.87,1.78,-31.2,-0.427,18.45,19.63,01a59016o0307o
59020.32033,21.271,1.219,11,14,o,0,1.6,219.42633,2.2845,10365.98,4749.7,2.51,1.96,3.7,-0.388,19.61,21.02,01a59020o0175o
59020.33047,-20.047,0.357,-35,12,o,0,1.97,219.42633,2.2845,10387.46,4788.16,2.28,1.97,7.5,-0.401,19.74,21.12,01a59020o0197o
59020.336,20.096,0.455,33,15,o,0,1.03,219.42633,2.2845,10328.68,4711.11,2.29,2.02,10.9,-0.388,19.73,21.12,01a59020o0209o
59020.34061,21.953,2.394,6,14,o,0,1.34,219.42633,2.2845,10310.1,4827.51,2.22,1.95,7.1,-0.4,19.74,21.11,01a59020o0219o
59020.34291,0,21.134,0,13,o,0,1.3,219.42633,2.2845,238.75,4830.1,2.02,1.76,-8.2,-0.402,19.75,21.15,01a59020o0224o
59020.34613,-20.618,0.593,-21,12,o,0,1.51,219.42633,2.2845,259.21,4868.96,2.26,1.8,-5.5,-0.389,19.67,21.13,01a59020o0231o
59020.3535,-20.972,0.915,-15,14,o,0,2.41,219.42633,2.2845,200.31,4791.11,2.05,1.82,-12.8,-0.402,19.44,20.83,01a59020o0247o
59020.37145,-20.768,0.883,-18,16,o,0,0.94,219.42633,2.2845,183.94,4906.9,1.94,1.78,-23.5,-0.408,19.6,20.93,01a59020o0286o
59022.33928,22.371,2.806,4,12,c,0,1.84,219.42633,2.2845,10141.71,1871.1,2.64,2.23,-53.9,-0.418,19.76,21.81,02a59022o0208c
59022.34264,-23.515,9.273,-1,13,c,0,1.25,219.42633,2.2845,10123.48,1834.2,2.63,2.18,-54.2,-0.423,19.81,21.81,02a59022o0215c
59022.34775,21.836,1.84,7,12,c,0,1.25,219.42633,2.2845,10182.65,1913.62,2.67,2.24,-54.5,-0.418,19.78,21.83,02a59022o0226c
59022.34867,23.239,14.286,2,26,c,0,0.31,219.42633,2.2845,45.56,1786.73,2.59,2.27,-59.7,-0.414,19.78,21.78,02a59022o0228c
59022.36701,-20.117,0.414,-33,14,c,0,0.8,219.42633,2.2845,10206.73,1795.24,2.63,2.23,-52.9,-0.422,19.8,21.81,02a59022o0268c
59024.31452,-20.592,0.596,-21,12,o,0,1.32,219.42633,2.2845,4039.13,923.41,2.69,1.97,0,-0.39,19.67,21.25,01a59024o0163o
59024.31774,20.656,0.755,20,15,o,0,0.8,219.42633,2.2845,4060.79,962.51,2.28,2,-0.8,-0.407,19.73,21.24,01a59024o0170o
59024.32287,20.843,0.878,17,15,o,0,1.08,219.42633,2.2845,4002.6,885.9,2.38,1.97,0.5,-0.396,19.69,21.23,01a59024o0181o
59024.35712,-21.218,0.942,-12,11,o,0,1.65,219.42633,2.2845,3988.41,1000.12,2.2,1.84,-6.2,-0.404,19.73,21.12,01a59024o0254o
59026.32072,-20.341,0.576,-26,15,o,0,1.21,219.42633,2.2845,8356.28,5856.31,2.26,2.01,50.5,-0.426,19.58,20.84,02a59026o0167o
59026.3599,20.652,0.722,20,14,o,0,1.43,219.42633,2.2845,8337.64,5819.87,2.31,1.91,41.1,-0.421,19.65,20.9,02a59026o0186o
59026.36364,-21.626,1.553,-8,13,o,0,1.49,219.42633,2.2845,8395.41,5898.34,2.26,1.95,44,-0.427,19.62,20.89,02a59026o0194o
59026.36648,24.569,24.8,0,13,o,0,2.04,219.42633,2.2845,8414.29,5781.93,2.26,1.97,43.3,-0.421,19.62,20.88,02a59026o0200o
59028.30142,-25.938,102.5,0,16,o,0,0.9,219.42633,2.2845,4037.01,924.43,2.09,1.71,-1.9,-0.422,19.44,20.15,01a59028o0096o
59028.30557,20.178,0.543,31,17,o,0,1.04,219.42633,2.2845,4057.19,963.22,2.12,1.72,-6.3,-0.427,19.43,20.15,01a59028o0105o
59028.3107,-21.516,1.695,-9,15,o,0,1.27,219.42633,2.2845,3998.85,883.82,2.05,1.72,-5.1,-0.43,19.45,20.16,01a59028o0116o
59028.34689,24.467,19.222,1,11,o,0,1.9,219.42633,2.2845,3984.4,999.89,1.79,1.7,-2.5,-0.429,19.49,20.13,01a59028o0193o
59032.35338,20.387,0.985,25,25,o,0,0.75,219.42633,2.2845,4136.76,4608.76,2.4,2.02,-6.7,-0.359,18.88,19.18,01a59032o0245o
59032.35666,20.223,0.825,30,24,o,0,0.65,219.42633,2.2845,4156.89,4647.36,2.47,2.05,-8.2,-0.352,18.81,19.17,01a59032o0252o
59032.36357,21.416,2.437,10,24,o,0,1.12,219.42633,2.2845,4098.09,4570.39,2.36,1.98,-9,-0.373,18.83,19.14,01a59032o0267o
59032.37386,-20.805,1.269,-17,22,o,0,1.08,219.42633,2.2845,4076.6,4687.8,2.49,2.03,-8.2,-0.348,18.8,19.1,01a59032o0287o
59034.35708,-20.054,0.655,-34,23,o,0,1.66,219.42633,2.2845,8257.69,3928.06,2.15,2.07,53.9,-0.422,18.71,19.08,02a59034o0247o
59034.36033,20.282,0.872,28,24,o,0,1.33,219.42633,2.2845,8238.87,3892.38,2.11,1.99,68.1,-0.422,18.74,18.99,02a59034o0254o
59034.36583,-20.894,1.549,-16,25,o,0,1.32,219.42633,2.2845,8296.36,3970.22,2.23,2.08,52.3,-0.411,18.67,18.95,02a59034o0266o
59034.37638,19.376,0.444,64,29,o,0,0.88,219.42633,2.2845,8317.49,3853.55,2.12,2.04,64,-0.417,18.66,18.88,02a59034o0289o
59036.3146,20.46,0.746,24,18,o,0,1.02,219.42633,2.2845,4122.78,4607.39,1.96,1.89,10.9,-0.412,19.27,19.78,01a59036o0162o
59036.31782,-22.337,4.426,-4,19,o,0,0.82,219.42633,2.2845,4143.58,4645.48,1.98,1.86,2.7,-0.412,19.26,19.77,01a59036o0169o
59036.3252,20.526,0.861,22,19,o,0,0.81,219.42633,2.2845,4085.62,4569.32,2.01,1.88,-8.8,-0.413,19.22,19.74,01a59036o0185o
59036.33631,-23.419,9,-2,14,o,0,1.99,219.42633,2.2845,4067.45,4685.44,1.95,1.87,-16.5,-0.417,19.21,19.69,01a59036o0209o
59037.40225,20.481,1.047,23,24,o,0,1,219.42633,2.2845,8255.34,3929.55,2.49,2.26,39.5,-0.396,18.81,19.41,02a59037o0343o
59037.40959,-19.557,0.486,-55,26,o,0,0.87,219.42633,2.2845,8237.19,3890.47,2.45,2.34,37.7,-0.404,18.75,19.35,02a59037o0359o
59037.42245,20.835,2.026,17,34,o,0,1.11,219.42633,2.2845,8293.44,3968.09,2.98,2.9,48.3,-0.405,18.47,19.24,02a59037o0387o
59037.42522,19.477,0.462,59,27,o,0,1.32,219.42633,2.2845,8312.92,3851.68,2.73,2.63,42,-0.4,18.59,19.22,02a59037o0393o
59038.30579,-21.205,1.115,-12,13,o,0,1.51,219.42633,2.2845,8264.85,3925.65,2.15,2.04,-77.9,-0.423,19.6,20.98,02a59038o0137o
59038.30906,21.062,0.921,14,13,o,0,2.4,219.42633,2.2845,8245.61,3886.29,2.17,2.07,-76.7,-0.42,19.61,20.94,02a59038o0144o
59038.31505,20.38,0.509,26,13,o,0,1.8,219.42633,2.2845,8304.17,3964.23,2.19,2.11,64.5,-0.421,19.55,20.81,02a59038o0157o
59038.32481,-21.065,1.262,-14,17,o,0,1.04,219.42633,2.2845,8325.71,3849.11,2.16,2.08,-86.9,-0.422,19.43,20.5,02a59038o0178o
59040.34554,21.113,0.978,13,13,o,0,2.64,219.42633,2.2845,2403.42,8591.69,2.68,2.5,-54.4,-0.39,19.52,21.19,01a59040o0231o
59040.34925,-20.157,0.447,-31,14,o,0,1.32,219.42633,2.2845,2423.53,8631.02,2.17,2.09,-45.5,-0.4,19.65,21.18,01a59040o0239o
59040.35577,-20.38,0.509,-26,13,o,0,1.21,219.42633,2.2845,2364.7,8553.83,2.33,2.23,-57.1,-0.402,19.6,21.14,01a59040o0253o
59040.36871,21.993,2.865,6,17,o,0,1.06,219.42633,2.2845,2343.32,8670.3,2.35,2.21,-61.8,-0.404,19.44,20.78,01a59040o0281o
59042.39385,-19.771,1.864,-45,84,c,0,1.53,219.42633,2.2845,10223.53,3833.76,2.63,2.52,-27.9,-0.403,17.81,19.52,02a59042o0327c
59042.39799,-20.225,1.711,-30,50,c,0,1.22,219.42633,2.2845,10205.35,3792.31,2.78,2.4,-46.2,-0.409,18.47,20.12,02a59042o0336c
59042.40728,13.584,0.72,13382,9639,c,0,1.07,219.42633,2.2845,10260.59,3870.41,2.7,2.37,-35.4,-0.406,15.17,16.5,02a59042o0356c
59042.41566,-16.854,1.049,-658,691,c,0,1.33,219.42633,2.2845,10279.59,3753.86,2.77,2.48,-33.2,-0.473,17.8,19.33,02a59042o0374c
59044.3229,-21.339,1.359,-11,14,o,0,1.22,219.42633,2.2845,2401.54,8588.64,2.11,2.02,-23.1,-0.4,19.72,21.26,01a59044o0185o
59044.3257,21.4,1.378,10,14,o,0,1.26,219.42633,2.2845,2420.65,8628.07,2.35,2.18,-12.4,-0.395,19.63,21.22,01a59044o0191o
59044.33168,20.312,0.638,27,17,o,0,1.07,219.42633,2.2845,2362.6,8551.11,2.29,2.19,-29.6,-0.409,19.39,20.89,01a59044o0204o
59044.34465,20.629,0.55,20,11,o,0,1.68,219.42633,2.2845,2340.86,8667.92,2.12,2.05,-45.9,-0.399,19.68,21.14,01a59044o0232o
59048.29153,22.407,3.186,4,13,o,0,2.14,219.42633,2.2845,6284.71,8360.77,2.02,1.93,31.2,-0.405,19.58,20.81,01a59048o0114o
59048.2943,-20.787,0.764,-18,13,o,0,0.94,219.42633,2.2845,6305.1,8399.02,2.04,1.96,30,-0.394,19.58,20.83,01a59048o0120o
59048.30215,25.618,71.5,0,15,o,0,0.76,219.42633,2.2845,6245.62,8322.48,2.14,2.05,23.5,-0.395,19.51,20.84,01a59048o0137o
59048.31598,-20.351,0.625,-26,16,o,0,1.38,219.42633,2.2845,6226.64,8438.8,2,1.92,28.5,-0.409,19.46,20.69,01a59048o0167o
59050.2937,-20.192,0.399,-30,12,c,0,1.67,219.42633,2.2845,6516.64,7896.77,2.82,2.56,46.8,-0.387,19.61,21.58,02a59050o0113c
59050.29784,-21.469,1.367,-9,13,c,0,1.55,219.42633,2.2845,6497.78,7857.79,2.83,2.54,45.1,-0.385,19.61,21.57,02a59050o0122c
59050.30336,-19.677,0.244,-49,12,c,0,1.63,219.42633,2.2845,6556.38,7933.18,2.86,2.58,46.6,-0.377,19.6,21.55,02a59050o0134c
59050.31347,-20.01,0.336,-36,12,c,0,1.9,219.42633,2.2845,6576.62,7817.53,2.92,2.65,45,-0.384,19.58,21.51,02a59050o0156c
59052.28604,-21.468,1.241,-9,12,o,0,1.76,219.42633,2.2845,6281.64,8364.97,1.8,1.72,10.9,-0.407,19.83,21,01a59052o0016o
59052.28928,-20.252,0.515,-29,15,o,0,1.38,219.42633,2.2845,6302.54,8403.94,1.86,1.69,14.3,-0.398,19.81,21.02,01a59052o0023o
59052.29482,21.846,1.653,7,11,o,0,1.22,219.42633,2.2845,6244.17,8327.38,1.81,1.74,14.4,-0.406,19.79,21.03,01a59052o0035o
59054.27088,-20.624,0.676,-20,14,c,0,1.28,219.42633,2.2845,6515.59,7895.92,2.66,2.56,62.9,-0.402,19.63,21.36,02a59054o0067c
59054.27505,20.805,0.704,17,12,c,0,2,219.42633,2.2845,6496.18,7854.85,2.58,2.43,61,-0.4,19.61,21.36,02a59054o0076c
59054.2815,-20.732,0.766,-18,14,c,0,1.47,219.42633,2.2845,6554.68,7933.61,2.8,2.65,62.5,-0.403,19.56,21.35,02a59054o0090c
59054.29166,22.594,3.773,3,13,c,0,1.57,219.42633,2.2845,6574.83,7820.97,2.65,2.57,71.2,-0.399,19.53,21.36,02a59054o0112c
59058.25531,-19.954,0.544,-38,21,o,0,1.49,219.42633,2.2845,6239.44,2082.74,2.23,2.07,-57.8,-0.425,18.8,19.39,02a59058o0036o
59058.26231,20.512,0.802,23,18,o,0,1.6,219.42633,2.2845,6226.23,2046.13,2.04,1.87,-58,-0.439,18.94,19.46,02a59058o0051o
59058.26692,22.166,3.818,5,19,o,0,1.37,219.42633,2.2845,6282.5,2120.34,1.94,1.85,-70.2,-0.443,19.19,19.93,02a59058o0061o
59058.28739,20.482,0.962,23,22,o,0,1.33,219.42633,2.2845,6303.24,2005.05,2.34,2.2,-60.6,-0.425,18.82,19.43,02a59058o0105o
59060.26362,-22.544,5.842,-4,20,o,0,0.78,219.42633,2.2845,2073.07,2775.18,2.36,1.98,-7.9,-0.332,19.12,19.75,01a59060o0063o
59060.26685,-19.9,0.527,-40,21,o,0,0.93,219.42633,2.2845,2093.77,2813.01,2.6,2.07,-14.4,-0.32,19.03,19.75,01a59060o0070o
59060.27197,20.48,0.821,23,19,o,0,1.16,219.42633,2.2845,2034.23,2735.96,2.23,1.89,-17,-0.353,19.15,19.74,01a59060o0081o
59060.28306,22.261,4.071,4,18,o,0,0.89,219.42633,2.2845,2016.67,2850.58,2.17,1.84,-14,-0.356,19.14,19.68,01a59060o0105o
59062.26204,-20.31,0.587,-27,16,o,0,1.51,219.42633,2.2845,6238.45,2091.74,1.95,1.89,69.5,-0.439,19.09,19.55,02a59062o0055o
59062.26526,-21.343,1.744,-10,18,o,0,1.05,219.42633,2.2845,6219.23,2052.91,1.95,1.89,64.7,-0.442,19.03,19.56,02a59062o0062o
59062.27169,21.096,1.315,13,17,o,0,2.22,219.42633,2.2845,6277.59,2129.72,1.98,1.9,55.8,-0.438,19.09,19.54,02a59062o0076o
59062.28188,19.874,0.57,41,23,o,0,0.58,219.42633,2.2845,6298.12,2013.69,2,1.92,63.7,-0.437,19.03,19.5,02a59062o0098o
59064.28834,20.966,1.432,15,21,o,0,1.29,219.42633,2.2845,8520.36,6798.91,2.42,1.95,9.9,-0.357,18.87,19.27,01a59064o0118o
59064.29157,22.339,5.65,4,24,o,0,1.16,219.42633,2.2845,8540.51,6836.91,2.56,2.08,8.5,-0.331,18.78,19.25,01a59064o0125o
59064.29756,-20.872,1.382,-16,22,o,0,1.36,219.42633,2.2845,8480.57,6762.51,2.39,2.04,10.7,-0.341,18.81,19.22,01a59064o0138o
59064.30773,19.026,0.245,89,22,o,0,1.36,219.42633,2.2845,8460.64,6880.3,2.44,2.1,6.6,-0.367,18.75,19.13,01a59064o0160o
59068.24263,21.019,1.342,14,19,o,0,0.9,219.42633,2.2845,8518.72,6797.96,2.22,1.99,23.3,-0.388,19.05,19.58,01a59068o0026o
59068.24585,-20.382,0.577,-26,15,o,0,1.22,219.42633,2.2845,8538.18,6835.68,2.13,1.89,19.5,-0.397,19.44,20.21,01a59068o0033o
59068.25369,-24.665,30.333,0,15,o,0,0.88,219.42633,2.2845,8478.59,6758.01,2.06,1.88,23.5,-0.4,19.63,20.78,01a59068o0050o
59068.26759,21.106,0.887,13,12,o,0,2.36,219.42633,2.2845,8458.8,6873.99,2.04,1.88,20.9,-0.402,19.59,20.74,01a59068o0080o
59070.24409,-20.318,1.165,-27,32,c,0,1.18,219.42633,2.2845,2137.7,5675.39,2.63,2.54,48.9,-0.399,18.46,19.76,02a59070o0022c
59070.24729,19.87,0.452,41,18,c,0,1.16,219.42633,2.2845,2119.88,5635.79,2.57,2.49,49.4,-0.386,19.05,20.39,02a59070o0029c
59070.25554,-22.611,5.042,-3,16,c,0,1.02,219.42633,2.2845,2179.01,5712.57,2.53,2.42,53.5,-0.391,19.55,21.26,02a59070o0047c
59070.27166,-20.54,0.608,-22,13,c,0,1.52,219.42633,2.2845,2201.44,5593.29,2.68,2.5,51.8,-0.38,19.54,21.44,02a59070o0082c
59072.27622,-23.22,7.389,-2,14,o,0,1.41,219.42633,2.2845,8309.46,2925.48,2.36,2.14,-7.7,-0.354,19.48,20.62,01a59072o0082o
59072.2799,-22.712,4.2,-3,12,o,0,1.39,219.42633,2.2845,8327.99,2964.71,2.3,2.09,-9.5,-0.353,19.5,20.63,01a59072o0090o
59072.28551,23.396,8.937,2,14,o,0,1.74,219.42633,2.2845,8270.89,2889.08,2.33,2.05,-5.5,-0.355,19.5,20.54,01a59072o0102o
59072.33508,22.894,6.476,2,16,o,0,1.14,219.42633,2.2845,8240.13,3019.34,2.48,2.24,-9.2,-0.344,19.15,20.15,01a59072o0113o
59074.28336,-22.732,4.609,-3,14,c,0,1.28,219.42633,2.2845,1953.51,1790.06,2.39,2.27,-79,-0.416,19.59,21.22,02a59074o0113c
59074.28712,22.096,2.175,5,12,c,0,2.07,219.42633,2.2845,1934.71,1750.82,2.45,2.27,-66.6,-0.418,19.56,21.22,02a59074o0121c
59074.29356,-22.244,2.457,-5,11,c,0,1.69,219.42633,2.2845,1992.76,1828.19,2.42,2.31,82.7,-0.411,19.53,21.24,02a59074o0135c
59074.30606,21.132,1.043,13,13,c,0,1.5,219.42633,2.2845,2012.05,1709.85,2.45,2.32,-72.6,-0.412,19.49,21.2,02a59074o0162c
59076.25109,23.619,9.917,1,13,o,0,2.09,219.42633,2.2845,8304.24,2923.73,2.35,1.95,-4.4,-0.361,19.38,20.42,01a59076o0053o
59076.25431,20.14,0.547,32,17,o,0,1.02,219.42633,2.2845,8323.76,2962.6,2.41,1.97,-3.5,-0.354,19.32,20.45,01a59076o0060o
59076.26076,-19.941,0.455,-38,17,o,0,1.06,219.42633,2.2845,8265.34,2885.78,2.48,2.01,-5,-0.351,19.35,20.47,01a59076o0074o
59076.27135,21.584,1.716,8,14,o,0,2,219.42633,2.2845,8245.25,3003.33,2.33,1.95,-5.4,-0.362,19.29,20.3,01a59076o0097o
59080.24145,22.118,2.579,5,13,o,0,1.79,219.42633,2.2845,4230.91,6539.39,2.24,1.98,-1.5,-0.358,19.21,20.03,01a59080o0036o
59080.24516,21.952,2.113,6,13,o,0,1.68,219.42633,2.2845,4249.96,6577.67,2.13,1.9,-3.9,-0.374,19.47,20.47,01a59080o0044o
59080.25116,20.495,0.609,23,14,o,0,1.3,219.42633,2.2845,4189.73,6498.88,2.05,1.83,-4.1,-0.378,19.6,20.68,01a59080o0057o
59080.26313,21.384,1.548,10,16,o,0,0.5,219.42633,2.2845,4169.57,6615.58,2.02,1.87,-9.1,-0.389,19.57,20.67,01a59080o0083o
59088.23629,21.229,2.253,12,26,o,0,1.09,219.42633,2.2845,7916.07,691.16,2.72,2.28,-14.3,-0.333,18.78,19.34,01a59088o0035o
59088.23998,-20.12,0.751,-32,24,o,0,0.96,219.42633,2.2845,7935.19,729.83,2.88,2.52,-21.1,-0.33,18.86,19.61,01a59088o0043o
59088.24598,-22.412,5.522,-4,22,o,0,1.72,219.42633,2.2845,7876.8,653.42,3.08,2.75,-24.6,-0.339,18.78,19.7,01a59088o0056o
59088.25705,20.507,1.112,23,25,o,0,1.39,219.42633,2.2845,7857.55,771.8,3.28,2.94,-21.3,-0.338,18.63,19.66,01a59088o0080o
59090.23921,21.657,2.919,8,23,o,0,1.23,219.42633,2.2845,4491.73,6056.83,2.74,1.96,40.1,-0.389,18.86,19.38,02a59090o0020o
59090.24334,-19.931,0.55,-39,21,o,0,1.27,219.42633,2.2845,4472.53,6018.02,2.93,2.13,40.1,-0.384,18.84,19.56,02a59090o0029o
59090.24978,23.656,18.556,1,23,o,0,1.05,219.42633,2.2845,4532.05,6095.3,2.77,2.08,40.8,-0.395,18.91,19.6,02a59090o0043o
59090.26656,21.6,2.672,8,22,o,0,1.18,219.42633,2.2845,4554.07,5976.62,2.78,2.03,41.2,-0.387,18.92,19.52,02a59090o0058o
59096.25148,19.427,0.743,62,46,o,0,1.45,219.42633,2.2845,5970.27,811.99,2.2,1.94,1,-0.418,17.94,18.49,01a59096o0003o
59096.25426,-20.794,1.006,-18,18,o,0,1.26,219.42633,2.2845,5992.09,850.31,2.21,1.96,-13.4,-0.393,18.83,19.36,01a59096o0009o
59096.26025,21.061,1.797,14,25,o,0,0.78,219.42633,2.2845,5932.7,773.44,2.09,1.85,-15,-0.397,18.97,19.32,01a59096o0022o
59096.27185,-21.162,1.971,-12,25,o,0,1.27,219.42633,2.2845,5916.09,893.19,2.04,1.81,-21.6,-0.429,18.75,19.01,01a59096o0047o
59098.22831,21.047,5.991,14,83,o,0,0.76,219.42633,2.2845,4588.92,7991.03,2.65,2.02,44,-0.389,18.39,18.58,02a59098o0024o
59098.23151,22.428,8.7,4,34,o,0,1.26,219.42633,2.2845,4569.34,7951.62,2.62,2.01,43.3,-0.388,18.79,19.24,02a59098o0031o
59098.23931,23.712,16.625,1,20,o,0,1.32,219.42633,2.2845,4627.06,8028.47,2.66,2.07,41.2,-0.402,19.05,19.96,02a59098o0048o
59098.25263,-20.652,0.947,-20,19,o,0,1.21,219.42633,2.2845,4647.77,7911.46,2.64,2.06,43.3,-0.392,19.14,20.03,02a59098o0077o
59198.63534,21.893,3.926,6,25,c,0,1.14,219.42633,2.2845,7962.59,717.06,2.56,2.38,-50.1,-0.399,18.79,20.24,02a59198o0975c
59198.63855,20.721,1.523,19,28,c,0,1.14,219.42633,2.2845,7979.09,756.59,2.61,2.39,-50.3,-0.393,18.58,20.05,02a59198o0982c
59198.65906,-20.902,1.62,-16,26,c,0,1.02,219.42633,2.2845,7919.18,678.63,2.53,2.32,-55.5,-0.396,18.91,20.17,02a59198o1026c
59198.66597,-20.048,1.072,-35,37,c,0,1.95,219.42633,2.2845,7896.69,795.98,2.55,2.34,-56.9,-0.403,18.24,19.18,02a59198o1041c
59206.64683,-21.499,1.203,-9,11,c,0,1.73,219.42633,2.2845,6023.15,822.73,2.48,2.27,-58.1,-0.417,19.49,21.01,02a59206o0975c
59206.65281,-19.903,0.338,-40,13,c,0,1.34,219.42633,2.2845,6042.06,860.87,2.45,2.34,-70.7,-0.414,19.44,20.98,02a59206o0988c
59206.65697,20.358,0.55,26,14,c,0,1.27,219.42633,2.2845,5983.87,783.28,2.5,2.37,-72.8,-0.408,19.4,20.87,02a59206o0997c
59206.67119,-19.738,0.975,-46,45,c,0,1.32,219.42633,2.2845,5956.86,901.93,2.5,2.32,-59.1,-0.408,17.74,18.53,02a59206o1026c
59220.58306,20.527,1.04,22,23,o,0,1.15,219.42633,2.2845,198.26,5756.93,2.41,2.13,-88.7,-0.418,18.96,19.6,01a59220o0832o
59220.58721,-20.186,0.814,-31,25,o,0,1.1,219.42633,2.2845,179.83,5719.98,2.52,2.41,7.4,-0.388,18.91,19.63,01a59220o0841o
59220.59509,22.599,7,3,23,o,0,1.41,219.42633,2.2845,234.78,5798.79,2.23,2.23,47.4,-0.442,18.88,19.57,01a59220o0858o
59220.59832,22.415,4.8,4,19,o,0,1.82,219.42633,2.2845,10320.02,5763.49,2.55,2.39,-87.1,-0.397,18.96,19.71,01a59220o0865o
59220.60154,21.915,2.932,6,18,o,0,1.47,219.42633,2.2845,10302.36,5725.43,2.67,2.44,1.6,-0.414,18.96,19.74,01a59220o0872o
59220.60523,20.347,0.819,26,22,o,0,0.9,219.42633,2.2845,258.18,5684.89,2.27,2.05,-89.3,-0.423,19.07,19.73,01a59220o0880o
59220.61788,20.888,1.444,16,23,o,0,1.11,219.42633,2.2845,10360.37,5796.63,2.53,2.36,-81.6,-0.401,19.1,19.82,01a59220o0906o
59220.62301,-22.753,7.522,-3,22,o,0,1.07,219.42633,2.2845,10382.32,5682.81,2.54,2.32,-87.3,-0.399,19.1,19.86,01a59220o0917o
59226.64325,23.053,5.333,2,12,c,0,1.73,219.42633,2.2845,2204.76,4706.24,2.32,2.3,-81.9,-0.412,19.68,21.52,02a59226o0969c
59226.65614,-20.564,0.592,-22,13,c,0,0.93,219.42633,2.2845,2224.17,4743.72,2.33,2.3,-18.6,-0.41,19.7,21.49,02a59226o0997c
59226.66309,-21.275,0.968,-11,11,c,0,1.19,219.42633,2.2845,2164.82,4666.38,2.33,2.27,11.6,-0.409,19.62,21.32,02a59226o1012c
59226.66954,23.838,16.444,1,17,c,0,1.11,219.42633,2.2845,2145.71,4782.48,2.31,2.28,50.5,-0.414,19.3,20.62,02a59226o1026c
59228.59855,-20.723,0.632,-19,12,c,0,1.15,219.42633,2.2845,6490.67,9634.23,2.67,2.61,-48,-0.333,19.57,21.53,01a59228o0588c
59228.60271,-20.527,0.596,-22,13,c,0,1.25,219.42633,2.2845,6471.98,9594.83,2.84,2.75,-69.6,-0.322,19.42,21.45,01a59228o0597c
59228.60825,-21.404,1.116,-10,11,c,0,1.28,219.42633,2.2845,6531.91,9673.07,2.55,2.46,-48.7,-0.335,19.6,21.52,01a59228o0609c
59228.61933,-21.374,1.084,-10,11,c,0,1.96,219.42633,2.2845,6553.4,9556.23,2.63,2.54,-75.1,-0.341,19.61,21.54,01a59228o0633c
59230.5944,21.17,1.077,12,13,c,0,1.28,219.42633,2.2845,2203.04,4709.07,2.5,2.38,35.1,-0.398,19.63,21.56,02a59230o0857c
59230.59806,21.053,0.806,14,11,c,0,2.51,219.42633,2.2845,2221.88,4747.49,2.56,2.42,35.5,-0.395,19.62,21.58,02a59230o0865c
59230.60359,-21.751,1.689,-7,12,c,0,2.06,219.42633,2.2845,2163.29,4669.45,2.75,2.64,33,-0.382,19.54,21.58,02a59230o0877c
59230.61371,-20.04,0.319,-35,11,c,0,1.67,219.42633,2.2845,2143.58,4785.33,2.62,2.52,45.1,-0.391,19.62,21.59,02a59230o0899c
59232.52213,20.074,0.504,34,17,c,0,1.6,219.42633,2.2845,6423.94,5947.62,3.97,2.94,-86.2,-0.357,18.99,21,01a59232o0572c
59232.53507,-21.673,2,-8,16,c,0,1.49,219.42633,2.2845,6405.29,5908.84,3.49,2.54,-85.4,-0.39,19.25,21.16,01a59232o0600c
59232.54387,-20.253,0.476,-29,14,c,0,1.72,219.42633,2.2845,6464.46,5986.41,3.02,2.48,-84.1,-0.367,19.39,21.25,01a59232o0619c
59232.55029,-20.761,0.779,-18,14,c,0,1.24,219.42633,2.2845,6488.33,5870.77,3.5,2.68,-87.7,-0.377,19.33,21.28,01a59232o0632c
59244.5507,-23.142,13.278,-2,27,o,0,0.77,219.42633,2.2845,8191.26,1980.55,2.35,2.23,-50.2,-0.403,18.91,19.32,01a59244o0754o
59244.5538,20.537,1.184,22,26,o,0,0.97,219.42633,2.2845,8176.38,1943.86,2.6,2.26,-13.7,-0.375,18.8,19.34,01a59244o0760o
59244.55933,21.391,2.413,10,24,o,0,1.06,219.42633,2.2845,8230.65,2020.66,2.37,2.16,-67,-0.412,18.95,19.37,01a59244o0772o
59244.56948,20.011,0.609,36,22,o,0,1.47,219.42633,2.2845,8251.91,1903.84,2.35,2.19,-56.9,-0.412,18.98,19.43,01a59244o0794o
59246.55317,20.773,2.148,18,38,o,0,0.7,219.42633,2.2845,10470.97,6738.12,2.27,2.1,-53.6,-0.437,18.91,19.31,02a59246o0763o
59246.55546,-23.736,32.5,-1,38,o,0,0.79,219.42633,2.2845,10490.98,6777.87,2.21,2.07,-56.7,-0.46,18.91,19.32,02a59246o0768o
59246.56546,21.323,2.609,11,28,o,0,1.04,219.42633,2.2845,10434.65,6701.14,2.25,2.08,-49.2,-0.454,18.87,19.35,02a59246o0789o
59246.56637,21.008,1.503,14,22,o,0,1.2,219.42633,2.2845,338.57,6739.82,2.08,1.74,-46.1,-0.392,18.97,19.37,02a59246o0791o
59246.57005,-22.068,4.317,-5,23,o,0,0.83,219.42633,2.2845,357.65,6779.4,2.03,1.83,-34.4,-0.403,18.94,19.39,02a59246o0799o
59246.57097,21.115,2.202,13,29,o,0,1.14,219.42633,2.2845,10415.84,6817.73,2.25,2.15,-45.5,-0.44,18.92,19.38,02a59246o0801o
59246.57647,20.516,0.929,23,21,o,0,0.89,219.42633,2.2845,299.04,6701.19,2.04,1.84,-34,-0.391,18.99,19.42,02a59246o0813o
59246.587,21.201,2.024,12,24,o,0,0.76,219.42633,2.2845,279.03,6817.47,2.17,1.87,-45.1,-0.402,18.95,19.48,02a59246o0836o
59252.62348,-20.186,0.517,-31,16,o,0,1.31,219.42633,2.2845,4297.36,2185.51,2.76,2.57,-82.4,-0.391,19.43,21.05,01a59252o0859o
59252.62717,19.884,0.387,40,16,o,0,5.61,219.42633,2.2845,4278.22,2145.66,3.92,3.81,-26.8,-0.359,18.97,21.01,01a59252o0867o
59252.65328,-23.613,10.818,-1,14,o,0,1.33,219.42633,2.2845,4337.69,2225.25,2.46,2.35,80.5,-0.389,19.53,21.1,01a59252o0923o
59252.65844,21.953,2.5,6,15,o,0,0.96,219.42633,2.2845,4354.3,2108.03,2.37,2.25,83.6,-0.409,19.54,21.01,01a59252o0934o
59256.58992,-21.378,1.137,-10,12,c,0,0.82,219.42633,2.2845,8465.3,7784.71,2.68,2.64,-45.3,-0.344,19.74,21.97,01a59256o0826c
59256.59314,21.883,1.646,6,11,c,0,1.5,219.42633,2.2845,8447.35,7746.92,2.76,2.7,-16.6,-0.342,19.71,21.97,01a59256o0833c
59256.59996,20.703,0.575,19,11,c,0,1.55,219.42633,2.2845,8507.98,7824.24,2.67,2.59,-73.9,-0.347,19.74,21.98,01a59256o0847c
59256.61197,23.174,5.188,2,10,c,0,1.22,219.42633,2.2845,8527.68,7707.11,2.62,2.59,-75.7,-0.354,19.79,21.98,01a59256o0873c
59258.54572,-19.332,0.201,-67,14,c,0,1.81,219.42633,2.2845,4333.38,8481.78,2.99,2.95,50.1,-0.375,19.5,21.6,02a59258o0711c
59258.54894,-20.279,0.51,-28,14,c,0,1.4,219.42633,2.2845,4352.61,8520.91,2.94,2.84,50.9,-0.377,19.53,21.62,02a59258o0718c
59258.55214,-20.898,0.862,-16,14,c,0,1.66,219.42633,2.2845,4294.95,8442.89,2.93,2.87,65.6,-0.375,19.52,21.61,02a59258o0725c
59258.55946,20.291,0.473,28,13,c,0,1.71,219.42633,2.2845,4273.98,8559.85,2.83,2.71,44.2,-0.377,19.56,21.64,02a59258o0741c
59260.58272,20.508,0.479,23,11,c,0,2.22,219.42633,2.2845,8470.09,7784.7,3.43,2.66,1.4,-0.33,19.56,21.91,01a59260o0703c
59260.58641,21.413,1.241,10,12,c,0,1.65,219.42633,2.2845,8449.78,7744.77,4.11,2.56,1.4,-0.325,19.53,21.92,01a59260o0711c
59260.59103,-21.046,0.719,-14,10,c,0,2.17,219.42633,2.2845,8508.49,7822.67,3.28,2.73,4.9,-0.32,19.61,21.91,01a59260o0721c
59260.60519,24.272,17,1,12,c,0,1.17,219.42633,2.2845,8529.96,7705.76,2.97,2.72,11.6,-0.332,19.65,21.93,01a59260o0751c
59262.57666,-19.648,0.224,-50,11,c,0,1.83,219.42633,2.2845,4338.8,8481.76,2.49,2.4,26.2,-0.39,19.72,21.64,02a59262o0787c
59262.57987,-19.988,0.311,-37,11,c,0,1.43,219.42633,2.2845,4358.6,8520.68,2.47,2.42,28.8,-0.39,19.75,21.66,02a59262o0794c
59262.58262,20.796,0.659,17,12,c,0,1.67,219.42633,2.2845,4300.18,8442.32,2.47,2.36,34.3,-0.395,19.78,21.65,02a59262o0800c
59262.59862,-23.098,5.875,-2,12,c,0,1.53,219.42633,2.2845,4278.52,8562.79,2.53,2.4,32.5,-0.387,19.77,21.67,02a59262o0834c
59264.49778,-19.297,1.946,-69,135,c,0,0.9,219.42633,2.2845,2041.84,3719.05,2.24,2.16,68.7,-0.398,17.08,19.07,01a59264o0616c
59264.66554,19.747,0.388,46,18,c,0,1.32,219.42633,2.2845,8472.52,6785.25,2.54,2.49,40.7,-0.348,19,19.89,01a59264o0682c
59268.50826,20.96,1.045,15,16,o,0,1.59,219.42633,2.2845,2047.82,3726.85,2.58,2.51,-38.7,-0.397,19.12,20.17,01a59268o0625o
59268.51335,-23.072,8.9,-2,19,o,0,1.1,219.42633,2.2845,2024.23,3688.92,2.35,2.18,83.1,-0.411,19.23,20.2,01a59268o0636o
59268.51844,21.434,1.821,10,18,o,0,0.98,219.42633,2.2845,2083.17,3766.76,2.28,2.13,87.8,-0.418,19.3,20.24,01a59268o0647o
59268.52906,-20.999,1.013,-14,15,o,0,1.39,219.42633,2.2845,2102.74,3651.38,2.18,2.08,-87.9,-0.422,19.36,20.29,01a59268o0670o
59270.5434,-22.423,5.441,-4,21,o,0,1.34,219.42633,2.2845,8435.63,4898.52,2.26,2.1,26.5,-0.415,19.06,19.67,02a59270o0141o
59270.54661,20.637,1.174,20,24,o,0,0.85,219.42633,2.2845,8455.11,4936.37,2.32,2.15,27.9,-0.424,19.04,19.68,02a59270o0148o
59270.54936,-20.197,0.685,-30,21,o,0,0.8,219.42633,2.2845,8396.48,4860.56,2.2,2.03,35.1,-0.423,19.07,19.68,02a59270o0154o
59270.55485,-22.112,3.444,-5,18,o,0,1.15,219.42633,2.2845,8376.89,4977.33,2.27,2.11,35,-0.415,19.12,19.7,02a59270o0166o
59272.54946,19.611,0.39,52,20,o,0,1.44,219.42633,2.2845,2236.01,7600.89,2.11,1.89,-76.2,-0.425,18.88,19.04,01a59272o0225o
59272.55131,20.195,0.849,30,26,o,0,1.03,219.42633,2.2845,2216.12,7561.87,2.09,1.88,-80.9,-0.426,18.9,19.04,01a59272o0229o
59272.55407,-21.916,3.908,-6,24,o,0,0.86,219.42633,2.2845,2275.25,7640.08,2.08,1.86,-81.8,-0.43,18.88,19.05,01a59272o0235o
59272.56007,19.694,0.625,48,30,o,0,0.81,219.42633,2.2845,2293.96,7522.49,2.06,1.87,-80.6,-0.432,18.9,19.06,01a59272o0248o
59278.56015,20.094,1.276,33,42,o,0,1.28,219.42633,2.2845,8638.85,8783.59,2.16,2.13,-88.8,-0.442,18.49,18.86,02a59278o0320o
59278.56198,-20.19,1.274,-30,39,o,0,1.08,219.42633,2.2845,8658.04,8821.35,2.21,2.15,-84,-0.435,18.73,19.23,02a59278o0324o
59278.56474,-20.071,2.128,-34,72,o,0,1.13,219.42633,2.2845,8600.01,8744.13,2.17,2.1,87.7,-0.455,18.27,18.58,02a59278o0330o
59278.57027,-20.673,3.514,-20,69,o,0,0.79,219.42633,2.2845,8580.99,8860.21,2.19,2.11,50.3,-0.445,18.36,18.72,02a59278o0342o
59280.52586,-20.311,0.369,-27,10,o,0,1.87,219.42633,2.2845,6324.42,4013.69,1.99,1.93,-48.4,-0.409,19.78,20.94,01a59280o0660o
59280.53094,21.535,1.587,9,14,o,0,1.21,219.42633,2.2845,6307.22,3974.04,2.01,1.92,-49.1,-0.41,19.78,20.85,01a59280o0671o
59280.54332,20.604,0.706,21,15,o,0,0.78,219.42633,2.2845,6366.88,4050.51,1.94,1.84,-48.4,-0.415,19.74,20.78,01a59280o0697o
59280.54935,21.212,1.264,12,15,o,0,1.25,219.42633,2.2845,6386.88,3935.01,1.99,1.93,-44.9,-0.41,19.76,20.75,01a59280o0710o
59288.48138,20.22,0.446,30,13,o,0,1.49,219.42633,2.2845,2606.14,9843.38,2.06,1.82,-24.9,-0.436,19.77,21.11,01a59288o0540o
59288.48508,24.463,21,1,12,o,0,1.13,219.42633,2.2845,2587.09,9804.47,2.12,1.91,-64.4,-0.425,19.76,21.13,01a59288o0548o
59288.49152,-24.44,22.333,-1,14,o,0,1.31,219.42633,2.2845,2645.89,9881.8,2.3,2.13,-54.5,-0.408,19.64,21.17,01a59288o0562o
59288.50167,-21.629,1.362,-8,11,o,0,1.87,219.42633,2.2845,2668.36,9765.25,2.03,1.83,-60.6,-0.418,19.8,21.17,01a59288o0584o
59292.49367,-22.38,3.082,-4,12,o,0,1.17,219.42633,2.2845,2608.35,9843.46,2.08,1.9,-59.6,-0.427,19.75,21.01,01a59292o0474o
59292.49662,-23.53,9.875,-1,14,o,0,1.25,219.42633,2.2845,2591.13,9803.78,2.1,1.98,-63.5,-0.431,19.7,20.98,01a59292o0480o
59292.50356,-23.016,5.929,-2,13,o,0,1.02,219.42633,2.2845,2648.35,9882.67,2.03,1.88,-56.4,-0.432,19.75,20.97,01a59292o0495o
59292.52571,20.656,0.516,20,10,o,0,1.82,219.42633,2.2845,2673.82,9766.34,1.92,1.79,-35.7,-0.424,19.79,21.04,01a59292o0542o
59296.60713,-20.529,0.532,-22,12,o,0,1.26,219.42633,2.2845,5980.76,827.23,1.91,1.8,-82.4,-0.443,19.82,20.98,01a59296o0084o
59296.61267,20.843,0.779,17,13,o,0,1.28,219.42633,2.2845,6004.1,866.34,1.89,1.81,-71.3,-0.431,19.85,20.96,01a59296o0096o
59296.61649,21.663,1.333,8,10,o,0,2.46,219.42633,2.2845,5944.37,788.51,1.92,1.77,-83.4,-0.448,19.8,20.93,01a59296o0104o
59296.63154,-20.92,0.772,-16,12,o,0,1.49,219.42633,2.2845,5929.12,905.93,2.07,1.91,-80.2,-0.433,19.78,20.99,01a59296o0136o
59300.44163,18.513,0.589,143,84,o,0,1.51,219.42633,2.2845,4544.67,9733.93,2.2,2.08,-48.3,-0.412,17.27,16.95,01a59300o0487o
59300.44347,-20.917,9.818,-16,153,o,0,0.73,219.42633,2.2845,4525.26,9694.79,2.15,2.05,-37.4,-0.437,17.03,16.77,01a59300o0491o
59300.44995,-16.282,0.539,-1115,601,o,0,1.8,219.42633,2.2845,4587.38,9773.83,2.15,2.01,-27.1,-0.441,15.12,14.64,01a59300o0505o
59300.45967,-16.606,0.401,-827,331,o,0,1.33,219.42633,2.2845,4609.11,9656.2,2.13,2,-27.3,-0.44,15.72,15.29,01a59300o0526o
59306.52708,-21.33,1.789,-11,19,o,0,1.17,219.42633,2.2845,4393.09,4121.32,2.39,1.86,39.7,-0.439,19.19,19.94,02a59306o0665o
59306.53035,-22.013,3.84,-6,22,o,0,0.73,219.42633,2.2845,4373.8,4082.58,2.42,1.89,41.7,-0.43,19.21,19.94,02a59306o0672o
59306.53558,-22.223,3.884,-5,18,o,0,1.33,219.42633,2.2845,4431.85,4158.03,2.34,1.86,41.5,-0.443,19.23,19.92,02a59306o0683o
59306.56902,20.186,0.615,31,19,o,0,1.02,219.42633,2.2845,4448.45,4045.88,2.37,1.9,42.3,-0.441,19.18,19.87,02a59306o0755o
59308.48104,-19.908,0.367,-40,14,o,0,1.1,219.42633,2.2845,10422.45,7691.29,2.37,2,83.4,-0.41,19.74,20.84,01a59308o0350o
59308.48289,-20.768,0.867,-18,16,o,0,1.29,219.42633,2.2845,10402.02,7652.05,2.46,2.09,84.4,-0.407,19.66,20.81,01a59308o0354o
59308.49258,20.666,1.037,20,20,o,0,0.66,219.42633,2.2845,10462.35,7730.95,2.4,2.01,84.7,-0.407,19.67,20.76,01a59308o0375o
59308.49908,-15.174,0.551,-3092,1703,o,0,1.25,219.42633,2.2845,10480.65,7612.16,2.33,2.03,76,-0.529,14.96,15.86,01a59308o0389o
59312.47176,-20.168,0.313,-31,10,c,0,1.77,219.42633,2.2845,10127.82,1858.33,2.88,2.64,-60.9,-0.362,19.91,21.81,01a59312o0547c
59312.47362,20.254,0.403,29,12,c,0,1.53,219.42633,2.2845,10108.28,1818.84,2.88,2.66,-63.6,-0.361,19.89,21.81,01a59312o0551c
59312.47408,-20.096,0.397,-33,13,c,0,0.78,219.42633,2.2845,35.77,1802.38,2.41,2.23,50.8,-0.404,19.97,21.8,01a59312o0552c
59312.47638,-20.732,0.539,-18,10,c,0,2.03,219.42633,2.2845,10166.91,1896.08,2.67,2.51,-52.1,-0.356,19.97,21.81,01a59312o0557c
59312.51155,20.667,0.525,20,10,c,0,1.57,219.42633,2.2845,10186.45,1774.85,2.63,2.39,-54.2,-0.341,20,21.74,01a59312o0632c
59316.56659,-20.007,0.298,-36,11,c,0,1.75,219.42633,2.2845,452.52,8741.8,2.26,2.04,-64,-0.404,19.93,21.61,01a59316o0010c
59316.57027,-22.453,3.022,-4,12,c,0,1.25,219.42633,2.2845,473.92,8780.5,2.22,2.02,-68.2,-0.407,19.99,21.61,01a59316o0018c
59316.57673,-21.808,1.526,-7,10,c,0,1.69,219.42633,2.2845,416.46,8701.66,2.26,2.05,-73.3,-0.414,19.97,21.59,01a59316o0032c
59316.58692,22.356,2.468,4,10,c,0,1.61,219.42633,2.2845,396.97,8818.51,2.31,2.09,-68.4,-0.417,19.93,21.56,01a59316o0054c
59322.41494,20.701,0.665,19,13,o,0,1.43,219.42633,2.2845,10405,4792.35,2.2,2.01,-51.4,-0.465,19.6,20.85,02a59322o0415o
59322.43186,21.465,1.436,9,14,o,0,0.95,219.42633,2.2845,270.23,4791.52,2.08,1.86,-44.4,-0.408,19.65,20.91,02a59322o0451o
59322.4337,-20.319,0.597,-27,16,o,0,1.28,219.42633,2.2845,10427.32,4832.96,2.17,1.95,-52.1,-0.475,19.64,20.91,02a59322o0455o
59322.43553,20.014,0.479,36,17,o,0,0.82,219.42633,2.2845,292.92,4829.27,2.09,1.91,-45.6,-0.417,19.62,20.93,02a59322o0459o
59322.4397,-25.139,43.667,0,14,o,0,1.63,219.42633,2.2845,10367.19,4755.36,2.15,1.94,-49.4,-0.462,19.66,20.95,02a59322o0468o
59322.44246,20.423,0.515,25,13,o,0,1.65,219.42633,2.2845,235.87,4751.53,2.06,1.89,-35.9,-0.411,19.66,20.95,02a59322o0474o
59322.44292,-20.996,1.043,-14,15,o,0,1.63,219.42633,2.2845,10349.5,4874.06,2.11,1.93,-49.6,-0.467,19.66,20.96,02a59322o0475o
59322.45115,-21.754,2.133,-7,15,o,0,1.25,219.42633,2.2845,217.22,4866.65,2.09,1.92,-37.4,-0.411,19.66,20.94,02a59322o0493o
59324.46853,-20.769,0.5,-18,9,c,0,2.31,219.42633,2.2845,2180.21,4762.96,2.18,2.1,-82.7,-0.406,19.9,21.45,01a59324o0433c
59324.50396,-21.683,1.3,-8,10,c,0,1.52,219.42633,2.2845,2208.22,4794.69,2.18,2.11,-82.5,-0.404,19.96,21.74,01a59324o0509c
59324.50718,-20.259,0.325,-29,9,c,0,1.75,219.42633,2.2845,2150.29,4716.36,2.24,2.16,-79.3,-0.401,19.95,21.74,01a59324o0516c
59324.51318,22.888,4.357,2,11,c,0,1.12,219.42633,2.2845,2133.62,4832.09,2.23,2.16,-85.1,-0.402,19.93,21.69,01a59324o0529c
59326.41726,-20.818,1.181,-17,20,o,0,0.95,219.42633,2.2845,267.37,4790.47,2.13,2.02,-27.7,-0.394,19.26,20.03,02a59326o0399o
59326.42047,20.423,0.72,25,18,o,0,1.24,219.42633,2.2845,290.44,4828.25,2.1,1.99,-17.7,-0.399,19.29,20.05,02a59326o0406o
59326.42325,-19.1,0.251,-83,21,o,0,1.1,219.42633,2.2845,10405.23,4794.01,2.17,2.04,-37.7,-0.469,19.28,20.02,02a59326o0412o
59326.42508,19.938,0.484,38,19,o,0,1.37,219.42633,2.2845,10424.89,4831.02,2.18,2.05,-48.2,-0.461,19.23,20.02,02a59326o0416o
59326.42599,21.548,1.933,9,17,o,0,1.39,219.42633,2.2845,232.2,4747.97,2.07,1.95,-6.9,-0.396,19.31,20.05,02a59326o0418o
59326.42967,-20.081,0.55,-34,18,o,0,0.94,219.42633,2.2845,10366.73,4752.76,2.3,2.12,-53.3,-0.448,19.23,20.03,02a59326o0426o
59326.43292,-21.203,1.742,-12,21,o,0,0.75,219.42633,2.2845,213.46,4864.95,2.1,1.99,-26.3,-0.396,19.25,20.07,02a59326o0433o
59326.43475,-22.619,5.714,-3,19,o,0,0.93,219.42633,2.2845,10346.96,4870.64,2.18,2.1,-42.4,-0.448,19.28,20.04,02a59326o0437o
59328.40724,20.437,0.942,24,23,o,0,1.62,219.42633,2.2845,8262.2,3908.01,2.74,2.58,-69.5,-0.37,18.79,19.19,01a59328o0401o
59328.40908,-22.337,5.265,-4,22,o,0,1.39,219.42633,2.2845,8242.91,3869.19,2.53,2.35,-73.8,-0.402,18.82,19.19,01a59328o0405o
59328.4123,20.998,1.651,14,24,o,0,1.14,219.42633,2.2845,8301.46,3946.22,2.63,2.5,-66.8,-0.378,18.81,19.18,01a59328o0412o
59328.42091,20.471,0.954,24,22,o,0,1.28,219.42633,2.2845,8321.33,3824.93,2.49,2.36,85.1,-0.402,18.88,19.19,01a59328o0430o
59334.43953,-21.184,1.859,-12,23,o,0,1.62,219.42633,2.2845,6478.76,9646.12,2.24,2.18,52.6,-0.443,19.04,19.72,02a59334o0402o
59334.4503,-20.04,0.759,-35,27,o,0,0.72,219.42633,2.2845,6457.28,9607.21,2.32,2.11,49.9,-0.443,19.06,19.73,02a59334o0425o
59334.4535,-20.55,1.111,-22,24,o,0,1.48,219.42633,2.2845,6516.24,9687.49,2.34,2.18,57.4,-0.439,19.08,19.74,02a59334o0432o
59334.46474,-21.068,1.614,-14,22,o,0,1.21,219.42633,2.2845,6534.83,9568.59,2.36,2.27,87.2,-0.435,19.01,19.73,02a59334o0456o
59336.38331,-22.972,8.667,-2,20,o,0,4.11,219.42633,2.2845,78.91,3819.83,2.9,2.63,74.3,-0.385,19.41,21.01,01a59336o0344o
59336.38654,20.724,1.074,19,20,o,0,1.29,219.42633,2.2845,58.92,3781.84,2.6,2.36,73.9,-0.38,19.54,21.05,01a59336o0351o
59336.38979,21.084,0.925,13,12,o,0,1.58,219.42633,2.2845,118.94,3860.51,2.56,2.4,69.3,-0.381,19.55,21.07,01a59336o0358o
59336.39671,-22.01,2.885,-6,16,o,0,0.97,219.42633,2.2845,137.66,3744.18,2.38,2.23,76.7,-0.388,19.63,21.05,01a59336o0373o
59336.39716,-21.276,1.286,-11,14,o,0,1.25,219.42633,2.2845,10211.7,3798.75,2.68,2.4,-79.6,-0.393,19.64,21.06,01a59336o0374o
59336.39901,21.533,1.947,9,17,o,0,1.19,219.42633,2.2845,10191.99,3758.78,3.51,3.42,81.4,-0.32,19.25,21.06,01a59336o0378o
59336.40177,19.992,0.416,37,15,o,0,1.44,219.42633,2.2845,10251.01,3836.58,2.82,2.6,-74,-0.376,19.55,21.03,01a59336o0384o
59336.43721,19.905,0.511,40,20,o,0,1.43,219.42633,2.2845,279.59,6890.29,3.32,3.16,-3,-0.41,19.08,20.59,01a59336o0460o
59338.38949,-19.819,0.435,-43,19,c,0,0.86,219.42633,2.2845,4163.33,4606.82,2.42,2.39,6,-0.397,19.25,21.03,02a59338o0274c
59338.3927,20.445,0.564,24,14,c,0,1.21,219.42633,2.2845,4183.69,4645.14,2.32,2.27,5.2,-0.404,19.43,21.21,02a59338o0281c
59338.39682,21.088,0.794,13,11,c,0,2.41,219.42633,2.2845,4125.64,4566.84,2.3,2.26,6.5,-0.405,19.64,21.43,02a59338o0290c
59338.40278,-20.957,0.861,-15,13,c,0,1.37,219.42633,2.2845,4106.19,4684.35,2.27,2.25,-6.6,-0.408,19.64,21.44,02a59338o0303c
59342.38202,-20.26,0.345,-29,10,c,0,2.73,219.42633,2.2845,4162.88,4606.82,2.49,2.23,29.5,-0.394,19.75,21.63,02a59342o0316c
59342.38386,19.878,0.269,41,11,c,0,1.5,219.42633,2.2845,4181.94,4644.13,2.49,2.21,31.7,-0.393,19.72,21.62,02a59342o0320c
59342.38661,20.81,0.63,17,11,c,0,1.63,219.42633,2.2845,4124.64,4566.27,2.49,2.22,31,-0.397,19.77,21.62,02a59342o0326c
59342.39211,-22.15,2.122,-5,11,c,0,1.64,219.42633,2.2845,4106.29,4683.97,2.45,2.2,29.9,-0.397,19.73,21.61,02a59342o0338c
59344.38177,20.219,0.562,30,17,o,0,0.84,219.42633,2.2845,6524.79,7872.44,2,1.94,-24.6,-0.408,19.81,21.08,01a59344o0336o
59344.38455,20.063,0.313,34,11,o,0,1.87,219.42633,2.2845,6504.81,7834.25,1.94,1.88,-42,-0.409,19.77,20.99,01a59344o0342o
59344.38731,20.577,0.643,21,14,o,0,1.18,219.42633,2.2845,6563.21,7911.88,2.06,1.94,-29.9,-0.406,19.73,21.07,01a59344o0348o
59344.39377,-19.244,0.485,-73,35,o,0,0.8,219.42633,2.2845,6582.32,7795.81,1.99,1.94,-26.1,-0.399,18.76,19.97,01a59344o0362o
59346.38156,22.141,2.581,5,13,c,0,1.43,219.42633,2.2845,2404.41,8577.46,2.33,2.18,-49.7,-0.413,19.79,21.72,02a59346o0329c
59346.38432,-20.912,0.735,-16,12,c,0,1.35,219.42633,2.2845,2424.5,8615.97,2.38,2.16,-47.2,-0.412,19.78,21.71,02a59346o0335c
59346.38707,-22.154,2.762,-5,14,c,0,0.99,219.42633,2.2845,2367.24,8537.67,2.38,2.15,-49,-0.417,19.76,21.71,02a59346o0341c
59346.39257,20.99,0.952,15,14,c,0,1.39,219.42633,2.2845,2347.54,8655.93,2.35,2.15,-47.1,-0.417,19.74,21.65,02a59346o0353c
59348.41595,-22.298,3.548,-4,16,o,0,1.09,219.42633,2.2845,4012.61,2713.68,1.85,1.8,78.6,-0.421,19.75,20.87,01a59348o0387o
59348.4201,-20.534,0.735,-22,16,o,0,0.98,219.42633,2.2845,4033.4,2751.91,1.81,1.77,62.3,-0.424,19.78,20.87,01a59348o0396o
59348.42523,20.545,0.544,22,12,o,0,1.62,219.42633,2.2845,3975.7,2673.24,1.83,1.79,77.8,-0.425,19.8,20.88,01a59348o0407o
59348.45704,21.356,1.185,10,12,o,0,1.24,219.42633,2.2845,3964.06,2783.44,1.88,1.78,69.4,-0.42,19.78,20.89,01a59348o0475o
59350.4335,-20.338,0.54,-27,14,c,0,0.87,219.42633,2.2845,8182.58,1984.97,2.64,2.53,-63.6,-0.382,19.58,21.54,02a59350o0285c
59350.43787,-22.438,3.208,-4,12,c,0,1.54,219.42633,2.2845,8164.06,1947.82,2.72,2.61,-63.8,-0.382,19.57,21.54,02a59350o0294c
59350.44481,-20.447,0.566,-24,14,c,0,0.97,219.42633,2.2845,8216.17,2021.14,2.7,2.57,-63.5,-0.386,19.61,21.53,02a59350o0309c
59350.46013,-23.236,7.083,-2,13,c,0,1.17,219.42633,2.2845,8236.99,1905.29,2.66,2.53,-61.4,-0.386,19.58,21.53,02a59350o0341c
59352.41674,21.477,1.398,9,13,o,0,1.46,219.42633,2.2845,4347.66,8514.85,2.03,1.92,-25,-0.424,19.72,20.96,01a59352o0362o
59352.42364,22.297,3.302,4,14,o,0,1.42,219.42633,2.2845,4368.06,8552.62,1.99,1.89,-14.1,-0.419,19.72,20.98,01a59352o0377o
59352.42687,21.04,0.629,14,9,o,0,2.82,219.42633,2.2845,4310.66,8475.41,1.98,1.88,-29.8,-0.421,19.73,20.97,01a59352o0384o
59352.44012,22.855,5.594,3,15,o,0,0.75,219.42633,2.2845,4291.9,8589.52,1.98,1.87,-50.9,-0.423,19.74,20.94,01a59352o0412o
59353.36419,23.937,17.2,1,17,o,0,1.44,219.42633,2.2845,2406.73,8578.54,2.04,1.82,-49.6,-0.447,19.51,20.5,02a59353o0284o
59353.36602,18.223,0.942,186,176,o,0,1.21,219.42633,2.2845,2426.21,8616.58,2.08,1.83,-48.9,-0.44,19.48,20.51,02a59353o0288o
59353.37018,-21.738,1.829,-7,13,o,0,2.53,219.42633,2.2845,2368.13,8538.56,2.01,1.89,-36.4,-0.435,19.48,20.51,02a59353o0297o
59353.38784,-23.042,6.13,-2,14,o,0,2.16,219.42633,2.2845,2348.98,8655.93,2.09,1.78,-49.9,-0.445,19.48,20.49,02a59353o0334o
59354.45264,-19.892,0.429,-40,17,o,0,1.14,219.42633,2.2845,4296.58,2179.56,1.96,1.84,63,-0.455,19.44,20.27,02a59354o0454o
59354.46635,20.986,1.278,15,19,o,0,0.92,219.42633,2.2845,4278.35,2140.39,2,1.86,52,-0.455,19.4,20.3,02a59354o0483o
59354.47304,22.907,5.96,2,15,o,0,1.33,219.42633,2.2845,4340.69,2221.54,2.01,1.91,63.6,-0.448,19.4,20.36,02a59354o0497o
59354.47619,21.478,1.424,9,13,o,0,1.75,219.42633,2.2845,4359.11,2102.56,2.05,1.91,54.3,-0.439,19.41,20.41,02a59354o0503o
59360.51749,-21.04,1.911,-14,27,o,0,1.37,219.42633,2.2845,8425.06,4891.93,2.5,2,-79.6,-0.435,18.64,18.91,01a59360o0473o
59360.53166,19.341,0.834,67,56,o,0,0.98,219.42633,2.2845,8448.13,4934.06,2.22,2.1,-76.9,-0.397,17.94,17.77,01a59360o0503o
59360.55124,-18.231,0.55,-185,102,o,0,1.42,219.42633,2.2845,8383.27,4862.19,2.96,2.35,-74,-0.411,17,16.94,01a59360o0544o
59360.55351,-19.652,1.976,-50,99,o,0,1.32,219.42633,2.2845,8365.07,4978.71,2.79,2.35,-75.1,-0.405,17,16.88,01a59360o0548o
59362.4404,-20.104,0.982,-33,32,o,0,1.24,219.42633,2.2845,8450.66,7805.51,2.23,2.07,58.8,-0.446,18.84,19.24,02a59362o0446o
59362.44363,19.756,0.637,45,29,o,0,1.53,219.42633,2.2845,8431.26,7767.78,2.27,2.1,61.3,-0.439,18.75,19.23,02a59362o0453o
59362.4496,-20.187,1.159,-31,35,o,0,1.17,219.42633,2.2845,8490.53,7845.4,2.28,2.12,59.7,-0.437,18.69,19.2,02a59362o0466o
59362.46387,21.545,5.111,9,45,o,0,0.53,219.42633,2.2845,8510.94,7729.17,2.28,2.07,47.8,-0.439,18.72,19.15,02a59362o0497o
59364.36458,-21.49,1.553,-9,14,o,0,1.04,219.42633,2.2845,8414.27,4898.17,2.41,2.1,-75.9,-0.422,19.66,20.86,01a59364o0256o
59364.3701,20.51,0.656,23,15,o,0,1.01,219.42633,2.2845,8436.12,4936.22,2.55,2.28,-83.1,-0.42,19.51,20.71,01a59364o0268o
59364.4047,-20.767,1.006,-18,18,o,0,1.19,219.42633,2.2845,8379.42,4851.09,2.29,2.02,-84.3,-0.42,19.42,20.27,01a59364o0342o
59364.40931,20.653,0.754,20,15,o,0,1.27,219.42633,2.2845,8363.01,4968.33,2.3,2.03,-83.3,-0.435,19.39,20.21,01a59364o0352o
59366.4505,-21.782,2.362,-7,17,o,0,1.6,219.42633,2.2845,8463.58,7808.91,2.31,2.08,45.6,-0.438,19.45,20.49,02a59366o0358o
59366.45375,-22.348,3.853,-4,16,o,0,1.12,219.42633,2.2845,8443,7768.2,2.25,2.15,54,-0.433,19.43,20.44,02a59366o0365o
59366.45925,-23.084,8.706,-2,18,o,0,1.41,219.42633,2.2845,8502.2,7845.75,2.31,2.13,49.1,-0.435,19.42,20.39,02a59366o0377o
59366.4802,-22.348,3.697,-4,15,o,0,2.08,219.42633,2.2845,8520.78,7731.82,2.33,2.13,43.5,-0.433,19.3,20.23,02a59366o0422o
59368.43639,20.962,0.645,15,10,c,0,1.52,219.42633,2.2845,8640.74,8758.76,2.36,2.11,85,-0.361,20,21.81,01a59368o0436c
59368.45565,21.085,0.843,13,11,c,0,1.34,219.42633,2.2845,8663.44,8800.39,2.45,2.23,85.1,-0.349,19.91,21.77,01a59368o0476c
59368.46964,-22.219,2.306,-5,11,c,0,1.34,219.42633,2.2845,8598.65,8722.06,2.39,2.16,87.7,-0.358,19.9,21.68,01a59368o0506c
59368.48188,22.201,2.327,5,11,c,0,1.25,219.42633,2.2845,8579.5,8840.42,2.39,2.17,89.2,-0.36,19.84,21.57,01a59368o0532c
59370.3614,-22.714,4.8,-3,14,o,0,1.32,219.42633,2.2845,2043.52,3722.94,2.26,2.09,45.1,-0.436,19.56,20.95,02a59370o0266o
59370.36462,-22.134,3.297,-5,17,o,0,1.04,219.42633,2.2845,2025.02,3685.74,2.41,2.28,48,-0.426,19.5,20.96,02a59370o0273o
59370.37516,20.439,0.507,24,12,o,0,1.87,219.42633,2.2845,2084.95,3761.56,2.21,2.02,44.1,-0.433,19.53,20.96,02a59370o0296o
59370.4035,20.761,0.879,18,16,o,0,0.95,219.42633,2.2845,2099.13,3648.34,2.13,2.03,44.3,-0.432,19.58,20.94,02a59370o0357o
59372.36339,-26.261,92,0,10,c,0,1.37,219.42633,2.2845,8630.48,8767.25,2.63,2.49,-2,-0.335,19.89,21.85,01a59372o0275c
59372.36668,0,21.458,0,10,c,0,1.62,219.42633,2.2845,8651.07,8806.17,2.51,2.49,-26,-0.338,19.91,21.82,01a59372o0282c
59372.37318,-20.482,0.44,-23,10,c,0,1.85,219.42633,2.2845,8592.53,8727.61,2.42,2.33,88.1,-0.353,19.95,21.82,01a59372o0296c
59372.39607,-19.883,0.233,-40,9,c,0,1.17,219.42633,2.2845,8578.98,8840.85,2.42,2.26,86.9,-0.357,19.94,21.75,01a59372o0345c
59374.34767,-20.331,0.533,-27,14,o,0,1.18,219.42633,2.2845,2048.48,3726.2,2.12,2.04,50.6,-0.446,19.61,21.04,02a59374o0235o
59374.3532,20.624,0.68,20,14,o,0,1.46,219.42633,2.2845,2029.45,3686.72,2.08,1.97,51.8,-0.444,19.65,21.05,02a59374o0247o
59374.35733,21.07,0.874,14,12,o,0,2.11,219.42633,2.2845,2089.38,3765.51,2.18,2.09,51.5,-0.435,19.63,21.07,02a59374o0256o
59374.36787,-19.272,0.209,-71,15,o,0,1.44,219.42633,2.2845,2109.22,3649.27,2.4,2.31,55.3,-0.427,19.49,21.07,02a59374o0279o
59376.36665,21.512,1.103,9,10,c,0,1.84,219.42633,2.2845,2097.9,1056.63,2.3,2.12,17.4,-0.409,19.92,21.75,01a59376o0280c
59376.36987,21.101,0.813,13,11,c,0,1.25,219.42633,2.2845,2118.65,1095.38,2.25,2.09,23.5,-0.409,19.92,21.75,01a59376o0287c
59376.37679,-20.754,0.563,-18,10,c,0,1.49,219.42633,2.2845,2060.02,1015.87,2.23,2.11,31,-0.409,19.95,21.76,01a59376o0302c
59376.39981,-21.805,1.711,-7,12,c,0,1.07,219.42633,2.2845,2046.55,1128.03,2.22,2.12,31.1,-0.413,19.92,21.77,01a59376o0351c
59380.31941,-19.094,0.227,-84,19,c,0,1.63,219.42633,2.2845,2089.59,1060.83,2.34,2.16,13.8,-0.412,19.12,20.68,01a59380o0175c
59380.32455,-21.515,3.576,-9,32,c,0,1.18,219.42633,2.2845,2108.98,1098.61,2.44,2.16,13,-0.4,18.54,20.1,01a59380o0186c
59380.32962,-20.777,1.966,-18,35,c,0,1.21,219.42633,2.2845,2050.11,1019.24,2.29,2.08,16.9,-0.411,18.34,19.73,01a59380o0197c
59380.36079,-21.207,1.096,-12,13,c,0,1.25,219.42633,2.2845,2040.72,1130.3,2.42,2.29,27.2,-0.405,19.59,21.44,01a59380o0264c
59382.33166,21.075,1.124,14,15,o,0,1.86,219.42633,2.2845,2227.71,7599.88,2.11,1.94,-62.5,-0.45,19.46,20.55,02a59382o0199o
59382.33533,20.339,0.635,27,17,o,0,1.07,219.42633,2.2845,2211.34,7562.53,2.1,1.89,-61.4,-0.456,19.5,20.54,02a59382o0207o
59382.34224,20.343,0.828,26,22,o,0,1.25,219.42633,2.2845,2269.21,7636.96,2.09,1.87,-59.8,-0.458,19.49,20.49,02a59382o0222o
59382.35523,20.672,0.905,20,18,o,0,1.11,219.42633,2.2845,2288.91,7522.49,2,1.88,-69.7,-0.457,19.47,20.45,02a59382o0250o
59384.31562,-22.367,3.208,-4,13,o,0,1.97,219.42633,2.2845,6078.13,4569.7,1.99,1.84,-87.4,-0.412,19.28,19.66,01a59384o0166o
59384.32704,20.509,1.205,23,27,o,0,0.69,219.42633,2.2845,6021.24,4489.12,2.04,1.86,-89.4,-0.408,18.77,18.98,01a59384o0190o
59384.33305,-20.143,0.81,-32,26,o,0,1.52,219.42633,2.2845,6004.59,4606.99,2.06,1.93,-89.4,-0.41,18.55,18.75,01a59384o0203o
59388.33748,19.562,0.323,54,18,o,0,1.59,219.42633,2.2845,6061.62,4519.24,1.84,1.75,-85.1,-0.412,19.01,19.01,01a59388o0211o
59388.34073,20.325,0.754,27,20,o,0,1.72,219.42633,2.2845,6082.02,4558.25,1.88,1.76,-83.5,-0.41,18.99,19.03,01a59388o0218o
59388.34721,-19.487,0.387,-58,22,o,0,0.95,219.42633,2.2845,6024.35,4480.8,1.93,1.77,-82.6,-0.407,18.96,19.04,01a59388o0232o
59388.35817,-20.827,1.107,-17,19,o,0,1.21,219.42633,2.2845,6004.32,4595.66,1.93,1.8,-87.5,-0.408,18.95,19.04,01a59388o0255o
59390.32721,20.745,2.285,18,42,o,0,0.85,219.42633,2.2845,6338.65,4018.92,2.04,1.93,75.4,-0.444,18.17,18.22,02a59390o0183o
59390.33133,-21.173,2.942,-12,36,o,0,1.07,219.42633,2.2845,6319.16,3980.03,2.09,1.86,57.1,-0.44,18.19,18.19,02a59390o0192o
59390.33732,-19.335,0.759,-67,51,o,0,0.48,219.42633,2.2845,6376.64,4058.03,2.05,1.85,56.7,-0.442,18.12,18.09,02a59390o0205o
59390.34747,-20.157,1.263,-31,40,o,0,0.82,219.42633,2.2845,6396.58,3942.7,2.06,1.9,59,-0.437,18.23,18.22,02a59390o0227o
59392.4213,20.619,0.953,20,20,o,0,0.96,219.42633,2.2845,5957.29,2578.23,1.95,1.88,-57.5,-0.415,19.11,19.45,01a59392o0393o
59392.42546,-21.331,1.806,-11,19,o,0,1.06,219.42633,2.2845,5977.37,2616.56,1.92,1.81,-53.6,-0.414,19.1,19.43,01a59392o0402o
59392.44141,-23.131,12,-2,24,o,0,1.1,219.42633,2.2845,5916.88,2542.88,2.13,2.04,-49.5,-0.406,18.92,19.27,01a59392o0436o
59392.45383,-20.639,1.237,-20,25,o,0,0.75,219.42633,2.2845,5898.07,2661.74,2.09,1.99,-39.8,-0.405,18.82,19.09,01a59392o0462o
59394.34038,22.154,3.237,5,16,c,0,1.02,219.42633,2.2845,2594.37,9841.26,2.43,2.2,-50.9,-0.427,19.74,21.54,02a59394o0210c
59394.34598,-20.615,0.703,-21,14,c,0,1.1,219.42633,2.2845,2575.09,9801.24,2.45,2.22,-50.3,-0.427,19.74,21.56,02a59394o0222c
59394.3663,22.425,3,4,12,c,0,1.65,219.42633,2.2845,2633.44,9880.22,2.46,2.23,-51,-0.424,19.67,21.47,02a59394o0266c
59394.37371,-20.427,0.536,-24,13,c,0,1.39,219.42633,2.2845,2652.65,9762.9,2.46,2.29,-57.8,-0.424,19.59,21.29,02a59394o0282c
59396.35639,21.777,1.541,7,11,o,0,1.55,219.42633,2.2845,5958.21,2578.6,1.89,1.79,-76.5,-0.42,19.73,20.8,01a59396o0253o
59396.36007,20.155,0.447,32,14,o,0,0.84,219.42633,2.2845,5976.17,2616.1,1.83,1.72,-79.2,-0.429,19.75,20.78,01a59396o0261o
59396.36835,20.672,0.648,20,13,o,0,0.87,219.42633,2.2845,5920.24,2539.99,1.83,1.73,-70.9,-0.423,19.75,20.81,01a59396o0279o
59396.3977,22.358,2.896,4,12,o,0,1.19,219.42633,2.2845,5903.75,2656.87,2.05,1.96,-31.5,-0.408,19.64,20.78,01a59396o0342o
59400.31573,20.564,0.651,22,14,o,0,1.13,219.42633,2.2845,6174.88,6448.83,1.94,1.89,-67.5,-0.404,19.69,20.78,01a59400o0166o
59400.32127,20.724,0.722,19,14,o,0,1.21,219.42633,2.2845,6194.21,6487.53,1.98,1.82,-78.4,-0.41,19.69,20.74,01a59400o0178o
59400.3245,-21.321,1.281,-11,14,o,0,0.73,219.42633,2.2845,6136.32,6409.66,2.05,1.81,-86.4,-0.408,19.65,20.67,01a59400o0185o
59400.33558,21.692,1.594,8,12,o,0,1.35,219.42633,2.2845,6118.18,6526.03,2.03,1.88,-75.5,-0.404,19.61,20.66,01a59400o0209o
59402.32568,-23.696,11.889,-1,14,c,0,1.8,219.42633,2.2845,4533.33,9739.41,2.5,2.32,-56.2,-0.421,19.7,21.47,02a59402o0181c
59402.32889,-23.679,12.556,-1,15,c,0,1.58,219.42633,2.2845,4516.45,9700.89,2.51,2.34,-53.8,-0.423,19.69,21.48,02a59402o0188c
59402.33628,24.115,17,1,14,c,0,1.6,219.42633,2.2845,4575.15,9777.99,2.49,2.33,-53.9,-0.416,19.61,21.34,02a59402o0204c
59402.35007,-19.776,0.283,-45,13,c,0,2.02,219.42633,2.2845,4600.37,9662.13,2.48,2.32,-53.1,-0.422,19.66,21.42,02a59402o0234c
59404.29906,-21.46,1.163,-10,11,o,0,1.47,219.42633,2.2845,6175.27,6450.99,1.78,1.64,-88.9,-0.428,19.86,20.89,01a59404o0127o
59404.30234,-23.895,11.375,-1,11,o,0,1.34,219.42633,2.2845,6194.69,6489.73,1.78,1.65,-85.7,-0.436,19.85,20.88,01a59404o0134o
59404.3079,-21.024,0.762,-14,11,o,0,1.54,219.42633,2.2845,6136.41,6412.24,1.82,1.65,-87.1,-0.421,19.84,20.86,01a59404o0146o
59404.31898,21.579,1.522,8,13,o,0,1.28,219.42633,2.2845,6118.08,6527.64,1.82,1.61,-82.4,-0.429,19.82,20.83,01a59404o0170o
59406.28406,-21.488,1.548,-9,14,c,0,1.8,219.42633,2.2845,4544.34,9736.65,2.58,2.39,-59.2,-0.413,19.61,21.46,02a59406o0089c
59406.28728,-20.301,0.551,-28,15,c,0,1.66,219.42633,2.2845,4525.32,9697.92,2.53,2.31,-55.5,-0.418,19.63,21.44,02a59406o0096c
59406.29247,-21.458,1.418,-10,13,c,0,1.53,219.42633,2.2845,4585.05,9777.63,2.56,2.34,-49.1,-0.417,19.69,21.55,02a59406o0107c
59406.30499,21.517,1.297,9,12,c,0,1.87,219.42633,2.2845,4603.51,9661.14,2.56,2.41,-60.3,-0.407,19.73,21.6,02a59406o0134c
59408.27163,-20.708,0.625,-19,12,o,0,2.02,219.42633,2.2845,9878.78,579.77,2.17,1.87,-69.8,-0.376,19.79,20.86,01a59408o0072o
59408.27855,-23.035,6.261,-2,14,o,0,1.96,219.42633,2.2845,9899.09,618.8,2.32,2.03,-71,-0.375,19.7,20.81,01a59408o0087o
59408.28409,-19.626,0.247,-51,13,o,0,1.45,219.42633,2.2845,9842.45,539.64,2.23,1.98,-72.1,-0.375,19.73,20.78,01a59408o0099o
59408.29699,22.085,3.046,5,16,o,0,1.35,219.42633,2.2845,9824.08,658.44,2.12,1.81,-73.2,-0.391,19.77,20.81,01a59408o0127o
59412.24881,-21.782,3.563,-7,25,o,0,0.73,219.42633,2.2845,9875.59,583.86,2.14,1.84,-64.2,-0.36,19.03,19.03,01a59412o0024o
59412.26231,20.307,0.632,27,17,o,0,1.35,219.42633,2.2845,9898.07,619.74,2.11,1.76,-72.5,-0.382,19.36,19.75,01a59412o0053o
59412.26553,22.656,4.59,3,14,o,0,2.38,219.42633,2.2845,9839.17,541.99,2.13,1.75,-74.2,-0.388,19.36,19.76,01a59412o0060o
59412.27475,-26.561,249,0,22,o,0,1,219.42633,2.2845,9818.74,659.77,2.19,1.81,-78.1,-0.384,19.31,19.77,01a59412o0080o
59414.2876,20.461,1.283,24,30,o,0,0.81,219.42633,2.2845,283.04,7710.82,2.34,1.83,-53.7,-0.429,18.68,19.17,02a59414o0097o
59414.31927,21.2,2.707,12,33,o,0,0.81,219.42633,2.2845,262.74,7668.15,2.43,2.01,-51.1,-0.404,18.54,19.09,02a59414o0165o
59414.32332,-20.135,0.869,-32,28,o,0,0.93,219.42633,2.2845,324.23,7744.22,2.35,1.93,-51.5,-0.433,18.6,19.07,02a59414o0173o
59416.32449,-17.313,0.47,-431,203,o,0,1.02,219.42633,2.2845,250.21,4837.85,1.9,1.67,84.1,-0.453,15.68,15.5,01a59416o0200o
59416.32635,20.797,3.872,17,68,o,0,0.99,219.42633,2.2845,10396.29,4802.03,2.22,1.8,-87.8,-0.419,18.03,18.27,01a59416o0204o
59416.32773,20.762,2.205,18,40,o,0,1.33,219.42633,2.2845,270.26,4876.07,1.89,1.66,86.4,-0.435,18.3,18.4,01a59416o0207o
59416.33234,21.367,8.412,10,87,o,0,1.24,219.42633,2.2845,10337.83,4725.4,2.2,1.88,-88.3,-0.416,17.64,17.54,01a59416o0217o
59416.33373,20.786,1.921,18,34,o,0,0.95,219.42633,2.2845,211.09,4797.79,1.86,1.64,86.9,-0.433,18.51,18.45,01a59416o0220o
59416.34248,19.832,0.927,42,39,o,0,0.82,219.42633,2.2845,10314.76,4844.23,2.22,1.75,-86.8,-0.441,18.34,18.21,01a59416o0239o
59416.34386,19.804,1.428,44,62,o,0,1.09,219.42633,2.2845,190.87,4913.68,1.96,1.72,89.1,-0.443,17.99,17.87,01a59416o0242o
59417.27657,-17.8,0.673,-275,186,o,0,1.76,219.42633,2.2845,269.26,7699.98,2.4,1.89,-57.4,-0.48,16.51,16.64,02a59417o0076o
59417.28071,-19.26,0.923,-72,66,o,0,2.13,219.42633,2.2845,250.29,7661.75,2.39,1.91,-56.5,-0.429,17.54,17.6,02a59417o0085o
59417.28853,-19.607,3.551,-52,185,o,0,1.02,219.42633,2.2845,308.91,7739.3,2.38,1.94,-56.1,-0.454,16.9,16.96,02a59417o0102o
59417.29864,-20.985,2.043,-15,30,o,0,1.82,219.42633,2.2845,331.15,7622.38,2.3,1.89,-54.6,-0.414,18.27,18.52,02a59417o0124o
59417.30367,-19.528,1.573,-56,88,o,0,1.2,219.42633,2.2845,10416.06,7713.43,2.63,2.35,-54.9,-0.416,17.59,17.66,02a59417o0135o
59417.30917,16.492,0.438,919,402,o,0,1.25,219.42633,2.2845,10397.51,7674.66,2.58,2.38,-62.9,-0.454,15.84,15.72,02a59417o0147o
59417.31285,17.994,1.088,230,251,o,0,1.88,219.42633,2.2845,10457.55,7753.32,2.69,2.25,-56.8,-0.4,17.11,17.09,02a59417o0155o
59418.32218,-19.487,2.092,-58,122,o,0,0.61,219.42633,2.2845,10149.39,1880.57,2.76,2.09,-53.2,-0.44,17.16,17.24,02a59418o0160o
59418.32631,-20.612,3.435,-21,71,o,0,1.08,219.42633,2.2845,10129.76,1843.96,2.76,2.17,-53.6,-0.477,17.61,17.89,02a59418o0169o
59420.27579,-20.868,1.038,-16,17,o,0,1.1,219.42633,2.2845,10367.18,4763.48,2.06,1.76,-88.2,-0.433,19.41,19.82,01a59420o0009o
59420.27948,19.936,0.485,38,19,o,0,1.16,219.42633,2.2845,10387.77,4801.71,2.06,1.71,-88.4,-0.443,19.41,19.77,01a59420o0017o
59420.28132,-19.377,0.262,-64,17,o,0,0.85,219.42633,2.2845,238.42,4841.57,1.75,1.54,86.4,-0.428,19.42,19.83,01a59420o0021o
59420.28501,20.668,0.932,20,18,o,0,0.84,219.42633,2.2845,259.7,4879.15,1.78,1.51,84.4,-0.429,19.4,19.8,01a59420o0029o
59420.28639,24.704,35.833,0,17,o,0,1.44,219.42633,2.2845,10330.11,4723.51,2.1,1.77,89.6,-0.425,19.36,19.71,01a59420o0032o
59420.29241,20.068,0.443,34,15,o,0,1.71,219.42633,2.2845,201.02,4800.76,1.91,1.66,87.7,-0.428,19.33,19.73,01a59420o0045o
59420.29702,19.881,0.806,40,33,o,0,1.12,219.42633,2.2845,10311.11,4840.8,2.17,1.71,-86.8,-0.456,18.79,19.04,01a59420o0055o
59420.30492,-19.92,0.497,-39,19,o,0,0.74,219.42633,2.2845,182.47,4916.38,1.84,1.59,87.1,-0.435,19.24,19.62,01a59420o0072o
59424.33687,-21.636,1.542,-8,12,c,0,1.32,219.42633,2.2845,4044.26,930.12,2.66,2.63,86,-0.384,19.58,21.54,01a59424o0219c
59424.34706,20.365,0.5,26,13,c,0,1.19,219.42633,2.2845,4064.7,968.94,2.67,2.65,77.6,-0.382,19.5,21.44,01a59424o0241c
59424.35627,20.422,0.557,25,14,c,0,3.29,219.42633,2.2845,4007.95,891.82,2.93,2.87,71.2,-0.356,19.39,21.33,01a59424o0261c
59424.3609,-22.394,3.318,-4,13,c,0,1.81,219.42633,2.2845,3991.11,1009.29,2.99,2.95,-10.1,-0.359,19.3,21.16,01a59424o0271c
59426.30838,-20.107,0.507,-33,17,o,0,1.33,219.42633,2.2845,8368.15,5864.8,2.22,2.14,69.3,-0.425,19.39,20.37,02a59426o0152o
59426.31205,20.733,0.929,18,17,o,0,0.99,219.42633,2.2845,8349.11,5826.52,2.19,2.13,74.4,-0.429,19.39,20.37,02a59426o0160o
59426.32031,-21.171,1.292,-12,16,o,0,1.55,219.42633,2.2845,8406.27,5904.41,2.16,2.08,62.8,-0.428,19.34,20.33,02a59426o0178o
59426.33313,-19.582,0.327,-53,18,o,0,1.16,219.42633,2.2845,8426.63,5786.87,2.15,2.1,-74.3,-0.429,19.31,20.2,02a59426o0206o
59428.28912,-21.7,1.464,-8,11,c,0,1.38,219.42633,2.2845,4048.77,933.62,2.18,2.16,-81.7,-0.41,19.73,21.25,01a59428o0121c
59428.29235,-21.488,1.183,-9,11,c,0,1.4,219.42633,2.2845,4068.97,971.99,2.27,2.25,-78.7,-0.415,19.69,21.25,01a59428o0128c
59428.29788,24.753,30.5,0,14,c,0,1,219.42633,2.2845,4010.47,893.51,2.45,2.44,-50.7,-0.404,19.6,21.29,01a59428o0140c
59428.30944,-20.766,0.692,-18,12,c,0,1.09,219.42633,2.2845,3990.76,1010.2,2.32,2.3,-53.5,-0.406,19.67,21.33,01a59428o0165c
59430.26766,-21.982,2.432,-6,14,o,0,1.4,219.42633,2.2845,8364.67,5860.89,2.44,2.12,-68.3,-0.444,19.43,20.74,02a59430o0071o
59430.27133,21.042,1.138,14,16,o,0,1.17,219.42633,2.2845,8345.39,5822.57,2.37,2.09,-69,-0.445,19.46,20.74,02a59430o0079o
59430.27777,-21.047,1.1,-14,15,o,0,1.43,219.42633,2.2845,8406.75,5899.57,2.47,2.19,-64.2,-0.438,19.41,20.73,02a59430o0093o
59430.28788,22.334,3.962,4,17,o,0,1.29,219.42633,2.2845,8426.12,5783.34,2.67,2.39,-61.6,-0.432,19.32,20.74,02a59430o0115o
59432.2782,-20.304,0.398,-27,11,c,0,1.33,219.42633,2.2845,4134.3,4617.82,2.27,2.03,-85.5,-0.393,19.83,21.52,01a59432o0100c
59432.28235,-20.358,0.481,-26,13,c,0,0.93,219.42633,2.2845,4153.6,4655.78,2.34,2.05,-85.9,-0.391,19.82,21.52,01a59432o0109c
59432.28788,21.287,1.107,11,12,c,0,1.18,219.42633,2.2845,4094.02,4580.33,2.33,2.05,-84.7,-0.398,19.8,21.53,01a59432o0121c
59432.29851,22.038,2.448,6,14,c,0,0.86,219.42633,2.2845,4074.22,4696.35,2.37,2.09,-84.2,-0.395,19.78,21.5,01a59432o0144c
59434.27636,-20.591,0.696,-21,15,o,0,1.26,219.42633,2.2845,8277.53,3923.13,2.37,1.99,-61.5,-0.448,19.42,20.72,02a59434o0093o
59434.28005,21.343,1.602,10,17,o,0,0.96,219.42633,2.2845,8258.13,3886.32,2.28,1.92,-60.5,-0.445,19.46,20.73,02a59434o0101o
59434.28559,22.355,4.139,4,17,o,0,0.74,219.42633,2.2845,8316.43,3961.84,2.29,1.94,-62.1,-0.441,19.47,20.74,02a59434o0113o
59434.2985,20.889,1.079,16,17,o,0,1.08,219.42633,2.2845,8334.96,3847.95,2.28,1.91,-58.1,-0.443,19.47,20.68,02a59434o0141o
59436.2426,20.861,0.805,16,13,c,0,1.29,219.42633,2.2845,4125.61,4619.11,2.11,2.09,-64,-0.364,19.31,20.12,01a59436o0008c
59436.24583,-21.607,1.352,-8,11,c,0,2.12,219.42633,2.2845,4145.89,4655.85,2.07,2.02,-82,-0.368,19.58,20.71,01a59436o0015c
59436.25366,21.251,0.94,12,11,c,0,1.33,219.42633,2.2845,4088.96,4576.26,2.11,1.94,-88,-0.391,19.81,21.31,01a59436o0032c
59436.26749,-20.129,0.253,-32,8,c,0,2.53,219.42633,2.2845,4073.38,4693.73,2.22,1.98,-87,-0.405,19.81,21.41,01a59436o0062c
59438.24264,20.87,1.393,16,23,o,0,1.1,219.42633,2.2845,8276.04,3927,2.29,2.06,-65.7,-0.443,19.09,19.87,02a59438o0021o
59438.24585,20.139,0.584,32,19,o,0,0.82,219.42633,2.2845,8256.89,3886.15,2.36,2.07,-65.6,-0.445,19.27,20.34,02a59438o0028o
59438.25134,22.423,3.875,4,15,o,0,1.27,219.42633,2.2845,8315.19,3962.54,2.33,2.04,-68.1,-0.439,19.42,20.7,02a59438o0040o
59438.26328,-21.942,2.255,-6,14,o,0,1.79,219.42633,2.2845,8335.57,3845.03,2.3,2,-63.9,-0.446,19.47,20.8,02a59438o0066o
59440.23738,20.839,1.96,17,33,o,0,1.21,219.42633,2.2845,2396.36,8608.59,2.51,2.17,-42.5,-0.398,18.51,18.69,01a59440o0021o
59440.24061,19.561,0.465,54,25,o,0,1.45,219.42633,2.2845,2416.64,8645.22,3.08,2.71,-41.9,-0.371,18.6,19.32,01a59440o0028o
59440.24797,22.333,5,4,21,o,0,2.08,219.42633,2.2845,2356.68,8563.83,3.34,2.84,-45.6,-0.435,18.87,19.87,01a59440o0044o
59440.25858,-20.998,1.327,-14,19,o,0,1.28,219.42633,2.2845,2337.64,8679.49,2.78,2.29,-36.3,-0.399,19.05,19.96,01a59440o0067o
59442.27062,23.667,30.385,1,38,o,0,0.31,219.42633,2.2845,97.95,3818.41,2.12,1.8,-53.1,-0.412,19.11,19.64,02a59442o0091o
59442.27385,-17.709,0.135,-299,40,o,0,1.45,219.42633,2.2845,81.63,3777.51,2.1,1.83,-54.4,-0.411,19.1,19.62,02a59442o0098o
59442.27523,-22.923,8,-2,20,o,0,1.5,219.42633,2.2845,10236.82,3828.71,2.33,1.82,-52.9,-0.468,19.11,19.68,02a59442o0101o
59442.27846,-19.84,0.623,-42,26,o,0,0.7,219.42633,2.2845,10214.71,3790.89,2.28,1.85,-51,-0.478,19.1,19.68,02a59442o0108o
59442.27984,20.62,0.99,20,20,o,0,1.11,219.42633,2.2845,140.33,3855.58,2.19,1.88,-52.6,-0.415,19.02,19.61,02a59442o0111o
59442.28396,20.448,0.985,24,24,o,0,0.92,219.42633,2.2845,10273.23,3870.56,2.31,1.9,-51.7,-0.469,19.12,19.66,02a59442o0120o
59442.28991,19.807,0.497,43,22,o,0,1.15,219.42633,2.2845,160.98,3738.6,2.06,1.9,-55.7,-0.417,18.99,19.54,02a59442o0133o
59442.29407,-19.201,0.33,-76,25,o,0,1,219.42633,2.2845,10294.52,3752.13,2.34,1.89,-49.6,-0.472,19.06,19.6,02a59442o0142o
59446.23711,20.431,1.767,24,43,o,0,0.83,219.42633,2.2845,10236.27,3830.16,2.43,1.83,-59.9,-0.478,18.13,17.97,02a59446o0023o
59446.24033,-19.178,0.449,-77,35,o,0,1.08,219.42633,2.2845,10217.93,3791.25,2.38,1.82,-58.5,-0.477,18.58,18.67,02a59446o0030o
59446.24582,-22.208,5.59,-5,27,o,0,1.24,219.42633,2.2845,10277.79,3868.8,2.44,1.89,-57.2,-0.464,18.88,19.27,02a59446o0042o
59446.25777,-20.349,0.959,-26,25,o,0,1.21,219.42633,2.2845,10298.89,3752.05,2.38,1.88,-53.8,-0.476,18.96,19.41,02a59446o0068o
59448.25882,-19.319,0.27,-68,18,o,0,1.45,219.42633,2.2845,6282.42,8382.94,1.94,1.84,-89.6,-0.425,18.94,19.02,01a59448o0078o
59448.26204,-20.698,1.324,-19,25,o,0,1.18,219.42633,2.2845,6303.02,8420.71,1.99,1.82,67,-0.412,18.9,19.01,01a59448o0085o
59448.26759,19.724,0.564,47,26,o,0,0.74,219.42633,2.2845,6243.94,8344.13,1.99,1.84,-66.4,-0.42,18.85,18.97,01a59448o0097o
59448.27866,-20.647,1.492,-20,30,o,0,1,219.42633,2.2845,6222.74,8463.1,2.04,1.82,-57.4,-0.438,18.77,18.87,01a59448o0121o
59456.23412,20.811,1.34,17,23,o,0,0.87,219.42633,2.2845,2067.13,2782.33,1.71,1.67,46.2,-0.425,18.97,19.29,01a59456o0036o
59456.23734,21.24,1.871,12,22,o,0,1.08,219.42633,2.2845,2087.93,2819.71,1.82,1.74,48.3,-0.413,18.98,19.58,01a59456o0043o
59456.24287,-20.599,1.108,-21,23,o,0,0.63,219.42633,2.2845,2027.45,2743.34,1.73,1.71,-4.4,-0.43,18.92,19.69,01a59456o0055o
59456.25531,20.11,0.644,33,21,o,0,1.03,219.42633,2.2845,2011.5,2858.55,1.75,1.75,-22.8,-0.423,18.9,19.75,01a59456o0082o
59458.24429,-19.724,0.568,-47,27,c,0,1.75,219.42633,2.2845,6253.02,2083.35,2.36,2.16,-58.6,-0.402,18.13,19.35,02a59458o0053c
59458.24797,-21.473,4.64,-9,43,c,0,1.11,219.42633,2.2845,6233.21,2044.63,2.38,2.16,-60.4,-0.389,18.07,19.36,02a59458o0061c
59458.25348,19.077,0.473,85,40,c,0,1.18,219.42633,2.2845,6289.82,2124.35,2.41,2.19,-61,-0.394,18.3,19.59,02a59458o0073c
59458.26405,-20.932,9.375,-15,144,c,0,1.33,219.42633,2.2845,6310.3,2006.94,2.45,2.26,-56.6,-0.404,16.89,18.35,02a59458o0096c
59460.22792,-23.625,18.133,-1,23,o,0,0.83,219.42633,2.2845,2069.26,2783.69,2.06,1.94,-55.4,-0.419,19.05,19.44,01a59460o0024o
59460.23114,-22.702,4.878,-3,15,o,0,1.43,219.42633,2.2845,2088.63,2821.94,1.89,1.81,-59.6,-0.422,19.34,19.85,01a59460o0031o
59460.23897,-20.536,0.667,-22,15,o,0,1.1,219.42633,2.2845,2029.33,2743.28,1.98,1.9,-54.8,-0.422,19.43,20.22,01a59460o0048o
59460.25096,-21.3,1.256,-11,14,o,0,1.63,219.42633,2.2845,2010.48,2859.47,2,1.92,-34.9,-0.423,19.39,20.21,01a59460o0074o
59580.62176,19.979,0.503,37,19,o,0,1.31,219.42633,2.2845,8478.48,9534.41,3.09,2.99,65.9,-0.433,19.08,20.46,01a59580o0528o
59580.62498,19.687,0.386,48,19,o,0,1.28,219.42633,2.2845,8459.6,9494.74,3.12,2.97,60.7,-0.439,19.09,20.46,01a59580o0535o
59580.63144,20.252,0.705,29,20,o,0,1.09,219.42633,2.2845,8521.72,9569.77,2.99,2.9,-88.5,-0.448,19.11,20.47,01a59580o0549o
59580.64941,21.406,2,10,20,o,0,1.58,219.42633,2.2845,8551.65,9447.46,3.01,2.88,61.1,-0.44,19.15,20.44,01a59580o0588o
59584.61595,22.439,4.222,4,16,o,0,1.65,219.42633,2.2845,4496.77,6090.52,3.01,3,-32.2,-0.438,19.2,20.76,01a59584o0876o
59584.61917,21.786,2.794,7,20,o,0,1.14,219.42633,2.2845,4478.13,6051.42,3.01,2.9,-45.9,-0.444,19.2,20.79,01a59584o0883o
59584.62471,18.029,0.095,223,21,o,0,23.57,219.42633,2.2845,4537.8,6126.51,2.98,2.94,-70.2,-0.443,19.23,20.82,01a59584o0895o
59584.63668,-24.924,44,0,17,o,0,1.41,219.42633,2.2845,4561.31,6009.23,2.92,2.81,-46,-0.453,19.27,20.86,01a59584o0921o
59586.62176,-21.059,0.885,-14,12,c,0,1.94,219.42633,2.2845,4229.24,6540.76,2.4,2.26,32.9,-0.408,19.55,21.36,02a59586o0886c
59586.62497,-20.877,0.833,-16,14,c,0,1.15,219.42633,2.2845,4248.38,6579.22,2.5,2.3,36.4,-0.4,19.53,21.36,02a59586o0893c
59586.63184,22.841,5.056,3,13,c,0,0.98,219.42633,2.2845,4190.79,6501.65,2.49,2.28,35.7,-0.403,19.54,21.37,02a59586o0908c
59586.64987,-20.681,0.587,-19,11,c,0,1.74,219.42633,2.2845,4173.14,6617.76,2.39,2.27,33,-0.41,19.55,21.37,02a59586o0947c
59588.61011,-20.74,0.942,-18,17,o,0,1.19,219.42633,2.2845,4495.47,6085.51,2.73,2.68,48.1,-0.46,19.28,20.75,01a59588o0898o
59588.61334,-21.587,1.894,-8,16,o,0,1.6,219.42633,2.2845,4476.73,6047.37,2.76,2.73,47.2,-0.454,19.3,20.76,01a59588o0905o
59588.6198,18.015,0.082,226,18,o,0,26.24,219.42633,2.2845,4537.75,6122.72,2.8,2.76,53.4,-0.456,19.27,20.76,01a59588o0919o
59588.6304,-22.007,3.143,-6,18,o,0,1.63,219.42633,2.2845,4560.63,6004.72,2.99,2.94,-55.5,-0.436,19.22,20.8,01a59588o0942o
59592.63727,-22.678,5.467,-3,17,o,0,1.89,219.42633,2.2845,4633.13,8009.06,3,2.93,-56.8,-0.445,19.27,20.86,01a59592o0937o
59592.64004,-24.77,37.5,0,17,o,0,1.43,219.42633,2.2845,4614.01,7972.76,3.13,3.09,-32.9,-0.441,19.2,20.83,01a59592o0943o
59592.65669,22.988,6.917,2,16,o,0,1.69,219.42633,2.2845,4680.24,8048.19,2.91,2.84,-52.8,-0.454,19.26,20.78,01a59592o0979o
59592.66485,-22.302,5.136,-4,22,o,0,1.52,219.42633,2.2845,4700.84,7929.34,2.95,2.88,-61.1,-0.451,19.02,20.18,01a59592o0996o
59595.09087,20.654,1.15,20,23,o,0,1.07,219.42633,2.2845,2383.68,5910.81,2.84,2.08,-84.2,-0.401,19.05,20.37,03a59595o0096o
59595.0946,20.877,1.235,16,20,o,0,0.8,219.42633,2.2845,2362.43,5897.19,2.94,2.08,-86,-0.396,19.11,20.5,03a59595o0104o
59595.09975,-22.362,4.435,-4,18,o,0,1.44,219.42633,2.2845,2414.8,6009.68,2.82,2.02,-87.2,-0.412,19.18,20.54,03a59595o0115o
59595.1152,-20.332,1.326,-27,36,o,0,0.92,219.42633,2.2845,2427.39,5992.62,3.04,2.06,-89.9,-0.378,18.43,19.07,03a59595o0148o
59596.34829,-20.439,1.531,-24,37,o,0,0.83,219.42633,2.2845,8336.68,7762.42,3.15,2.39,-10.8,-0.341,18.33,19.2,04a59596o0565o
59596.36312,-20.79,1.747,-18,31,o,0,1.04,219.42633,2.2845,8423.46,7722.76,3.47,2.32,-3.4,-0.328,18.44,19.37,04a59596o0596o
59596.36747,-19.86,0.824,-41,34,o,0,1.01,219.42633,2.2845,8519.51,7799.91,3.46,2.34,0.7,-0.319,18.33,19.31,04a59596o0605o
59596.37312,-19.947,1.024,-38,39,o,0,0.99,219.42633,2.2845,8585.65,7684.46,3.73,2.26,-3.2,-0.313,18.23,19.06,04a59596o0617o
59596.58947,20.39,1.496,25,38,o,0,1.47,219.42633,2.2845,4618.43,8018.12,2.81,2.75,-45.8,-0.478,18.59,19.31,01a59596o0857o
59596.59319,-19.314,0.508,-68,35,o,0,1.74,219.42633,2.2845,4599.86,7980.62,2.75,2.7,-54.6,-0.478,18.61,19.33,01a59596o0865o
59596.59918,-21.72,5.476,-7,41,o,0,1.33,219.42633,2.2845,4661.47,8055.69,2.72,2.71,41.1,-0.476,18.62,19.35,01a59596o0878o
59596.60934,-19.987,0.967,-37,36,o,0,0.91,219.42633,2.2845,4685.59,7939.16,2.73,2.65,-50.4,-0.478,18.67,19.42,01a59596o0900o
59597.33228,-19.432,0.577,-61,35,o,0,1.3,219.42633,2.2845,8250.51,7763.7,2.79,2.38,-4.6,-0.354,18.05,18.7,04a59597o0661o
59597.33513,19.258,0.606,72,44,o,0,0.85,219.42633,2.2845,8245.08,7724.35,2.98,2.43,-3.3,-0.359,18.03,18.73,04a59597o0667o
59597.34062,-19.474,0.726,-59,43,o,0,0.82,219.42633,2.2845,8334.35,7801.1,3.08,2.35,-3.6,-0.333,18.14,18.79,04a59597o0679o
59597.35174,20.54,2.029,22,45,o,0,0.72,219.42633,2.2845,8423.9,7682.78,3.25,2.29,-3.6,-0.326,18.18,18.91,04a59597o0702o
59600.62148,-22.807,8.267,-3,23,o,0,1.22,219.42633,2.2845,4372,4138.39,2.8,2.73,-57,-0.468,18.86,19.8,01a59600o0924o
59600.6247,-21.951,3.621,-6,22,o,0,1.4,219.42633,2.2845,4354.01,4100.62,3.01,2.96,-56.1,-0.447,18.81,19.81,01a59600o0931o
59600.64043,-21.786,3.053,-7,21,o,0,1.49,219.42633,2.2845,4420.57,4173.36,2.82,2.77,-16.4,-0.463,18.91,19.87,01a59600o0964o
59600.65201,-22.186,4.773,-5,23,o,0,1.52,219.42633,2.2845,4440.85,4056.28,3.13,3.06,-44,-0.438,18.75,19.87,01a59600o0989o
59601.3606,19.366,0.385,65,25,o,0,1.07,219.42633,2.2845,2118.99,3720.64,3.04,1.99,7.3,-0.341,18.47,19.32,04a59601o0537o
59601.36433,-21.29,2.522,-11,28,o,0,1.01,219.42633,2.2845,2136.81,3682.43,3.22,2.02,6.3,-0.329,18.49,19.39,04a59601o0545o
59601.37981,-21.82,4.237,-7,29,o,0,1.27,219.42633,2.2845,2365.61,3763.59,3.57,2.03,6.9,-0.314,18.22,18.94,04a59601o0576o
59601.38638,-20.554,2.852,-22,62,o,0,0.81,219.42633,2.2845,2461.94,3648.97,3.74,2.07,5.2,-0.308,17.59,17.9,04a59601o0590o
59602.09429,21.232,2.887,12,34,o,0,1.09,219.42633,2.2845,6390.15,5977.56,2.3,1.93,-5.1,-0.477,18.51,18.98,03a59602o0674o
59602.09708,-20.232,1.059,-29,31,o,0,1.61,219.42633,2.2845,6372.88,5938.36,2.19,1.9,-10,-0.491,18.55,19.01,03a59602o0680o
59602.11674,19.716,0.799,47,38,o,0,1.53,219.42633,2.2845,6433.07,6015.38,2.11,1.93,-17.1,-0.487,18.25,18.44,03a59602o0720o
59602.12199,18.542,0.404,139,56,o,0,1.35,219.42633,2.2845,6461.25,5898.45,2.11,1.99,-23.8,-0.498,17.81,17.64,03a59602o0731o
59603.08322,19.584,8.216,53,438,o,0,0.62,219.42633,2.2845,6456.81,5906.69,2.35,2.23,-19.5,-0.493,16.41,17.57,03a59603o0574o
59604.57903,-20.763,1.288,-18,23,o,0,1.91,219.42633,2.2845,4363.09,4141.23,2.73,2.61,-43.1,-0.48,18.68,19.49,01a59604o0820o
59604.58226,-20.095,0.781,-33,26,o,0,1.2,219.42633,2.2845,4347.79,4107.69,2.69,2.67,-8.1,-0.478,18.71,19.5,01a59604o0827o
59604.58781,20.619,1.252,20,26,o,0,1.48,219.42633,2.2845,4409.02,4183.48,2.73,2.61,-45,-0.485,18.73,19.5,01a59604o0839o
59604.60496,20.695,1.41,19,27,o,0,1.15,219.42633,2.2845,4427.87,4061.56,2.86,2.68,-39.1,-0.476,18.7,19.56,01a59604o0875o
59605.36091,19.941,0.779,38,30,o,0,1.03,219.42633,2.2845,2233.52,3724.81,3.22,1.97,-4.9,-0.347,18.58,19.59,04a59605o0729o
59605.36482,-22.127,5.382,-5,28,o,0,0.89,219.42633,2.2845,2256.46,3686.95,2.95,1.99,-0.8,-0.328,18.6,19.6,04a59605o0737o
59605.3719,-21.764,4.077,-7,29,o,0,0.9,219.42633,2.2845,2398.66,3766.08,3.29,2.11,16.6,-0.351,18.52,19.51,04a59605o0752o
59605.38185,20.121,1.066,32,35,o,0,1.09,219.42633,2.2845,2539.57,3653.93,3.68,2.06,-8.5,-0.341,18.16,18.92,04a59605o0773o
59607.65115,20.36,0.554,26,14,o,0,1.33,219.42633,2.2845,6031.03,825.63,1.91,1.83,-73.9,-0.463,19.52,20.6,02a59607o0972o
59607.6544,21.766,2.31,7,16,o,0,0.96,219.42633,2.2845,6055.34,860.96,1.84,1.77,-79.7,-0.47,19.57,20.62,02a59607o0979o
59607.65725,-23.273,8.7,-2,16,o,0,0.9,219.42633,2.2845,5997.72,783.39,1.89,1.82,-85.7,-0.464,19.54,20.6,02a59607o0985o
59607.66002,-21.362,1.223,-10,13,o,0,1.94,219.42633,2.2845,5977.58,900.05,1.93,1.86,-89.1,-0.456,19.5,20.57,02a59607o0991o
59618.61831,20.381,0.648,26,17,o,0,1.31,219.42633,2.2845,179.9,5854.77,2.98,2.56,-45.3,-0.465,19.46,21.16,01a59618o0905o
59618.62015,20.849,0.978,17,16,o,0,1.31,219.42633,2.2845,160.08,5816.18,3.02,2.61,-46.6,-0.461,19.44,21.19,01a59618o0909o
59618.62291,20.207,0.532,30,16,o,0,1.52,219.42633,2.2845,220.32,5892.72,2.92,2.54,-50.8,-0.472,19.48,21.2,01a59618o0915o
59618.63455,-21.228,1.328,-12,16,o,0,1.76,219.42633,2.2845,10312.62,5668.74,2.93,2.77,-59.4,-0.465,19.46,21.15,01a59618o0940o
59618.63593,20.581,0.669,21,14,o,0,1.84,219.42633,2.2845,237.91,5772.35,2.99,2.54,-50.4,-0.47,19.49,21.16,01a59618o0943o
59618.63732,22.048,3.148,6,17,o,0,1.39,219.42633,2.2845,10290.83,5626,3.11,2.75,-64,-0.47,19.46,21.11,01a59618o0946o
59618.6447,20.671,0.804,20,16,o,0,1.69,219.42633,2.2845,10352.51,5705.2,3.07,2.74,-67.4,-0.475,19.42,21.08,01a59618o0962o
59618.65465,-20.217,0.608,-30,18,o,0,1.27,219.42633,2.2845,10368.12,5581.73,3.01,2.68,-66.9,-0.485,19.45,21.1,01a59618o0983o
59622.60771,20.718,0.917,19,17,o,0,1.18,219.42633,2.2845,180.05,5853.59,2.86,2.52,-49.8,-0.47,19.48,21.27,01a59622o0845o
59622.61093,-21.475,1.854,-9,17,o,0,1.38,219.42633,2.2845,159.76,5815.18,3.07,2.69,-50.1,-0.45,19.45,21.26,01a59622o0852o
59622.61795,19.963,0.49,38,18,o,0,1.11,219.42633,2.2845,220.34,5890.98,2.94,2.61,-46.2,-0.464,19.45,21.17,01a59622o0867o
59622.62818,-21.692,2.105,-8,16,o,0,1.61,219.42633,2.2845,10310.84,5665.6,3.03,2.78,-70.2,-0.469,19.44,21.17,01a59622o0889o
59622.62957,-21.463,1.865,-9,18,o,0,1.36,219.42633,2.2845,237.56,5772.3,2.93,2.57,-47.2,-0.475,19.45,21.18,01a59622o0892o
59622.63003,20.777,0.878,18,16,o,0,1.62,219.42633,2.2845,10289.88,5625.51,2.98,2.75,-65.5,-0.478,19.45,21.16,01a59622o0893o
59622.63279,-21.155,1.161,-12,15,o,0,1.69,219.42633,2.2845,10351.45,5702.85,2.98,2.84,-70.3,-0.465,19.46,21.21,01a59622o0899o
59622.64756,-19.843,0.43,-42,18,o,0,1.09,219.42633,2.2845,10368.29,5580.2,3.01,2.8,-61.7,-0.477,19.44,21.2,01a59622o0928o
59623.38047,19.812,0.43,43,18,o,0,1.13,219.42633,2.2845,6339.17,3992.37,1.99,1.84,-30.3,-0.41,19.27,20.69,04a59623o0565o
59623.38375,20.653,1.011,20,20,o,0,0.86,219.42633,2.2845,6323.16,3952.39,2.04,1.82,-27.2,-0.408,19.18,20.43,04a59623o0572o
59623.38654,-21.606,2.228,-8,18,o,0,1.03,219.42633,2.2845,6382.7,4028.88,1.99,1.78,-30.5,-0.408,19,20.08,04a59623o0578o
59623.3902,21.436,2.769,10,27,o,0,1.1,219.42633,2.2845,6404.82,3911.92,2.24,1.79,-13.8,-0.453,18.59,19.26,04a59623o0586o
59624.63553,20.797,1.211,17,21,o,0,1.2,219.42633,2.2845,48.94,1778.66,2.16,1.81,-52.8,-0.466,19.32,20.19,02a59624o0431o
59624.66035,20.532,0.862,22,19,o,0,0.8,219.42633,2.2845,10149.93,1862.77,2.12,1.7,-54,-0.487,19.52,20.66,02a59624o0481o
59624.66356,-21.131,1.492,-13,19,o,0,0.93,219.42633,2.2845,10131.04,1824.27,2.14,1.71,-54,-0.481,19.51,20.63,02a59624o0488o
59624.66632,20.974,1.342,15,20,o,0,1,219.42633,2.2845,10189.95,1902.69,2.18,1.74,-54.8,-0.489,19.43,20.44,02a59624o0494o
59624.67063,21.517,2.275,9,20,o,0,1.25,219.42633,2.2845,10211.25,1784.71,2.17,1.72,-54.2,-0.492,19.09,19.66,02a59624o0503o
59627.28328,20.097,1.247,33,41,o,0,1.06,219.42633,2.2845,2617.2,9834.43,2.58,1.99,-75.7,-0.386,18.48,18.81,04a59627o0540o
59627.28601,19.692,0.9,48,43,o,0,0.95,219.42633,2.2845,2599.01,9794.5,2.55,2.18,-64.8,-0.408,18.39,18.81,04a59627o0546o
59627.29195,-19.364,0.568,-65,37,o,0,1.49,219.42633,2.2845,2655.8,9871.9,2.66,2.18,-70.7,-0.373,18.44,18.87,04a59627o0559o
59627.30522,-21.453,3.207,-10,31,o,0,1.4,219.42633,2.2845,2674.68,9752.38,2.62,2.21,-71.7,-0.395,18.43,18.94,04a59627o0588o
59628.59176,-20.396,3.724,-25,94,o,0,1.22,219.42633,2.2845,2217.08,4711.98,2.72,2.41,30.8,-0.408,17.32,17.52,02a59628o0736o
59628.59358,21.421,4.545,10,45,o,0,0.97,219.42633,2.2845,2235.46,4750.51,2.59,2.21,30,-0.43,17.86,18.13,02a59628o0740o
59628.59952,20.781,3.594,18,64,o,0,0.84,219.42633,2.2845,2177.74,4674.1,2.48,2.11,28.9,-0.425,17.69,17.79,02a59628o0752o
59628.60638,22.045,3.756,6,21,o,0,1.42,219.42633,2.2845,2158.94,4788.55,2.47,2.15,31.9,-0.424,18.7,19.21,02a59628o0767o
59636.58143,22.357,3.59,4,15,o,0,1.35,219.42633,2.2845,2310.25,6648.07,2.21,1.9,25.4,-0.436,19.62,21,02a59636o0790o
59636.58372,-20.263,0.451,-28,13,o,0,2.07,219.42633,2.2845,2330.64,6687.82,2.19,1.93,24.9,-0.436,19.62,21,02a59636o0795o
59636.58647,-23.616,9.583,-1,12,o,0,1.41,219.42633,2.2845,2273.29,6610.31,2.2,1.93,24.7,-0.44,19.61,21.01,02a59636o0801o
59636.59657,-21.078,0.89,-13,12,o,0,1.85,219.42633,2.2845,2254.49,6727.7,2.22,1.88,25.3,-0.437,19.61,21.02,02a59636o0823o
59638.56171,21.618,1.86,8,15,o,0,2.49,219.42633,2.2845,6415.21,5921.13,2.88,2.83,52.9,-0.449,19.35,20.98,01a59638o0776o
59638.56399,20.863,1.024,16,17,o,0,1.21,219.42633,2.2845,6396.94,5885.36,2.95,2.88,-50.3,-0.451,19.37,21.02,01a59638o0781o
59638.56718,20.731,0.789,18,15,o,0,1.67,219.42633,2.2845,6456.14,5959.44,2.94,2.88,-31.6,-0.44,19.36,21.03,01a59638o0788o
59638.57356,21.207,1.206,12,14,o,0,1.69,219.42633,2.2845,6474.35,5843.48,2.9,2.85,53.8,-0.44,19.39,21.05,01a59638o0802o
59642.55944,20.9,0.949,16,15,o,0,1.47,219.42633,2.2845,8101.92,1913.64,3.06,2.77,-60.1,-0.477,19.46,21.36,01a59642o0748o
59642.56263,23,6.083,2,14,o,0,2.11,219.42633,2.2845,8082.6,1878.05,2.92,2.65,-59.4,-0.499,19.5,21.34,01a59642o0755o
59642.56812,20.193,0.51,30,16,o,0,1.57,219.42633,2.2845,8142.55,1953.13,2.98,2.72,-58.5,-0.489,19.47,21.33,01a59642o0767o
59642.59557,20.943,1.012,15,15,o,0,1.32,219.42633,2.2845,2393.23,8765.74,2.87,2.64,-50,-0.453,19.49,21.31,01a59642o0824o
59643.37458,18.856,0.205,104,21,c,0,1.26,219.42633,2.2845,10292.02,2880.39,2.98,2.29,-16.7,-0.358,18.74,20.8,04a59643o0815c
59643.37824,21.428,1.135,10,11,c,0,2.06,219.42633,2.2845,10313.05,2916.14,2.99,2.19,-19.3,-0.357,19.62,21.7,04a59643o0823c
59643.37869,22.718,3.286,3,10,c,0,3.56,219.42633,2.2845,151.27,2899.83,2.67,1.89,44.5,-0.352,19.62,21.71,04a59643o0824c
59643.38239,22.29,2.968,4,13,c,0,1.67,219.42633,2.2845,173.44,2934.75,2.61,1.89,44.7,-0.369,19.61,21.66,04a59643o0832c
59643.38645,20.103,0.373,33,12,c,0,1.88,219.42633,2.2845,10259.55,2832.11,3.07,2.13,-21.3,-0.352,18.78,20.89,04a59643o0841c
59643.39678,19.667,0.399,49,20,c,0,1.12,219.42633,2.2845,122.85,2843.46,2.71,1.89,43.1,-0.347,19.36,21.05,04a59643o0862c
59643.39868,-20.33,0.864,-27,23,c,0,1.1,219.42633,2.2845,10244.74,2939.99,2.95,2.29,-15.8,-0.353,19.26,20.78,04a59643o0866c
59643.40233,21.908,3.375,6,21,c,0,1.61,219.42633,2.2845,107.22,2955.45,2.9,1.86,44.7,-0.328,18.88,20.05,04a59643o0874c
59644.6035,-21.409,6.811,-10,68,c,0,0.14,219.42633,2.2845,95.07,3805.91,2.29,1.99,17.2,-0.441,18.93,21.7,02a59644o0707c
59644.60796,-17.581,0.463,-337,156,c,0,0.16,219.42633,2.2845,75.11,3765.71,2.28,2.01,24.8,-0.443,18.93,21.75,02a59644o0716c
59644.61426,21.832,2.808,7,19,c,0,1.46,219.42633,2.2845,135.25,3845.56,2.24,1.96,18.7,-0.445,18.95,21.7,02a59644o0729c
59644.62515,-20.111,0.48,-33,16,c,0,2.08,219.42633,2.2845,155.65,3729.17,2.25,1.99,23.8,-0.441,18.94,21.68,02a59644o0751c
59644.6281,20.756,1.241,18,22,c,0,1.99,219.42633,2.2845,10231.45,3813.25,2.38,2.24,-64.8,-0.499,18.95,21.7,02a59644o0757c
59644.63109,19.896,0.736,40,29,c,0,0.93,219.42633,2.2845,10212.02,3774.18,2.38,2.22,-65.8,-0.498,18.96,21.68,02a59644o0763c
59644.6456,21.493,2.393,9,22,c,0,1.55,219.42633,2.2845,10269.06,3849.1,2.35,2.2,-63.1,-0.51,18.96,21.69,02a59644o0791c
59644.65116,21.231,2.229,12,26,c,0,1.3,219.42633,2.2845,10289.03,3731.9,2.37,2.19,-52.7,-0.506,18.92,21.66,02a59644o0802c
59645.07169,20.067,1.939,34,66,o,0,1.07,219.42633,2.2845,2238.31,7441.43,2.31,2.14,-33.7,-0.411,17.86,18.94,03a59645o0754o
59646.61858,-20.349,1.338,-26,35,o,0,1.28,219.42633,2.2845,2462.81,8685.74,2.72,2.58,-59.9,-0.465,18.52,19.92,01a59646o0747o
59646.62177,-18.376,0.889,-162,144,o,0,1.05,219.42633,2.2845,2483.28,8724.76,2.75,2.62,-75.2,-0.463,17.17,18.6,01a59646o0754o
59646.62819,22.231,29,5,135,o,0,0.98,219.42633,2.2845,2424.31,8648.52,2.75,2.63,-66.8,-0.458,16.45,17.89,01a59646o0768o
59646.6386,-22.19,4.125,-5,20,o,0,1.03,219.42633,2.2845,2410.35,8766.8,2.74,2.56,-46.7,-0.469,19.16,20.59,01a59646o0790o
59648.54359,18.369,0.104,163,17,c,0,5.27,219.42633,2.2845,10490.08,6756.05,2.74,2.6,-56.9,-0.411,19.69,21.65,02a59648o0662c
59648.54542,19.244,0.39,73,28,c,0,2.15,219.42633,2.2845,10510.48,6797,2.72,2.62,-64,-0.409,19.67,21.65,02a59648o0666c
59648.54818,19.601,0.294,52,15,c,0,1.35,219.42633,2.2845,10451.67,6718.13,2.67,2.6,-53.7,-0.414,19.69,21.65,02a59648o0672c
59648.5592,22.463,3.519,4,13,c,0,1.2,219.42633,2.2845,355.11,6749.06,2.58,2.32,-43.9,-0.397,19.67,21.65,02a59648o0696c
59648.55966,-20.012,0.356,-36,13,c,0,2.29,219.42633,2.2845,10434.11,6834.11,2.82,2.65,-61.2,-0.406,19.67,21.65,02a59648o0697c
59648.56575,20.285,0.522,28,15,c,0,1.17,219.42633,2.2845,375.36,6788.04,2.53,2.29,-50.1,-0.405,19.65,21.63,02a59648o0710c
59648.5868,-19.777,0.249,-45,11,c,0,1.88,219.42633,2.2845,10263.55,3843.39,2.65,2.59,-74.4,-0.409,19.64,21.64,02a59648o0755c
59648.61174,-21.598,1.54,-8,13,c,0,1.67,219.42633,2.2845,10275.19,3727.53,2.75,2.52,-47.8,-0.438,19.66,21.62,02a59648o0808c
59650.59068,-20.646,0.828,-20,17,o,0,2.39,219.42633,2.2845,6338.24,8393.38,3.52,2.93,-6.7,-0.409,19.23,20.94,01a59650o0801o
59650.59414,22.51,4.111,4,15,o,0,2.06,219.42633,2.2845,6359.19,8432.19,3.06,2.88,-11.2,-0.427,19.35,20.96,01a59650o0808o
59650.62428,19.764,0.359,45,16,o,0,1.6,219.42633,2.2845,6306.9,8357.6,2.74,2.71,81.9,-0.467,19.43,20.95,01a59650o0872o
59650.64039,20.848,0.806,17,13,o,0,2.97,219.42633,2.2845,6291.66,8474.73,2.78,2.72,-71.2,-0.464,19.4,20.91,01a59650o0905o
59651.33862,-20.282,0.704,-28,20,c,0,1.13,219.42633,2.2845,59.19,1905.94,2.76,1.83,40.2,-0.391,19.62,21.54,04a59651o0627c
59651.37596,22.176,2.893,5,14,c,0,1.63,219.42633,2.2845,442.66,8705.52,2.75,2.33,-89.2,-0.362,19.55,21.53,04a59651o0706c
59651.37922,22.571,3.762,3,13,c,0,1.51,219.42633,2.2845,462.84,8741.91,2.75,2.29,-86.5,-0.34,19.56,21.56,04a59651o0713c
59651.38463,-21.178,1.25,-12,15,c,0,0.87,219.42633,2.2845,406.3,8659.31,2.66,2.21,-89.8,-0.352,19.55,21.55,04a59651o0724c
59651.38997,-20.257,0.506,-29,14,c,0,1.42,219.42633,2.2845,387.6,8772.81,2.73,2.29,85.4,-0.335,19.55,21.52,04a59651o0735c
59654.53226,-21.921,4.258,-6,26,o,0,1.48,219.42633,2.2845,4220.42,2188.03,2.96,2.89,-45.4,-0.45,18.57,19.42,01a59654o0556o
59654.53408,-21.938,4.852,-6,30,o,0,0.99,219.42633,2.2845,4199.49,2146.66,3.12,3.08,-78,-0.456,18.59,19.45,01a59654o0560o
59654.53728,-21.374,2.887,-10,30,o,0,1.03,219.42633,2.2845,4259.37,2223.93,2.85,2.84,-68.4,-0.466,18.7,19.45,01a59654o0567o
59654.54898,-21.293,2.109,-11,23,o,0,1.85,219.42633,2.2845,4276.46,2105.23,2.68,2.63,-28.5,-0.496,18.75,19.49,01a59654o0592o
59655.29992,-19.313,0.589,-68,40,o,0,1.07,219.42633,2.2845,10139.14,1849.94,2.7,2.12,-28.3,-0.386,18.49,18.74,04a59655o0653o
59655.30291,-20.663,2.072,-20,41,o,0,1.07,219.42633,2.2845,10121.61,1810.9,2.69,2.07,-28.3,-0.382,18.49,18.89,04a59655o0659o
59655.30561,19.567,0.693,54,38,o,0,0.97,219.42633,2.2845,10181.06,1888.83,2.7,2.05,-27,-0.383,18.51,18.88,04a59655o0664o
59655.31081,18.972,0.41,94,38,o,0,1.59,219.42633,2.2845,10205.23,1769.89,2.81,2.07,-27.7,-0.371,18.45,18.76,04a59655o0675o
59656.4262,-19.263,2.241,-72,160,o,0,1.25,219.42633,2.2845,4054.26,2697.7,2.47,1.85,37.3,-0.437,16.61,16.14,02a59656o0477o
59656.42803,17.993,0.552,231,127,o,0,1.13,219.42633,2.2845,4073.37,2736.05,2.43,1.84,37.7,-0.454,16.89,16.63,02a59656o0481o
59656.43217,-19.038,1.078,-88,95,o,0,0.81,219.42633,2.2845,4014.43,2658.32,2.54,1.84,37,-0.424,17.02,16.82,02a59656o0490o
59656.43904,-19.999,1.833,-36,67,o,0,1.09,219.42633,2.2845,3993.53,2773.85,2.51,1.85,38.1,-0.453,17.63,17.56,02a59656o0505o
59660.56681,-19.829,0.839,-42,36,o,0,0.91,219.42633,2.2845,6242.69,2064.2,2.15,1.88,41.4,-0.428,18.39,18.67,02a59660o0724o
59660.57101,20.637,1.379,20,28,o,0,1.45,219.42633,2.2845,6223.39,2027.73,2.14,1.95,46.6,-0.429,18.34,18.68,02a59660o0733o
59660.57649,-19.825,1.053,-43,45,o,0,0.45,219.42633,2.2845,6281.44,2107.25,2.08,1.89,50.8,-0.428,18.44,18.74,02a59660o0745o
59660.59024,-19.064,0.525,-86,45,o,0,0.81,219.42633,2.2845,6301.55,1991.08,2.11,1.91,46.9,-0.417,18.03,18.17,02a59660o0775o
59661.08962,19.776,0.632,45,28,o,0,1.17,219.42633,2.2845,7970.28,782.05,3.12,2.37,-41.7,-0.382,18.73,19.34,03a59661o0034o
59661.09464,19.154,0.359,79,28,o,0,0.79,219.42633,2.2845,7942.34,899.65,2.95,2.15,-49,-0.393,18.75,19.3,03a59661o0045o
59663.30814,20.246,0.519,29,15,o,0,1.37,219.42633,2.2845,2202.18,4755.76,1.96,1.83,-81.2,-0.41,19.38,20.52,04a59663o0683o
59663.31107,19.607,0.306,52,16,o,0,1.01,219.42633,2.2845,2223.86,4791.17,2,1.86,-64.4,-0.43,19.35,20.51,04a59663o0689o
59663.34233,-17.892,0.771,-253,195,o,0,0.24,219.42633,2.2845,2187.68,4684.11,2,1.85,76.2,-0.403,19.31,20.52,04a59663o0757o
59663.37061,-20.647,0.971,-20,19,o,0,1.03,219.42633,2.2845,2180.09,4779.06,2,1.92,85.1,-0.43,19.25,20.42,04a59663o0818o
59666.57407,-22.119,3.179,-5,16,o,0,1.76,219.42633,2.2845,8556.54,6782.46,2.91,2.71,-75,-0.458,19.38,20.79,01a59666o0490o
59666.57829,-21.837,2.429,-7,16,o,0,1.7,219.42633,2.2845,8578.58,6822.93,2.94,2.78,-67.3,-0.456,19.32,20.76,01a59666o0499o
59666.58378,20.461,0.803,24,19,o,0,1.82,219.42633,2.2845,8519.71,6746.88,3.03,2.88,-66.3,-0.444,19.35,20.83,01a59666o0511o
59666.59384,21.529,1.755,9,16,o,0,2.6,219.42633,2.2845,8504.73,6865.26,2.86,2.66,-67.8,-0.469,19.33,20.67,01a59666o0533o
59667.31718,-22.422,4.5,-4,18,o,0,1,219.42633,2.2845,2312.72,6668.55,2.1,1.83,-88.6,-0.395,19.47,20.98,04a59667o0751o
59667.32254,20.504,0.686,23,16,o,0,1.09,219.42633,2.2845,2335,6701.58,2.12,1.84,-82.2,-0.396,19.47,20.98,04a59667o0761o
59667.32572,-20.045,0.425,-35,15,o,0,1.06,219.42633,2.2845,2278.55,6621.2,2.12,1.81,-84.4,-0.398,19.5,20.98,04a59667o0768o
59667.33742,20.297,0.588,28,16,o,0,1.08,219.42633,2.2845,2264.79,6728.15,2.11,1.82,-87.2,-0.397,19.48,20.98,04a59667o0792o
59668.59684,20.081,1.101,34,37,c,0,1.51,219.42633,2.2845,2146.12,5654.11,2.66,2.37,39.9,-0.401,18.21,20.27,02a59668o0664c
59668.60004,-22.602,5.188,-3,17,c,0,1.56,219.42633,2.2845,2126,5614.94,2.61,2.34,40.1,-0.399,19.18,21.25,02a59668o0671c
59670.47573,-20.489,0.752,-23,17,o,0,1.23,219.42633,2.2845,1990.66,3776.8,2.72,2.51,-43.9,-0.513,19.47,20.93,01a59670o0576o
59670.47756,20.392,0.626,25,16,o,0,1.94,219.42633,2.2845,1972.47,3740.84,2.74,2.57,-44,-0.502,19.39,20.93,01a59670o0580o
59670.48075,-20.81,0.779,-17,13,o,0,2.24,219.42633,2.2845,2031.21,3814.61,2.87,2.62,-47,-0.495,19.4,20.92,01a59670o0587o
59670.48577,-20.883,1.074,-16,17,o,0,1.37,219.42633,2.2845,2049.45,3699.14,2.72,2.56,-43.6,-0.502,19.46,20.96,01a59670o0598o
59672.97097,20.647,0.595,20,12,c,0,1.79,219.42633,2.2845,233.07,7575.6,2.61,2.28,-21.5,-0.377,19.62,21.44,03a59673o0564c
59672.97416,20.068,0.39,34,13,c,0,1.14,219.42633,2.2845,213.86,7536.1,2.72,2.28,-21.6,-0.378,19.6,21.44,03a59673o0571c
59672.97962,22.241,2.618,5,12,c,0,1.75,219.42633,2.2845,270.05,7615.25,2.67,2.25,-27.5,-0.373,19.65,21.42,03a59673o0583c
59672.98467,21.643,1.804,8,14,c,0,1.33,219.42633,2.2845,291.39,7500.22,2.87,2.4,-29.1,-0.378,19.54,21.4,03a59673o0594c
59672.98558,-21.907,2,-6,12,c,0,1.73,219.42633,2.2845,10320.03,7794.32,2.57,2.42,-74.8,-0.378,19.66,21.4,03a59673o0596c
59672.98877,22.146,3,5,15,c,0,1.12,219.42633,2.2845,10300.76,7755.95,2.68,2.49,-66.8,-0.373,19.58,21.41,03a59673o0603c
59672.99241,-20.721,0.687,-19,13,c,0,1.94,219.42633,2.2845,10358.52,7835.16,2.99,2.79,-64.6,-0.367,19.5,21.4,03a59673o0611c
59672.99882,-20.983,0.908,-15,13,c,0,1.58,219.42633,2.2845,10378.38,7721.2,2.87,2.59,-65.8,-0.375,19.56,21.4,03a59673o0625c
59675.22108,-22.548,5.071,-4,18,o,0,1.38,219.42633,2.2845,94.47,3830.11,2.16,2.03,87.1,-0.398,19.4,20.87,04a59675o0580o
59675.22427,20.266,0.749,28,21,o,0,1.44,219.42633,2.2845,76.06,3790.9,2.18,2.05,-70,-0.401,19.34,20.8,04a59675o0587o
59675.22925,21.692,2.25,8,17,o,0,1.39,219.42633,2.2845,137.47,3867.08,2.23,2.15,-48.8,-0.394,19.29,20.83,04a59675o0598o
59675.23557,-20.482,0.772,-23,18,o,0,1.32,219.42633,2.2845,10219.17,3800.01,2.62,2.28,-10.8,-0.391,19.35,20.92,04a59675o0612o
59675.23873,20.676,0.855,20,17,o,0,1.65,219.42633,2.2845,10201.29,3761.06,2.67,2.31,-14.2,-0.405,19.27,20.91,04a59675o0619o
59675.24008,20.488,0.679,23,16,o,0,1.3,219.42633,2.2845,163.24,3748.15,2.44,2.17,42.8,-0.37,19.31,20.86,04a59675o0622o
59675.24144,-20.651,0.927,-20,18,o,0,1.26,219.42633,2.2845,10261.75,3837.95,2.76,2.31,-15.7,-0.39,19.31,20.84,04a59675o0625o
59675.25142,20.063,0.516,34,18,o,0,1.35,219.42633,2.2845,10285.8,3720.51,2.42,2.26,-6.5,-0.418,19.36,20.89,04a59675o0647o
59676.51927,19.707,0.281,48,13,c,0,1.47,219.42633,2.2845,1958.07,1768.04,2.35,2.27,64.2,-0.436,19.59,21.65,02a59676o0597c
59676.52248,20.899,0.983,16,16,c,0,1.03,219.42633,2.2845,1938.15,1731.92,2.37,2.27,71.3,-0.438,19.59,21.65,02a59676o0604c
59676.52934,20.367,0.518,26,13,c,0,1.75,219.42633,2.2845,1997.39,1807.81,2.4,2.31,68.1,-0.435,19.6,21.63,02a59676o0619c
59676.53942,-21.652,1.607,-8,13,c,0,1.92,219.42633,2.2845,2014.32,1692.54,2.4,2.24,61,-0.43,19.56,21.65,02a59676o0640c
59679.20779,19.891,0.46,40,18,o,0,1.43,219.42633,2.2845,94.98,3833.7,2.1,1.96,66.9,-0.399,19.39,20.77,04a59679o0552o
59679.20914,19.756,0.389,46,18,o,0,1.26,219.42633,2.2845,77.12,3794.09,2.23,1.95,61,-0.381,19.42,20.78,04a59679o0555o
59679.21231,-22.267,3.974,-4,18,o,0,1,219.42633,2.2845,137.87,3870.93,2.12,1.93,67.6,-0.4,19.46,20.79,04a59679o0562o
59679.21772,22.423,6.2,4,24,o,0,1.17,219.42633,2.2845,10217.86,3803.56,2.42,2.06,-7.6,-0.441,19.4,20.77,04a59679o0574o
59679.23355,-21.834,2.305,-7,16,o,0,1.85,219.42633,2.2845,170.34,3750.19,2.08,1.9,62.3,-0.413,19.44,20.81,04a59679o0608o
59679.23626,20.681,1.189,19,23,o,0,0.77,219.42633,2.2845,10209.84,3762.18,2.46,2.18,-8.4,-0.421,19.38,20.74,04a59679o0614o
59679.24445,-22.915,7.25,-2,18,o,0,1.15,219.42633,2.2845,10273.25,3838.51,2.38,2.18,-7.2,-0.433,19.39,20.81,04a59679o0632o
59679.2499,-19.659,0.413,-50,20,o,0,0.93,219.42633,2.2845,10295.28,3720.96,2.36,2.07,-9.2,-0.429,19.41,20.79,04a59679o0644o
59680.39816,-19.839,0.571,-42,24,c,0,2.19,219.42633,2.2845,8639.19,8806.37,2.66,2.4,30.1,-0.407,18.92,20.53,02a59680o0372c
59680.4227,21.783,4.341,7,30,c,0,1.47,219.42633,2.2845,8659.24,8843.21,2.74,2.44,30,-0.405,18.81,20.37,02a59680o0423c
59680.42731,-21.815,5.25,-7,36,c,0,1.19,219.42633,2.2845,8600.58,8768.27,2.7,2.4,30.7,-0.41,18.69,20.3,02a59680o0433c
59680.43338,-22.89,18,-2,46,c,0,1.28,219.42633,2.2845,8582.8,8885.13,2.72,2.41,29.4,-0.409,18.53,20.13,02a59680o0446c
59682.44193,-20.453,1.098,-24,26,o,0,1.18,219.42633,2.2845,6285.15,3992.33,2.69,2.54,-44.7,-0.494,18.9,19.74,01a59682o0460o
59682.44608,20.019,0.7,36,25,o,0,1.05,219.42633,2.2845,6265.44,3953.6,2.71,2.57,-49.6,-0.484,18.83,19.74,01a59682o0469o
59682.45111,20.264,0.711,28,20,o,0,1.45,219.42633,2.2845,6324.67,4026.46,2.73,2.6,-53.1,-0.485,18.86,19.75,01a59682o0480o
59682.46485,-20.451,1.233,-24,30,o,0,1.1,219.42633,2.2845,6341.74,3908.41,2.71,2.55,-50.7,-0.495,18.59,19.36,01a59682o0509o
59683.1442,-20.996,2.604,-14,38,o,0,0.74,219.42633,2.2845,6532.73,7890.45,2.18,2,-52.1,-0.403,18.48,18.93,04a59683o0372o
59683.14694,19.277,0.455,71,32,o,0,1.29,219.42633,2.2845,6513.92,7850.71,2.03,1.9,-37.2,-0.393,18.52,18.95,04a59683o0378o
59683.15192,-19.72,0.622,-47,29,o,0,1.16,219.42633,2.2845,6572.39,7928.1,2.1,1.91,-58.4,-0.406,18.56,18.99,04a59683o0389o
59683.16279,19.939,0.872,38,34,o,0,1.06,219.42633,2.2845,6590.7,7811.55,2.15,1.92,-50.4,-0.393,18.57,19.06,04a59683o0413o
59688.50653,-20.841,2.411,-17,40,o,0,1.16,219.42633,2.2845,8429.81,9547.92,2.36,2.09,40.9,-0.446,18.25,18.41,02a59688o0614o
59688.50973,-19.807,1.03,-43,45,o,0,0.99,219.42633,2.2845,8410.54,9508.8,2.36,2.12,41.7,-0.439,18.27,18.41,02a59688o0621o
59688.53789,-20.505,1.796,-23,41,o,0,1.48,219.42633,2.2845,8466.55,9589.29,2.35,2.2,43.7,-0.438,18.22,18.45,02a59688o0679o
59688.54647,-23.211,24.429,-2,46,o,0,1.36,219.42633,2.2845,8489.97,9473.54,2.35,2.16,36.5,-0.441,18.21,18.43,02a59688o0697o
59690.46785,20.198,0.819,30,25,o,0,0.68,219.42633,2.2845,7850.81,672.99,2.73,2.6,-43.7,-0.519,19.02,20.08,01a59690o0543o
59690.50112,-19.502,0.336,-57,19,o,0,1.73,219.42633,2.2845,7877.83,711.76,2.69,2.59,-53.7,-0.516,19.04,20.05,01a59690o0614o
59690.50403,-23.169,10.636,-2,21,o,0,1.95,219.42633,2.2845,7818.49,634.88,2.73,2.62,-57.5,-0.515,19.01,20.04,01a59690o0620o
59690.51138,21.168,1.704,12,21,o,0,1.22,219.42633,2.2845,7800.97,753.95,2.68,2.56,-57.2,-0.525,19.04,20.03,01a59690o0636o
59691.22566,-20.756,0.992,-18,18,o,0,1.56,219.42633,2.2845,4333.22,8534.55,2.39,1.97,-67.4,-0.417,19.1,20.21,04a59691o0519o
59691.22973,-21,1.455,-14,21,o,0,1.09,219.42633,2.2845,4357.52,8569.03,2.3,1.98,-75.5,-0.401,19.11,20.21,04a59691o0526o
59691.23559,-21.886,3.362,-6,22,o,0,0.67,219.42633,2.2845,4302.96,8484.61,2.36,1.98,-71.9,-0.406,19.09,20.22,04a59691o0539o
59691.24967,21.746,2.842,7,21,o,0,1.06,219.42633,2.2845,4293.3,8587.43,2.27,1.88,-68,-0.429,19.07,20.12,04a59691o0567o
59692.46763,-20.675,1.16,-20,23,c,0,1.24,219.42633,2.2845,4495.99,6045.3,2.75,2.3,36.2,-0.394,19.14,21.04,02a59692o0430c
59692.47083,-19.983,0.624,-37,23,c,0,1.11,219.42633,2.2845,4476.84,6007.02,2.79,2.3,36.5,-0.391,19.22,21.06,02a59692o0437c
59692.47587,20.059,0.875,34,30,c,0,1.8,219.42633,2.2845,4534.4,6084.49,2.78,2.31,37.8,-0.389,18.71,20.55,02a59692o0448c
59692.47907,20.388,1.545,25,39,c,0,1.15,219.42633,2.2845,4554.26,5971,2.77,2.32,38.6,-0.387,18.54,20.24,02a59692o0455c
59694.47408,19.77,0.504,45,23,o,0,0.84,219.42633,2.2845,7852.68,672.66,2.7,2.62,-32.1,-0.51,19.28,20.6,01a59694o0549o
59694.47773,20.122,0.542,32,18,o,0,1.27,219.42633,2.2845,7873.56,710.35,2.75,2.67,-54.5,-0.504,19.26,20.61,01a59694o0557o
59694.48321,20.259,0.636,29,18,o,0,1.41,219.42633,2.2845,7814.66,633.45,2.68,2.59,-47.9,-0.515,19.28,20.59,01a59694o0569o
59694.51721,19.68,0.444,49,22,o,0,1.17,219.42633,2.2845,7807.8,755.84,2.7,2.59,-59,-0.514,19.23,20.49,01a59694o0642o
59695.2165,-20.381,0.495,-26,13,o,0,1.5,219.42633,2.2845,4335.09,8531.86,2.17,1.83,-68.1,-0.436,19.29,20.62,04a59695o0566o
59695.22317,-19.939,0.426,-38,16,o,0,1.16,219.42633,2.2845,6250.47,2037.12,2.19,2.02,-29.3,-0.447,19.3,20.61,04a59695o0579o
59695.22652,20.619,0.79,20,16,o,0,1.6,219.42633,2.2845,4304.49,8482.39,2.25,1.84,-71.1,-0.427,19.3,20.61,04a59695o0586o
59695.23642,19.76,0.323,45,15,o,0,1.58,219.42633,2.2845,4292.8,8589.63,2.43,2.01,-72.9,-0.412,19.22,20.72,04a59695o0606o
59696.41287,26.065,105,0,14,c,0,1.43,219.42633,2.2845,6098.07,4536.3,2.61,2.22,33.2,-0.402,19.53,21.39,02a59696o0400c
59696.41469,-19.742,0.264,-46,12,c,0,2.39,219.42633,2.2845,6116.69,4573.94,2.63,2.27,32,-0.402,19.52,21.39,02a59696o0404c
59696.43759,-20.797,0.695,-17,12,c,0,1.79,219.42633,2.2845,6060.07,4499.99,2.6,2.25,34.4,-0.406,19.54,21.4,02a59696o0452c
59696.44359,20.594,0.667,21,14,c,0,2.25,219.42633,2.2845,6043.86,4613.52,2.62,2.24,32.3,-0.402,19.55,21.41,02a59696o0465c
59698.44089,-17.037,0.399,-556,222,o,0,0.83,219.42633,2.2845,5908.25,825.59,2.62,2.54,-40.1,-0.504,16.51,17.87,01a59698o0469o
59698.44457,-19.32,1.464,-68,99,o,0,1.01,219.42633,2.2845,5928.64,863.74,2.62,2.57,-14.1,-0.502,17.45,18.79,01a59698o0477o
59698.47966,20.503,1.315,23,30,o,0,1.24,219.42633,2.2845,5875.3,789.38,2.6,2.57,-71.1,-0.503,18.69,20.08,01a59698o0552o
59698.48799,19.616,0.542,52,28,o,0,1.05,219.42633,2.2845,5860,906.9,2.64,2.54,66.1,-0.489,18.74,20.11,01a59698o0570o
59699.19758,-19.977,0.766,-37,28,o,0,1.16,219.42633,2.2845,8428.3,4946.03,2.27,1.91,-16.5,-0.441,18.91,20.39,04a59699o0538o
59699.20103,-21.084,1.189,-13,16,o,0,1.3,219.42633,2.2845,2163.42,5625.67,2.03,1.87,-66.6,-0.424,19.14,20.58,04a59699o0545o
59699.20755,-18.214,0.921,-188,173,o,0,0.93,219.42633,2.2845,8397.79,4896.78,2.25,1.74,-17.6,-0.439,16.84,18.26,04a59699o0557o
59699.21848,21.657,5.8,8,46,o,0,0.97,219.42633,2.2845,8385.98,5003.08,2.23,1.79,-16.4,-0.437,18.43,19.89,04a59699o0580o
59700.48162,-21.025,1.484,-14,21,c,0,1,219.42633,2.2845,4580.83,7979.42,2.8,2.4,36.7,-0.387,19.11,20.68,02a59700o0549c
59700.48537,-24.152,23.5,-1,19,c,0,1.34,219.42633,2.2845,4564.85,7941.77,2.77,2.38,38.4,-0.389,19.22,20.82,02a59700o0557c
59700.51207,22.227,3.138,5,15,c,0,1.47,219.42633,2.2845,4622.95,8018.18,2.76,2.39,39,-0.384,19.48,21.03,02a59700o0614c
59700.53937,-24.947,40,0,15,c,0,1.89,219.42633,2.2845,4637.64,7906.54,2.78,2.4,36.4,-0.382,19.23,20.74,02a59700o0672c
59700.94647,20.936,1.073,15,16,o,0,0.84,219.42633,2.2845,2248.42,6589.35,2.2,2.03,-29.5,-0.425,19.62,21,03a59701o0543o
59700.94962,-20.003,0.647,-36,23,o,0,1.82,219.42633,2.2845,2265.17,6628.54,2.49,2.11,-9.4,-0.595,18.84,20.38,03a59701o0549o
59700.95567,-23.275,8.312,-2,15,o,0,1.09,219.42633,2.2845,2205.92,6551.65,2.23,2.01,-36.2,-0.419,19.58,21.01,03a59701o0561o
59700.96628,24.051,17.625,1,15,o,0,1.09,219.42633,2.2845,2179.21,6668.75,2.18,1.98,-45.8,-0.428,19.57,20.86,03a59701o0583o
59703.22705,20.333,0.636,27,17,o,0,1.43,219.42633,2.2845,8453.32,4907.54,2.42,1.92,-17.8,-0.424,19.38,20.69,04a59703o0364o
59703.22978,-20.174,0.619,-31,19,o,0,1,219.42633,2.2845,8473.46,4944.28,2.39,1.95,-18,-0.42,19.37,20.72,04a59703o0370o
59703.23623,22.217,3.314,5,16,o,0,1.52,219.42633,2.2845,8417.96,4862.6,2.4,1.89,-20,-0.426,19.36,20.68,04a59703o0384o
59703.24815,-20.439,0.794,-24,19,o,0,0.71,219.42633,2.2845,8402.6,4971.42,2.41,1.94,-18.7,-0.418,19.31,20.64,04a59703o0410o
59710.36206,19.835,1.462,42,62,o,0,1.04,219.42633,2.2845,295.98,7790.35,3.19,2.65,-35.8,-0.41,18.18,18.83,01a59710o0277o
59710.37751,20.653,2.528,20,50,o,0,1.4,219.42633,2.2845,276.54,7753.02,2.98,2.58,-41.8,-0.421,18.27,18.88,01a59710o0309o
59710.38073,-21.083,2.932,-13,39,o,0,1.54,219.42633,2.2845,335.78,7826.71,3.07,2.58,-43.3,-0.418,18.37,18.94,01a59710o0316o
59710.38349,-21.79,8.179,-7,57,o,0,1.43,219.42633,2.2845,10440.06,7604.63,3.06,2.87,-59.7,-0.407,18.35,18.97,01a59710o0322o
59710.38671,19.461,0.839,60,50,o,0,2.14,219.42633,2.2845,10419.91,7564.8,3.11,2.98,-60.6,-0.388,18.29,18.92,01a59710o0329o
59710.38717,23.417,31.857,2,50,o,0,1.19,219.42633,2.2845,355.97,7709.61,2.93,2.53,-45.2,-0.432,18.27,18.81,01a59710o0330o
59710.39316,18.809,0.372,109,40,o,0,1.28,219.42633,2.2845,10482.06,7641.82,3.06,2.9,-66.7,-0.399,18.59,19.34,01a59710o0343o
59710.40603,20.122,1.026,32,33,o,0,1.64,219.42633,2.2845,10500.35,7521.54,3.01,2.78,-66.4,-0.412,18.76,19.6,01a59710o0370o
59711.12707,19.87,3.103,41,127,o,0,0.85,219.42633,2.2845,1949.6,1802.31,2.21,1.79,47.7,-0.448,17.07,17.02,04a59711o0396o
59711.14211,21.232,3.349,12,39,o,0,0.9,219.42633,2.2845,1940.3,1759.04,2.23,1.8,46.1,-0.428,18.3,18.65,04a59711o0425o
59711.14585,20.105,0.931,33,31,o,0,1.94,219.42633,2.2845,2002.03,1836.24,2.18,1.8,46.6,-0.426,18.25,18.63,04a59711o0433o
59711.15238,-18.839,0.518,-106,55,o,0,1.08,219.42633,2.2845,2025.09,1719.34,2.05,1.79,42.2,-0.463,17.58,17.79,04a59711o0446o
59716.47923,20.723,2.005,19,37,o,0,1.09,219.42633,2.2845,635.61,9959.91,1.88,1.75,-51.5,-0.56,18.39,18.58,02a59716o0482o
59716.48243,-20.114,1.052,-33,34,o,0,1.7,219.42633,2.2845,616.5,9920.2,1.94,1.8,-57.7,-0.547,18.34,18.57,02a59716o0489o
59716.48883,19.449,0.715,60,43,o,0,1.05,219.42633,2.2845,674.91,9998.87,1.87,1.71,-55.7,-0.549,18.35,18.55,02a59716o0503o
59716.4989,19.962,0.856,38,32,o,0,1.73,219.42633,2.2845,697.06,9880.98,2.02,1.74,-52,-0.516,18.32,18.48,02a59716o0525o
59719.1965,19.626,0.439,51,22,o,0,0.97,219.42633,2.2845,2181.99,1033.24,2.94,2.3,48.2,-0.376,19,20.09,04a59719o0453o
59719.20058,-21.361,1.881,-10,20,o,0,1.47,219.42633,2.2845,2203.23,1069.13,2.84,2.17,46.5,-0.381,19.04,20.05,04a59719o0461o
59719.20718,-22.561,6.591,-3,23,o,0,1,219.42633,2.2845,2146.09,985.93,2.83,2.18,51.8,-0.388,19.05,20.05,04a59719o0475o
59719.21901,20.426,0.867,24,21,o,0,1.42,219.42633,2.2845,2130.1,1096.17,2.7,2.06,52.7,-0.41,18.96,20.01,04a59719o0500o
59720.4085,-22.378,3.533,-4,14,c,0,1.5,219.42633,2.2845,637.01,9955.47,2.3,2.16,-46.4,-0.497,19.61,21.32,02a59720o0379c
59720.4117,21.952,2.2,6,13,c,0,1.83,219.42633,2.2845,618.15,9916.75,2.29,2.16,-51.4,-0.499,19.65,21.32,02a59720o0386c
59720.4149,-21.034,0.99,-14,14,c,0,1.69,219.42633,2.2845,676.48,9996.06,2.3,2.19,-49.8,-0.495,19.64,21.31,02a59720o0393c
59720.41993,-20.323,0.49,-27,13,c,0,1.52,219.42633,2.2845,698.54,9878.49,2.32,2.19,-52.2,-0.479,19.63,21.26,02a59720o0404c
59722.38298,20.008,0.441,36,16,o,0,1.77,219.42633,2.2845,2176.78,4798.31,3.03,2.78,-31.1,-0.467,19.25,20.69,01a59722o0326o
59722.38666,21.633,1.854,8,15,o,0,1.94,219.42633,2.2845,2197.78,4836.77,3.03,2.73,-28.8,-0.465,19.22,20.66,01a59722o0334o
59722.39312,19.811,0.419,43,18,o,0,1.44,219.42633,2.2845,2139.29,4761.61,3.01,2.77,-30.9,-0.464,19.26,20.66,01a59722o0348o
59722.40515,21.781,2.382,7,17,o,0,1.73,219.42633,2.2845,2125.79,4878.4,3.11,2.84,-24.3,-0.445,19.22,20.68,01a59722o0374o
59724.36828,20.221,0.494,30,15,c,0,0.82,219.42633,2.2845,191.52,5765.07,2.37,2.27,-33,-0.596,19.63,21.35,02a59724o0287c
59724.37194,20.693,0.591,19,11,c,0,1.28,219.42633,2.2845,172.48,5728.64,2.4,2.29,-15.7,-0.404,19.6,21.36,02a59724o0295c
59724.37744,-24.354,21.8,-1,14,c,0,1.27,219.42633,2.2845,231.63,5806.47,2.4,2.35,-14.8,-0.399,19.63,21.36,02a59724o0307c
59724.38754,20.274,0.525,28,15,c,0,0.91,219.42633,2.2845,252.12,5690.64,2.36,2.3,-10.8,-0.4,19.63,21.37,02a59724o0329c
59724.38846,20.58,0.592,21,13,c,0,1.31,219.42633,2.2845,10323.21,5772.35,2.72,2.53,30.4,-0.414,19.62,21.36,02a59724o0331c
59724.3913,22.401,3.2,4,13,c,0,1.69,219.42633,2.2845,10304.37,5734.81,2.67,2.49,31,-0.419,19.67,21.37,02a59724o0337c
59724.42315,18.853,0.109,104,11,c,0,6.13,219.42633,2.2845,10354.9,5810.46,2.64,2.58,-2.7,-0.424,19.6,21.31,02a59724o0405c
59724.45161,-19.692,0.282,-48,14,c,0,1.3,219.42633,2.2845,10371.58,5696.2,2.66,2.57,14,-0.422,19.56,21.24,02a59724o0465c
59724.88541,-21.031,1.061,-14,15,o,0,1.06,219.42633,2.2845,4237.57,8485.81,2.2,2.18,-18.4,-0.445,19.69,21.22,03a59725o0419o
59724.8886,-21.978,2.468,-6,14,o,0,1.1,219.42633,2.2845,4253.15,8524.89,2.22,2.2,29.5,-0.445,19.65,21.18,03a59725o0426o
59724.89459,22.935,7.158,2,17,o,0,0.7,219.42633,2.2845,4193.94,8447.29,2.22,2.21,2.4,-0.468,19.66,21.25,03a59725o0439o
59724.90564,20.496,0.624,23,14,o,0,1.25,219.42633,2.2845,4165.67,8565.11,2.14,2.13,-30.2,-0.446,19.67,21.2,03a59725o0463o
59726.37516,19.57,0.332,54,18,o,0,1.13,219.42633,2.2845,2179.9,4797.28,2.79,2.59,-32.9,-0.486,19.41,20.91,01a59726o0311o
59726.37886,-20.72,0.779,-19,15,o,0,1.51,219.42633,2.2845,2200.59,4835.71,2.86,2.6,-27.3,-0.481,19.4,20.9,01a59726o0319o
59726.38529,21.226,1.578,12,18,o,0,1.36,219.42633,2.2845,2142.19,4759.98,2.89,2.66,-26,-0.472,19.35,20.92,01a59726o0333o
59726.41808,20.227,0.56,30,16,o,0,1.52,219.42633,2.2845,2132.83,4876.09,2.87,2.67,-31.1,-0.476,19.32,20.79,01a59726o0403o
59727.12844,-18.591,0.891,-133,118,o,0,1.35,219.42633,2.2845,6080.06,4561.46,2,1.69,-15.2,-0.42,16.68,18.03,04a59727o0412o
59727.13162,21.101,5.6,13,74,o,0,0.91,219.42633,2.2845,6101.15,4596.69,1.99,1.68,-14.7,-0.417,17.41,18.67,04a59727o0419o
59727.13761,20.779,2.078,18,37,o,0,1.33,219.42633,2.2845,6047.81,4513.33,1.97,1.72,-20.1,-0.414,17.94,19.21,04a59727o0432o
59727.14771,21.803,2.439,7,17,o,0,0.8,219.42633,2.2845,6035.68,4619.41,1.96,1.7,-17.6,-0.416,19.14,20.55,04a59727o0454o
59728.36504,19.399,6,63,379,c,0,1.03,219.42633,2.2845,197.19,5769.68,2.44,2.32,10.3,-0.418,15.49,16.91,02a59728o0276c
59728.36825,16.829,0.686,674,462,c,0,1.32,219.42633,2.2845,177.39,5731.78,2.42,2.32,16.9,-0.408,15.72,17.11,02a59728o0283c
59728.37375,-18.223,1.254,-187,234,c,0,1.09,219.42633,2.2845,237.42,5810.58,2.48,2.32,13.6,-0.404,16.13,17.59,02a59728o0295c
59728.37695,17.238,1.686,462,779,c,0,1,219.42633,2.2845,10328.86,5775.1,2.86,2.55,30.5,-0.451,15.2,16.67,02a59728o0302c
59728.92814,-20.906,1.156,-16,18,o,0,0.93,219.42633,2.2845,8373.83,5028.17,2.54,2.48,-71.4,-0.446,19.44,20.94,03a59729o0245o
59728.93189,-21.036,1.091,-14,15,o,0,1.27,219.42633,2.2845,8391.13,5065.82,2.54,2.4,-56.9,-0.439,19.46,20.98,03a59729o0253o
59728.93705,-19.981,0.397,-37,15,o,0,1.56,219.42633,2.2845,8334.42,4986.9,2.45,2.33,-67.7,-0.447,19.48,20.93,03a59729o0264o
59728.94862,-25.933,95,0,15,o,0,1.75,219.42633,2.2845,8312.44,5100.73,2.47,2.36,-56,-0.448,19.45,20.93,03a59729o0289o
59730.37417,22.48,5.222,4,19,o,0,1.45,219.42633,2.2845,2322.43,6731.81,2.86,2.63,-30.3,-0.472,19.1,20.3,01a59730o0305o
59730.37741,20.922,1.035,16,16,o,0,1.56,219.42633,2.2845,2343.49,6770.11,2.87,2.63,-22.6,-0.468,19.22,20.45,01a59730o0312o
59730.38478,20.134,0.534,32,17,o,0,1.63,219.42633,2.2845,2285.15,6694.74,2.9,2.66,-17.3,-0.457,19.19,20.43,01a59730o0328o
59730.41997,22.204,3.84,5,18,o,0,1.7,219.42633,2.2845,2277.15,6811.2,2.88,2.81,-41.7,-0.448,19.15,20.43,01a59730o0402o
59732.36644,20.504,0.591,23,14,c,0,1.24,219.42633,2.2845,6484.94,9642.38,2.85,2.5,34.9,-0.393,19.65,21.37,02a59732o0279c
59732.36965,-21.871,1.925,-6,12,c,0,1.32,219.42633,2.2845,6465.92,9605.23,2.81,2.46,38.4,-0.399,19.62,21.37,02a59732o0286c
59732.3762,-20.749,0.618,-18,11,c,0,2.31,219.42633,2.2845,6526.07,9685.99,2.84,2.51,39.1,-0.388,19.61,21.36,02a59732o0300c
59732.38734,-21.903,1.865,-6,12,c,0,2.06,219.42633,2.2845,6546.7,9568.5,2.85,2.53,38.3,-0.388,19.62,21.34,02a59732o0324c
59734.36055,20.342,0.591,26,16,o,0,1.69,219.42633,2.2845,2320.97,6731.43,2.66,2.47,-39.2,-0.494,19.42,20.8,01a59734o0273o
59734.36377,-20.726,0.871,-19,16,o,0,1.93,219.42633,2.2845,2342.41,6769.95,2.66,2.46,-38.3,-0.494,19.41,20.82,01a59734o0280o
59734.36975,21.324,1.435,11,15,o,0,1.69,219.42633,2.2845,2283.89,6694.13,2.57,2.45,-36,-0.497,19.44,20.85,01a59734o0293o
59734.38035,21.262,1.343,11,15,o,0,1.81,219.42633,2.2845,2269.25,6811.56,2.64,2.49,-39.8,-0.493,19.43,20.84,01a59734o0316o
59736.34935,21.159,1.215,12,15,o,0,1.3,219.42633,2.2845,6487.07,9644.77,2.31,1.95,34.8,-0.443,19.5,20.55,02a59736o0242o
59736.35256,21.063,1.339,14,18,o,0,0.73,219.42633,2.2845,6468.13,9606.61,2.34,1.97,36.7,-0.438,19.5,20.54,02a59736o0249o
59736.35988,-19.964,0.455,-38,17,o,0,1.05,219.42633,2.2845,6528.99,9689.29,2.35,1.99,41.3,-0.44,19.46,20.53,02a59736o0265o
59736.37238,-20.527,0.641,-22,14,o,0,1.5,219.42633,2.2845,6550.31,9575.16,2.33,2.02,41.8,-0.437,19.52,20.57,02a59736o0292o
59736.86243,-22.55,4.64,-4,16,o,0,1.06,219.42633,2.2845,8476.12,8881.3,2.45,2.27,-31.3,-0.398,19.42,20.8,03a59737o0372o
59736.86565,20.174,0.443,31,14,o,0,1.37,219.42633,2.2845,8493.77,8920.47,2.4,2.22,-41.6,-0.401,19.46,20.81,03a59737o0379o
59736.87164,19.834,0.333,42,14,o,0,1.39,219.42633,2.2845,8434.72,8843.39,2.39,2.21,-34,-0.405,19.46,20.83,03a59737o0392o
59736.88176,-20.585,0.721,-21,15,o,0,1.41,219.42633,2.2845,8408.39,8959.64,2.4,2.2,-27.5,-0.422,19.45,20.83,03a59737o0414o
59738.30776,-20.397,0.763,-25,19,o,0,1.78,219.42633,2.2845,10177.63,3714.68,3.15,2.82,-54.8,-0.47,19.1,20.29,01a59738o0155o
59738.31006,-23.019,9.7,-2,22,o,0,1.18,219.42633,2.2845,10157.13,3677.18,3.24,2.92,-35.9,-0.458,19.07,20.3,01a59738o0160o
59738.31421,20.105,0.72,33,24,o,0,0.96,219.42633,2.2845,10216.92,3750.55,3.29,2.95,-58,-0.45,19.07,20.3,01a59738o0169o
59738.32111,20.933,1.323,15,20,o,0,1.33,219.42633,2.2845,10235.2,3632.51,3.27,3.05,-46.3,-0.451,19.06,20.32,01a59738o0184o
59738.34721,-20.502,0.915,-23,21,o,0,1.74,219.42633,2.2845,10506.48,6635.35,3.14,2.96,-54.2,-0.427,19.09,20.27,01a59738o0240o
59738.35236,16.198,0.512,1205,616,o,0,0.19,219.42633,2.2845,10528.09,6675.48,3.21,3.03,-34.4,-0.413,19.07,20.26,01a59738o0251o
59738.35562,21.83,2.937,7,20,o,0,2.24,219.42633,2.2845,10466.54,6599.13,3.14,2.88,-53.8,-0.432,19.11,20.26,01a59738o0258o
59738.38631,-19.776,0.498,-45,22,o,0,2.53,219.42633,2.2845,10456.4,6717.02,3.2,2.92,-65.4,-0.427,19.04,20.16,01a59738o0323o
59744.36956,-22.191,8.679,-5,42,o,0,1.01,219.42633,2.2845,6432.03,5953.42,2.79,2.25,35.7,-0.417,18.34,18.89,02a59744o0284o
59744.37509,-19.912,0.915,-39,36,o,0,0.88,219.42633,2.2845,6412.12,5914.64,2.82,2.05,34.7,-0.42,18.42,18.68,02a59744o0296o
59744.37831,-21.103,2.976,-13,39,o,0,0.93,219.42633,2.2845,6470.75,5994.04,2.87,2.15,35.2,-0.408,18.37,18.67,02a59744o0303o
59744.38928,-18.889,0.339,-101,34,o,0,1.17,219.42633,2.2845,6489.33,5879.26,2.92,2.26,35,-0.413,18.36,18.63,02a59744o0327o
59746.35876,19.758,0.492,45,22,o,0,1.4,219.42633,2.2845,3982.47,2719.41,2.9,2.73,-6.7,-0.456,18.83,19.73,01a59746o0264o
59746.36198,21.989,3.818,6,22,o,0,1.18,219.42633,2.2845,4003.08,2758.45,2.72,2.65,47.7,-0.481,18.84,19.67,01a59746o0271o
59746.37211,19.814,0.538,43,23,o,0,1.28,219.42633,2.2845,3946.01,2683.1,2.69,2.67,-76.2,-0.479,18.84,19.63,01a59746o0293o
59746.37902,19.636,0.571,51,29,o,0,1.35,219.42633,2.2845,3930.49,2800.5,2.73,2.61,-52.2,-0.489,18.52,19.42,01a59746o0308o
59747.09309,-20.496,1.207,-23,28,o,0,1.55,219.42633,2.2845,9948.62,626.11,4.56,2.59,-33.6,-0.283,18.82,19.91,04a59747o0096o
59747.09579,-19.541,0.529,-55,29,o,0,1.42,219.42633,2.2845,9969.52,662.75,4.46,2.63,-34.5,-0.304,18.81,19.88,04a59747o0102o
59747.1012,-20.118,0.789,-33,26,o,0,1.42,219.42633,2.2845,9913.91,579.88,4.6,2.59,-33.6,-0.283,18.77,19.87,04a59747o0114o
59747.11395,24.388,47.5,1,30,o,0,1.91,219.42633,2.2845,9897.71,690.36,4.66,2.55,-33.9,-0.291,18.75,19.85,04a59747o0142o
59750.34166,19.88,0.373,41,15,o,0,2.37,219.42633,2.2845,3978.09,2718.6,2.78,2.71,53.9,-0.469,19.33,20.8,01a59750o0225o
59750.34488,20.443,0.667,24,16,o,0,1.33,219.42633,2.2845,3998.82,2757.12,2.81,2.68,49.2,-0.464,19.33,20.8,01a59750o0232o
59750.35555,20.332,0.653,27,18,o,0,0.97,219.42633,2.2845,3941.45,2681.62,2.88,2.73,45.8,-0.457,19.31,20.76,01a59750o0255o
59750.36385,-23.624,13.714,-1,18,o,0,1.4,219.42633,2.2845,3926.84,2799.08,2.83,2.73,45.1,-0.465,19.34,20.77,01a59750o0273o
59751.1087,22.591,10.25,3,34,o,0,1.41,219.42633,2.2845,9960.51,605.82,3.99,2.46,-29.5,-0.326,19.05,20.73,04a59751o0370o
59751.11157,-18.736,0.91,-116,106,o,0,1.06,219.42633,2.2845,9981.32,642.31,3.88,2.44,-30.2,-0.323,18.16,19.76,04a59751o0376o
59751.11854,21.072,4.158,14,56,o,0,1.59,219.42633,2.2845,9926.24,559.78,3.95,2.38,-31.8,-0.324,18.16,19.75,04a59751o0391o
59751.12876,16.986,0.713,583,416,o,0,1.1,219.42633,2.2845,9906.99,673.68,3.73,2.32,-30.9,-0.354,16.13,17.64,04a59751o0413o
59754.31602,21.935,2.806,6,17,o,0,1.3,219.42633,2.2845,4398.38,8522.19,2.72,2.61,-28.1,-0.465,19.51,21.05,01a59754o0169o
59754.31925,20.032,0.466,35,16,o,0,1.43,219.42633,2.2845,4419.5,8560.55,2.71,2.6,-31.6,-0.468,19.49,21.04,01a59754o0176o
59754.32909,20.892,0.957,16,15,o,0,1.83,219.42633,2.2845,4361.75,8485.25,2.7,2.64,-32.1,-0.47,19.51,21,01a59754o0197o
59754.33876,20.093,0.456,33,15,o,0,2.13,219.42633,2.2845,4346.14,8602.45,2.76,2.66,61.3,-0.452,19.46,20.96,01a59754o0218o
59756.33934,-21.591,1.188,-8,10,c,0,2.47,219.42633,2.2845,4296.43,2176.18,2.39,2.22,-74.5,-0.415,19.69,21.51,02a59756o0149c
59756.34361,20.637,0.55,20,11,c,0,1.34,219.42633,2.2845,4276.19,2136.75,2.39,2.25,-77.8,-0.42,19.69,21.53,02a59756o0158c
59756.34958,20.299,0.357,28,10,c,0,2.41,219.42633,2.2845,4334.36,2217.42,2.43,2.31,-76.6,-0.413,19.67,21.5,02a59756o0171c
59756.36751,-23.066,5.688,-2,12,c,0,1.29,219.42633,2.2845,4354.62,2098.84,2.38,2.25,-76.8,-0.42,19.65,21.45,02a59756o0210c
59758.30994,-25.044,44,0,15,o,0,1.71,219.42633,2.2845,4401,8518.04,2.82,2.56,-28.3,-0.473,19.46,21.01,01a59758o0052o
59758.31267,-21.638,1.886,-8,15,o,0,1.47,219.42633,2.2845,4422.85,8557.81,2.94,2.59,-25.9,-0.464,19.41,21,01a59758o0058o
59758.3223,-20.375,0.568,-26,15,o,0,1.83,219.42633,2.2845,4365.53,8482.2,3.05,2.74,-12.9,-0.436,19.39,21.05,01a59758o0079o
59758.33435,20.87,0.989,16,16,o,0,1.94,219.42633,2.2845,4349.2,8598.99,2.76,2.62,-38.1,-0.468,19.47,21.04,01a59758o0105o
59760.29834,-20.365,0.47,-26,12,c,0,1.67,219.42633,2.2845,4296.29,2175.7,2.89,2.82,-78.5,-0.408,19.4,21.12,02a59760o0100c
59760.30557,-20.804,0.708,-17,12,c,0,1.48,219.42633,2.2845,4278.11,2137,2.65,2.56,-72.7,-0.406,19.45,21.11,02a59760o0116c
59760.31061,-19.768,0.261,-45,12,c,0,1.57,219.42633,2.2845,4337.49,2216.76,2.68,2.59,-73.6,-0.41,19.44,21.12,02a59760o0127c
59760.32103,23.126,6.231,2,13,c,0,1.62,219.42633,2.2845,4359.36,2100.95,2.59,2.49,-76.1,-0.403,19.49,21.13,02a59760o0150c
59764.79949,19.957,0.381,38,14,o,0,1.33,219.42633,2.2845,5951.78,2593.58,2.27,2.07,-12,-0.435,19.43,20.62,03a59765o0245o
59764.80265,23.605,9.6,1,13,o,0,2.37,219.42633,2.2845,5969.15,2632.77,2.4,2.12,-7.3,-0.428,19.38,20.62,03a59765o0252o
59764.80853,-21.071,1.218,-14,16,o,0,1.21,219.42633,2.2845,5910.55,2554.9,2.46,2.14,-8.3,-0.423,19.35,20.63,03a59765o0265o
59764.81852,20.207,0.569,30,17,o,0,1.55,219.42633,2.2845,5885.7,2672.12,2.31,2.14,-17.2,-0.438,19.42,20.59,03a59765o0287o
59766.28969,20.737,0.961,18,18,o,0,1.62,219.42633,2.2845,8413.47,4837.28,2.77,2.68,30.7,-0.461,19.24,20.39,01a59766o0108o
59766.29288,-19.984,0.429,-37,16,o,0,1.7,219.42633,2.2845,8435.58,4875.95,2.74,2.7,-51.9,-0.476,19.28,20.44,01a59766o0115o
59766.30062,20.678,0.829,19,16,o,0,1.66,219.42633,2.2845,8375.6,4799.53,2.8,2.62,48.2,-0.459,19.27,20.46,01a59766o0132o
59766.31432,21.18,1.426,12,18,o,0,1.44,219.42633,2.2845,8360.76,4917.93,2.78,2.71,45.2,-0.461,19.26,20.46,01a59766o0162o
59767.04485,-21.298,2.13,-11,23,o,0,0.9,219.42633,2.2845,4104.25,949.24,2.51,2.3,46,-0.384,18.92,19.96,04a59767o0220o
59767.04859,21.286,1.875,11,21,o,0,1.08,219.42633,2.2845,4125.61,985.03,2.48,2.24,42,-0.391,18.97,19.99,04a59767o0228o
59767.05601,20.171,0.681,31,21,o,0,0.99,219.42633,2.2845,4072.52,900.71,2.51,2.32,40,-0.377,18.93,19.98,04a59767o0243o
59767.06868,20.378,0.685,26,18,o,0,1.46,219.42633,2.2845,4057.25,1007.84,2.52,2.32,40.8,-0.378,18.91,19.96,04a59767o0270o
59770.30353,-19.512,0.663,-57,38,o,0,1.49,219.42633,2.2845,8698.57,8714.17,2.88,2.8,73.9,-0.456,18.7,19.35,01a59770o0140o
59770.30674,20.991,2.276,15,33,o,0,2.06,219.42633,2.2845,8719.69,8752.96,2.97,2.74,53.1,-0.451,18.67,19.35,01a59770o0147o
59770.31794,-20.263,1.129,-28,32,o,0,2.03,219.42633,2.2845,8659.65,8678.95,3,2.72,52.7,-0.451,18.65,19.35,01a59770o0171o
59770.33021,-20.778,2.261,-18,40,o,0,1.41,219.42633,2.2845,8642.34,8798.83,2.97,2.87,74.7,-0.449,18.65,19.34,01a59770o0197o
59772.31939,20.069,0.759,34,26,o,0,0.76,219.42633,2.2845,2049.36,3726.47,2.15,1.91,32.9,-0.441,18.83,19.21,02a59772o0162o
59772.32303,19.648,0.494,50,25,o,0,1.25,219.42633,2.2845,2030.29,3690.07,2.16,1.92,31.9,-0.441,18.83,19.2,02a59772o0170o
59772.32938,-20.176,0.777,-31,24,o,0,1.07,219.42633,2.2845,2089.02,3766.36,2.23,1.9,31.6,-0.439,18.79,19.16,02a59772o0184o
59772.3408,20.282,0.686,28,19,o,0,1.67,219.42633,2.2845,2110.29,3650.58,2.14,1.95,32.7,-0.441,18.82,19.12,02a59772o0209o
59772.84166,20.852,2.33,17,39,o,0,0.76,219.42633,2.2845,6055.26,6461.76,2.61,2.4,-15.8,-0.423,18.41,18.71,03a59773o0214o
59772.84977,-19.261,0.538,-72,39,o,0,1.35,219.42633,2.2845,6073.31,6500.87,2.82,2.44,-6.5,-0.408,18.35,18.66,03a59773o0232o
59772.85337,19.661,0.748,50,37,o,0,0.76,219.42633,2.2845,6017.78,6422.08,2.55,2.38,-22,-0.417,18.41,18.65,03a59773o0240o
59772.86556,20.923,2.663,16,41,o,0,1,219.42633,2.2845,5998.39,6535.87,2.72,2.53,-14.6,-0.401,18.29,18.59,03a59773o0267o
59774.29725,-22.313,7.5,-4,32,o,0,1.86,219.42633,2.2845,8698.5,8714.84,3.31,3.14,58.5,-0.421,18.64,19.54,01a59774o0123o
59774.30272,21.418,3.455,10,34,o,0,1.37,219.42633,2.2845,8720.54,8754.42,3.2,2.99,-59.4,-0.437,18.62,19.53,01a59774o0135o
59774.30592,20.721,1.929,19,36,o,0,1.54,219.42633,2.2845,8659.81,8678.17,3.2,2.95,-61.1,-0.437,18.64,19.51,01a59774o0142o
59774.31734,-19.623,0.648,-51,33,o,0,2.25,219.42633,2.2845,8645.32,8796.98,3.33,3.18,71.1,-0.413,18.56,19.46,01a59774o0167o
59776.29889,21.785,2.464,7,17,o,0,0.76,219.42633,2.2845,2053.16,3728.39,2.01,1.9,48.9,-0.455,19.61,20.81,02a59776o0116o
59776.30208,-22.064,2.365,-5,13,o,0,1.23,219.42633,2.2845,2033.88,3691.11,2.04,1.94,44.4,-0.448,19.54,20.78,02a59776o0123o
59776.30978,21.032,1.143,14,16,o,0,0.86,219.42633,2.2845,2092.43,3766.43,2.02,1.95,51.3,-0.451,19.49,20.54,02a59776o0140o
59776.32299,20.185,0.424,31,13,o,0,1.88,219.42633,2.2845,2113.79,3649.65,2.01,1.92,46,-0.454,19.3,20.1,02a59776o0169o
59776.7758,21.089,1.265,13,17,o,0,1.22,219.42633,2.2845,9926.04,720.14,2.71,2.27,2.4,-0.438,19.26,20.55,03a59777o0191o
59776.77852,-21.418,1.636,-10,16,o,0,1.01,219.42633,2.2845,9943.62,759.72,2.51,2.27,-32.6,-0.437,19.33,20.56,03a59777o0197o
59776.78537,22.202,3.815,5,18,o,0,1.51,219.42633,2.2845,9884.48,679.58,2.78,2.5,-36.9,-0.413,19.25,20.58,03a59777o0212o
59776.79535,-20.24,0.761,-29,22,o,0,0.91,219.42633,2.2845,9859.59,797.48,2.63,2.35,-43,-0.426,19.22,20.29,03a59777o0234o
59778.32815,21.425,1.66,10,16,o,0,1.37,219.42633,2.2845,2046.73,1099,2.83,2.77,-54.5,-0.494,19.32,20.85,01a59778o0185o
59778.33133,-21.273,1.759,-11,20,o,0,1.15,219.42633,2.2845,2067.81,1138.07,2.94,2.8,-47.5,-0.504,19.33,20.87,01a59778o0192o
59778.33772,19.878,0.48,41,20,o,0,2.34,219.42633,2.2845,2007.48,1062.42,2.87,2.74,-53.2,-0.503,19.34,20.84,01a59778o0206o
59778.35184,19.888,0.432,40,17,o,0,2.1,219.42633,2.2845,1991.52,1180.64,3.1,3.01,-42.2,-0.463,19.2,20.78,01a59778o0237o
59780.26918,21.146,1.193,13,15,c,0,1.49,219.42633,2.2845,2230.15,7604.31,2.56,2.46,-56.4,-0.416,19.52,21.16,02a59780o0060c
59780.27282,22.338,3.903,4,16,c,0,0.97,219.42633,2.2845,2210.87,7566.19,2.38,2.32,-49.8,-0.425,19.6,21.17,02a59780o0068c
59780.27826,-20.015,0.474,-36,17,c,0,1.08,219.42633,2.2845,2268.72,7643.73,2.39,2.31,-59.6,-0.42,19.58,21.17,02a59780o0080c
59780.28963,-20.75,0.681,-18,12,c,0,1.88,219.42633,2.2845,2288.74,7524.94,2.55,2.46,-66.3,-0.413,19.49,21.14,02a59780o0105c
59780.84668,-21.102,1.264,-13,17,o,0,1.25,219.42633,2.2845,9899.67,684.79,2.33,2.25,12.7,-0.471,19.44,20.82,03a59781o0282o
59780.85754,-22.338,3.714,-4,16,o,0,1.48,219.42633,2.2845,9880.3,800.99,2.38,2.26,20.7,-0.474,19.37,20.74,03a59781o0299o
59783.0269,21.066,1.133,14,15,o,0,1.72,219.42633,2.2845,2408.53,8577.25,2.99,2.47,90,-0.348,19.22,20.66,04a59783o0172o
59783.03026,-20.818,0.92,-17,16,o,0,1.4,219.42633,2.2845,2429.14,8614.58,2.93,2.35,-82.6,-0.358,19.25,20.66,04a59783o0179o
59783.03625,20.718,0.916,19,17,o,0,1.41,219.42633,2.2845,2374.14,8532.73,2.82,2.24,-83.8,-0.364,19.3,20.67,04a59783o0192o
59783.04823,19.809,0.393,43,17,o,0,2,219.42633,2.2845,2358.51,8642.77,2.99,2.36,-84.9,-0.354,19.27,20.77,04a59783o0218o
59784.25399,20.798,1.078,17,19,c,0,1.09,219.42633,2.2845,2238.19,7605.54,2.41,2.34,86.1,-0.416,19.2,20.38,02a59784o0027c
59784.25762,-20.487,0.626,-23,14,c,0,1.08,219.42633,2.2845,2217.64,7567.8,2.38,2.33,-80.4,-0.414,19.45,20.81,02a59784o0035c
59784.26805,-20.666,0.711,-20,14,c,0,1.32,219.42633,2.2845,2276.4,7647.65,2.39,2.24,-63.6,-0.432,19.6,21.16,02a59784o0058c
59784.27893,20.432,0.559,24,14,c,0,1.63,219.42633,2.2845,2295.5,7530.2,2.36,2.23,-66.3,-0.432,19.59,21.16,02a59784o0082c
59784.75404,-25.956,94,0,14,c,0,0.8,219.42633,2.2845,10285.81,4911.22,2.61,2.48,-43.9,-0.377,19.71,21.73,03a59785o0075c
59784.7577,-25.297,44,0,12,c,0,1.24,219.42633,2.2845,10303.8,4950.67,2.53,2.38,-49.1,-0.37,19.78,21.75,03a59785o0083c
59784.76553,20.114,0.353,33,12,c,0,1.49,219.42633,2.2845,10244.72,4870.66,2.5,2.35,-54.9,-0.373,19.75,21.72,03a59785o0100c
59784.77508,20.445,0.521,24,12,c,0,1.61,219.42633,2.2845,191.35,4679.59,2.55,2.39,-55.3,-0.394,19.74,21.76,03a59785o0119c
59784.77839,20.112,0.387,33,13,c,0,1.04,219.42633,2.2845,208.91,4719.31,2.52,2.37,-54.1,-0.39,19.76,21.76,03a59785o0125c
59784.77884,21.263,1.145,11,13,c,0,1.21,219.42633,2.2845,10220.61,4988.19,2.61,2.45,-50.9,-0.372,19.7,21.7,03a59785o0126c
59784.78386,21.753,1.872,7,14,c,0,1.33,219.42633,2.2845,150.73,4640.62,2.63,2.49,-51.8,-0.392,19.73,21.76,03a59785o0137c
59784.79532,22.253,3.103,5,14,c,0,1.15,219.42633,2.2845,127.69,4756.76,2.66,2.52,-50.3,-0.384,19.68,21.76,03a59785o0162c
59786.24931,21.789,3.073,7,22,o,0,1.2,219.42633,2.2845,6048.63,4505.22,2.68,2.6,44.8,-0.477,18.87,19.65,01a59786o0033o
59786.2525,20.605,0.756,21,16,o,0,2.12,219.42633,2.2845,6068.01,4543.06,2.64,2.62,61.3,-0.478,19.14,20.17,01a59786o0040o
59786.27439,19.877,0.432,41,18,o,0,1.17,219.42633,2.2845,6009,4470.03,2.65,2.57,-69.6,-0.485,19.29,20.5,01a59786o0088o
59786.28414,-21.28,1.53,-11,17,o,0,1.34,219.42633,2.2845,5996.12,4587.91,2.64,2.57,-71,-0.484,19.3,20.52,01a59786o0109o
59787.00901,-20.098,0.488,-33,16,o,0,1.67,219.42633,2.2845,6292.4,8376.73,2.86,2.74,-56,-0.364,19.04,20.45,04a59787o0133o
59787.0122,20.989,1.316,15,19,o,0,1.28,219.42633,2.2845,6313.82,8413.78,2.83,2.66,-58.6,-0.371,19.06,20.46,04a59787o0140o
59787.01858,-23.055,8.818,-2,19,o,0,1.24,219.42633,2.2845,6257.07,8332.18,2.89,2.7,-55.1,-0.361,19.07,20.52,04a59787o0154o
59787.02864,-21.025,1.256,-14,18,o,0,1.27,219.42633,2.2845,6241.39,8443.1,2.8,2.57,-60.7,-0.359,19.13,20.5,04a59787o0176o
59788.2522,20.163,0.642,31,20,c,0,0.85,219.42633,2.2845,6342.95,4021.99,2.46,2.31,40.3,-0.405,19.1,20.24,02a59788o0027c
59788.25536,20.684,0.795,19,15,c,0,1.25,219.42633,2.2845,6323.18,3983.69,2.4,2.3,42.3,-0.408,19.4,20.71,02a59788o0034c
59788.27715,-20.435,0.522,-24,13,c,0,1.12,219.42633,2.2845,6382.42,4065.69,2.4,2.33,-88,-0.41,19.62,21.24,02a59788o0082c
59788.28675,21.841,1.62,7,11,c,0,1.62,219.42633,2.2845,6399.84,3949.69,2.37,2.31,84.6,-0.41,19.64,21.24,02a59788o0103c
59788.74484,-23.363,6.692,-2,11,c,0,1.74,219.42633,2.2845,10281.41,4911.09,2.48,2.15,-56.5,-0.368,19.75,21.65,03a59789o0089c
59788.74869,-20.918,0.714,-16,11,c,0,1.58,219.42633,2.2845,10298.68,4949.67,2.68,2.33,-58.4,-0.364,19.69,21.68,03a59789o0097c
59788.75534,-20.458,0.429,-24,10,c,0,1.93,219.42633,2.2845,10240.48,4872.19,2.64,2.3,-54.9,-0.371,19.69,21.68,03a59789o0111c
59788.75808,-22.07,2.2,-5,12,c,0,1.26,219.42633,2.2845,188.59,4679.42,2.45,2.27,-56.8,-0.398,19.79,21.77,03a59789o0117c
59788.76183,-21.343,1.306,-10,14,c,0,1.24,219.42633,2.2845,205.9,4718.47,2.53,2.37,-55.3,-0.39,19.71,21.77,03a59789o0125c
59788.76611,20,0.305,36,11,c,0,1.57,219.42633,2.2845,10215.17,4987.66,2.69,2.31,-55.9,-0.359,19.66,21.69,03a59789o0134c
59788.76747,22.169,2.576,5,13,c,0,1.23,219.42633,2.2845,147.58,4640.3,2.56,2.39,-52.1,-0.39,19.72,21.76,03a59789o0137c
59788.78023,20.063,0.314,34,11,c,0,1.88,219.42633,2.2845,123.32,4757.03,2.59,2.41,-50.5,-0.379,19.7,21.73,03a59789o0164c
59791.00046,20.835,0.739,17,12,c,0,2.48,219.42633,2.2845,6292.45,8378.52,3.3,3.16,-45.6,-0.34,19.25,21.47,04a59791o0111c
59791.00362,23.11,7.5,2,16,c,0,1.55,219.42633,2.2845,6312.75,8415.6,3.04,2.88,-59.4,-0.349,19.35,21.45,04a59791o0118c
59791.00904,-21.305,1.122,-11,12,c,0,1.54,219.42633,2.2845,6256.31,8335.1,3.21,2.95,-62.4,-0.343,19.3,21.5,04a59791o0130c
59791.02099,20.058,0.385,34,13,c,0,2.15,219.42633,2.2845,6240.23,8445.28,3.16,3.01,-56.6,-0.328,19.35,21.48,04a59791o0156c
59796.77837,-22.699,16.167,-3,49,o,0,0.98,219.42633,2.2845,4098.55,908.94,2.37,2.22,-25.7,-0.401,17.99,18.08,03a59797o0179o
59796.78124,20.981,1.865,15,27,o,0,1.21,219.42633,2.2845,4117.11,947.93,2.31,2.18,-28,-0.411,18.56,18.82,03a59797o0185o
59796.78724,-20.482,1.838,-23,43,o,0,1.28,219.42633,2.2845,4059.85,868.38,2.45,2.23,-32.1,-0.401,17.98,18.08,03a59797o0198o
59796.78769,19.816,0.957,43,41,o,0,0.99,219.42633,2.2845,4059.87,868.12,2.34,2.15,-38.5,-0.408,18.13,18.2,03a59797o0199o
59799.01285,19.898,0.776,40,31,o,0,1.43,219.42633,2.2845,2141.01,2754.14,2.91,2.51,59.2,-0.384,18.4,19.15,04a59799o0060o
59799.01601,22.878,13.067,3,34,o,0,1.04,219.42633,2.2845,2161.32,2792.08,2.74,2.44,58.6,-0.405,18.42,19.15,04a59799o0067o
59799.0224,20.45,1.594,24,38,o,0,1.16,219.42633,2.2845,2103.88,2710.53,3.39,2.95,60.7,-0.365,18.31,19.15,04a59799o0081o
59799.03923,22.524,9.786,4,35,o,0,1.29,219.42633,2.2845,2086.78,2821.82,3.41,2.99,60.4,-0.348,18.2,19.13,04a59799o0117o
59800.24497,-21.201,2.071,-12,25,o,0,1.9,219.42633,2.2845,2611.86,9848.72,2.69,2.43,-76.9,-0.457,18.64,19.29,02a59800o0014o
59800.24813,-23.167,15,-2,30,o,0,1.03,219.42633,2.2845,2593.72,9810.69,2.61,2.14,-63.1,-0.487,18.66,19.4,02a59800o0021o
59800.25356,-20.267,0.969,-28,28,o,0,1,219.42633,2.2845,2651.23,9889.78,2.78,2.38,-66.2,-0.459,18.66,19.44,02a59800o0033o
59800.2663,21.208,2.421,12,29,o,0,1.13,219.42633,2.2845,2670.62,9772.07,2.58,2.23,-64,-0.457,18.75,19.53,02a59800o0061o
59800.74614,-19.82,0.67,-43,29,o,0,0.99,219.42633,2.2845,4063.67,4584.08,2.49,2.28,-41,-0.401,18.66,19.19,03a59801o0094o
59800.75023,22.965,11.563,2,27,o,0,1.04,219.42633,2.2845,4082.59,4623.88,2.58,2.26,-16.9,-0.397,18.66,19.18,03a59801o0103o
59800.75566,-20.422,1.126,-25,28,o,0,1.11,219.42633,2.2845,4026,4544.61,2.57,2.3,-34.7,-0.385,18.65,19.16,03a59801o0115o
59800.76559,-19.497,0.63,-58,36,o,0,1.06,219.42633,2.2845,4005.05,4659.81,2.46,2.22,-36.3,-0.398,18.42,18.75,03a59801o0137o
59802.285,-19.568,0.984,-54,53,o,0,1.25,219.42633,2.2845,6193.42,6446.56,2.98,2.94,82.1,-0.436,18.35,19.04,01a59802o0125o
59802.28819,-21.835,9.3,-7,62,o,0,0.87,219.42633,2.2845,6213.37,6485.75,3,2.93,60.2,-0.433,18.25,18.88,01a59802o0132o
59802.29506,20.707,2.642,19,50,o,0,1.82,219.42633,2.2845,6154.17,6410.86,3.21,2.95,54.5,-0.409,18.18,18.82,01a59802o0147o
59802.306,20.025,1.389,36,49,o,0,1.63,219.42633,2.2845,6134.74,6530.12,3.07,2.96,-66,-0.432,18.16,18.88,01a59802o0171o
59802.98473,-17.211,0.821,-474,389,o,0,0.98,219.42633,2.2845,8543.73,6812.46,3.02,2.43,-18.5,-0.42,15.7,15.77,04a59803o0067o
59802.9897,-17.259,0.617,-453,280,o,0,1.03,219.42633,2.2845,8564.13,6849.94,3.05,2.4,-21.6,-0.409,16.03,15.99,04a59803o0078o
59802.99421,-18.597,1.13,-132,149,o,0,1.22,219.42633,2.2845,8506.84,6771.77,2.99,2.36,-19.7,-0.403,16.58,16.72,04a59803o0088o
59803.00698,-20.853,13.212,-17,219,o,0,0.69,219.42633,2.2845,8488.25,6882.6,2.92,2.35,-21.5,-0.413,16.44,16.47,04a59803o0116o
59804.3111,-19.543,0.707,-55,39,o,0,1.25,219.42633,2.2845,4549.61,9739.96,2.37,2.08,-44.2,-0.425,18.51,18.83,02a59804o0175o
59804.32841,19.395,0.692,63,44,o,0,1.09,219.42633,2.2845,4525.59,9702.65,2.12,2.04,-31.8,-0.436,18.37,18.82,02a59804o0213o
59804.3326,-19.051,0.474,-87,41,o,0,1.03,219.42633,2.2845,4584.37,9779.53,2.23,1.96,-37.5,-0.43,18.4,18.59,02a59804o0222o
59804.34038,-18.929,0.463,-97,45,o,0,1.58,219.42633,2.2845,4602.34,9663.82,2.1,2.03,-1,-0.416,18.25,18.66,02a59804o0239o
59804.80891,-18.73,1.568,-117,184,o,0,1.37,219.42633,2.2845,4083.6,4583.63,5.63,3.43,2.2,-0.327,16.44,17.32,03a59805o0118o
59804.81232,-16.08,1.39,-1343,1866,o,0,1.16,219.42633,2.2845,4104.78,4621.52,5.26,3.46,5.1,-0.404,14.08,14.42,03a59805o0125o
59806.23864,20.441,2.208,24,53,o,0,0.83,219.42633,2.2845,6188.1,6444.11,2.69,2.54,66.2,-0.482,18.44,18.8,01a59806o0027o
59806.24183,-21.1,1.988,-13,26,o,0,0.86,219.42633,2.2845,6210.58,6480.68,2.59,2.52,66.6,-0.488,18.93,19.65,01a59806o0034o
59806.24867,-22.407,4.417,-4,18,o,0,1.35,219.42633,2.2845,6149.58,6404.64,2.61,2.55,84.5,-0.478,19.3,20.51,01a59806o0049o
59806.25873,21.829,2.525,7,17,o,0,1.3,219.42633,2.2845,6133.3,6522.53,2.62,2.58,84.1,-0.475,19.38,20.67,01a59806o0071o
59807.00983,20.352,0.739,26,19,o,0,1.18,219.42633,2.2845,8553.68,6802.07,2.92,2.48,-25.8,-0.386,19,20.47,04a59807o0119o
59807.01599,-25.784,112,0,20,o,0,1.38,219.42633,2.2845,8573.04,6838.58,2.79,2.36,-26.8,-0.408,19.05,20.45,04a59807o0132o
59807.01915,22.221,4.148,5,20,o,0,1.28,219.42633,2.2845,8514.41,6760.77,2.74,2.31,-26.7,-0.414,19.06,20.39,04a59807o0139o
59807.03099,-21.975,3.875,-6,23,o,0,1,219.42633,2.2845,8491.8,6877.22,2.83,2.44,-26.4,-0.388,19,20.44,04a59807o0165o
59810.25221,20.548,0.836,22,18,o,0,1.38,219.42633,2.2845,9810.43,518.3,2.74,2.65,-38.2,-0.504,19.23,20.58,01a59810o0059o
59810.2554,22.884,7.154,2,18,o,0,1.67,219.42633,2.2845,9830.74,557.23,2.85,2.72,-16.5,-0.499,19.2,20.62,01a59810o0066o
59810.2609,19.31,0.261,68,18,o,0,1.36,219.42633,2.2845,9770.86,482.36,2.81,2.7,-41.2,-0.5,19.23,20.63,01a59810o0078o
59810.27183,-21.551,1.952,-9,17,o,0,2.06,219.42633,2.2845,9752.4,604.14,2.89,2.73,-49.9,-0.497,19.16,20.57,01a59810o0102o
59814.2413,19.322,0.369,68,25,o,0,1.64,219.42633,2.2845,9810.94,520.13,2.74,2.67,-45.8,-0.513,18.69,19.46,01a59814o0043o
59814.24676,19.429,0.406,62,25,o,0,1.12,219.42633,2.2845,9831.57,559.69,2.65,2.52,-50.4,-0.514,18.99,20,01a59814o0055o
59814.24995,20.232,0.627,29,18,o,0,1.96,219.42633,2.2845,9772.35,483.72,2.75,2.63,-54.6,-0.505,19.02,20.11,01a59814o0062o
59814.26134,20.093,0.67,33,22,o,0,0.98,219.42633,2.2845,9756.11,605.47,2.63,2.59,-45.9,-0.501,19.06,20.15,01a59814o0087o
59826.2279,18.481,0.44,147,65,o,0,1.22,219.42633,2.2845,3961.08,969.14,3.05,2.79,56,-0.422,17.62,17.82,01a59826o0029o
59826.23109,-20.048,1.163,-35,40,o,0,1.3,219.42633,2.2845,3981.85,1009.28,3,2.84,64,-0.44,18.13,18.59,01a59826o0036o
59826.23747,19.703,0.616,48,29,o,0,0.87,219.42633,2.2845,3921.57,931.44,2.92,2.75,55.5,-0.444,18.58,19.36,01a59826o0050o
59826.24885,21.094,1.746,13,23,o,0,1.78,219.42633,2.2845,3907.62,1049.9,2.88,2.72,58.4,-0.45,18.66,19.49,01a59826o0075o
59830.97946,19.933,2.319,39,90,o,0,1.26,219.42633,2.2845,7992.92,684.98,3.31,2.81,-20.7,-0.34,17.22,17.52,04a59831o0034o
59830.98355,18.621,0.464,129,60,o,0,1.35,219.42633,2.2845,8011.67,725.49,3.35,2.82,-21.1,-0.344,17.69,18.25,04a59831o0043o
59830.99081,-21.766,7.619,-7,54,o,0,1.34,219.42633,2.2845,7950.32,649.98,3.88,3.34,-19.1,-0.32,17.85,18.72,04a59831o0059o
59831.0039,-18.926,0.576,-98,56,o,0,1.47,219.42633,2.2845,7925.61,771.76,4.12,3.6,-21.8,-0.377,17.77,18.75,04a59831o0088o
59955.31879,20.246,1.19,29,34,o,0,1.15,219.42633,2.2845,216.91,5762.76,2.5,2.27,51.9,-0.354,18.4,18.8,04a59955o0649o
59955.33289,-21.555,3.597,-9,31,o,0,0.85,219.42633,2.2845,268.83,5841.36,2.32,2.06,58.5,-0.371,18.5,18.95,04a59955o0677o
59955.34877,-21.265,2.857,-11,32,o,0,0.96,219.42633,2.2845,280.99,5725.99,2.5,2.1,55,-0.361,18.57,19.08,04a59955o0710o
59968.62253,-19.617,0.244,-52,13,o,0,1.95,219.42633,2.2845,2097.52,2768.78,2.25,1.88,37.9,-0.443,19.52,20.89,02a59968o0922o
59968.62795,19.863,0.365,41,15,o,0,1.44,219.42633,2.2845,2115.7,2807.07,2.27,1.89,34.8,-0.445,19.52,20.89,02a59968o0934o
59977.04174,20.81,1.176,17,20,o,0,1.95,219.42633,2.2845,572.46,9833.56,2.71,2.38,-49.1,-0.445,19.31,20.52,03a59977o0602o
59977.04492,-20.473,0.736,-24,17,o,0,2.19,219.42633,2.2845,552.12,9794.26,2.72,2.35,-51.7,-0.44,19.33,20.58,03a59977o0609o
59977.05033,-21.041,1.324,-14,18,o,0,1.46,219.42633,2.2845,607.17,9872.46,2.86,2.49,-39.4,-0.422,19.31,20.66,03a59977o0621o
59977.06446,-21.803,2.486,-7,17,o,0,1.94,219.42633,2.2845,628.59,9752.23,2.72,2.36,-52.9,-0.435,19.41,20.81,03a59977o0651o
59979.32855,-20.423,1.307,-25,32,o,0,0.97,219.42633,2.2845,8190.16,1999.41,2.38,2.26,-12.6,-0.396,18.6,19.14,04a59979o0367o
59979.33216,-21.257,2,-11,23,o,0,1.19,219.42633,2.2845,8171.05,1960.59,2.36,2.16,-21.6,-0.411,18.63,19.21,04a59979o0375o
59979.3513,19.353,0.4,66,26,o,0,1.46,219.42633,2.2845,8228.84,2041.04,2.25,2.16,-23.2,-0.434,18.84,19.47,04a59979o0416o
59979.36784,21.481,3.017,9,28,o,0,0.88,219.42633,2.2845,8251.5,1923.44,2.23,2.07,-37,-0.441,19.13,20.06,04a59979o0452o
59983.33231,23.575,33.778,1,46,o,0,0.6,219.42633,2.2845,8185.85,2002.74,2.3,2.18,-25.5,-0.409,18.29,18.38,04a59983o0704o
59983.33546,-21.128,3.184,-13,41,o,0,0.96,219.42633,2.2845,8166.17,1964.22,2.26,2.13,-21.9,-0.422,18.31,18.4,04a59983o0711o
59983.34087,-20.387,1.686,-25,43,o,0,0.88,219.42633,2.2845,8225.08,2041.87,2.33,2.17,-24.7,-0.404,18.33,18.44,04a59983o0723o
59983.35156,-20.652,1.522,-20,30,o,0,2.01,219.42633,2.2845,8246.56,1926.35,2.35,2.19,-23.5,-0.394,18.37,18.53,04a59983o0745o
59985.03025,20.306,1.147,27,31,o,0,1.33,219.42633,2.2845,6211.04,1340.96,2.37,2.11,-11.7,-0.43,18.29,18.47,03a59985o0597o
59985.0334,19.944,0.834,38,32,o,0,0.97,219.42633,2.2845,6189.35,1304.36,2.36,2.12,-25.7,-0.412,18.31,18.49,03a59985o0604o
59985.03926,-21.369,3.56,-10,37,o,0,0.92,219.42633,2.2845,6241.81,1388.25,2.29,2.14,-34.7,-0.421,18.35,18.56,03a59985o0617o
59985.04603,-21.656,3.95,-8,31,o,0,1.28,219.42633,2.2845,6259.86,1277.99,2.28,2.06,-49.8,-0.431,18.4,18.58,03a59985o0632o
59985.35444,21.255,4.721,11,54,o,0,0.93,219.42633,2.2845,4321.72,2215.5,2.32,2.2,-52.5,-0.424,17.98,17.99,04a59985o0753o
59985.35804,19.279,0.67,70,47,o,0,1.21,219.42633,2.2845,4303.31,2176.56,2.21,2.11,-27.3,-0.438,18.03,17.99,04a59985o0761o
59985.36817,20.929,2.881,15,44,o,0,1.15,219.42633,2.2845,4366.54,2251.91,2.12,2.03,-15.9,-0.459,18.05,17.98,04a59985o0783o
59985.38298,19.546,0.799,55,44,o,0,1.1,219.42633,2.2845,4388.91,2133.68,2.14,2.08,-33.4,-0.431,18.04,17.97,04a59985o0815o
59989.10203,-20.373,0.811,-26,21,o,0,0.98,219.42633,2.2845,183.78,5635.99,2.33,2.07,-64.5,-0.386,19.15,19.98,03a59989o0741o
59989.10608,-21.679,2.623,-8,20,o,0,0.93,219.42633,2.2845,165.3,5596.45,2.36,2.11,-64.3,-0.375,19.16,19.94,03a59989o0750o
59989.12232,19.81,0.479,43,21,o,0,1.18,219.42633,2.2845,227.11,5673.73,2.42,2.09,-63,-0.383,19.06,19.77,03a59989o0785o
59989.12998,-23.745,27.667,-1,32,o,0,0.64,219.42633,2.2845,249.42,5558.07,2.44,2.05,-64,-0.386,18.8,19.21,03a59989o0802o
59989.32455,23.006,9.357,2,21,o,0,1.85,219.42633,2.2845,4293.65,2176.97,2.27,2.17,-19.5,-0.431,18.86,19.79,04a59989o0685o
59989.3277,-20.185,0.822,-31,25,o,0,0.6,219.42633,2.2845,4353.6,2254.27,2.01,1.91,-42.4,-0.442,18.94,19.82,04a59989o0692o
59989.33762,20.644,1.083,20,22,o,0,1.28,219.42633,2.2845,4377.54,2136.84,2.14,2.06,-26.7,-0.423,18.94,19.89,04a59989o0714o
59994.32991,21.452,1.796,10,17,c,0,1.19,219.42633,2.2845,8494.17,7813.86,2.61,2.19,-41.4,-0.441,19.55,21.38,04a59994o0702c
59994.33172,-19.62,0.319,-52,16,c,0,1.38,219.42633,2.2845,8475.22,7774.59,2.66,2.28,-47,-0.423,19.54,21.4,04a59994o0706c
59994.34286,21.462,1.55,9,15,c,0,1.35,219.42633,2.2845,8538.03,7853.32,2.57,2.14,-44.8,-0.438,19.61,21.43,04a59994o0730c
59994.35016,-20.064,0.373,-34,13,c,0,1.75,219.42633,2.2845,8558.54,7735.43,2.61,2.2,-48.5,-0.434,19.6,21.44,04a59994o0746c
59997.06016,20.4,0.637,25,16,o,0,1.69,219.42633,2.2845,6377.42,9631.95,2.48,2.08,-44,-0.413,19.37,20.43,03a59997o0669o
59997.06331,-20.316,0.661,-27,18,o,0,1.21,219.42633,2.2845,6359.14,9591.97,2.61,2.25,-39.3,-0.395,19.32,20.44,03a59997o0676o
59997.07485,-20.382,0.602,-26,15,o,0,1.38,219.42633,2.2845,6415.26,9669.87,2.42,2.08,-41.1,-0.415,19.39,20.45,03a59997o0701o
59997.08071,22.216,4.036,5,19,o,0,1.06,219.42633,2.2845,6436.88,9554.88,2.66,2.43,-49.6,-0.406,19.25,20.49,03a59997o0714o
59997.14229,-20.042,1.531,-35,54,o,0,0.91,219.42633,2.2845,4159.22,943.69,2.31,2.12,-30.6,-0.379,18.3,17.96,03a59997o0848o
59998.3578,21.357,1.317,10,14,c,0,1.27,219.42633,2.2845,8507.99,7810.41,2.71,2.24,-55.2,-0.411,19.58,21.48,04a59998o0767c
59998.3596,20.786,1.02,18,18,c,0,0.74,219.42633,2.2845,8488.66,7771.36,2.76,2.3,-50.6,-0.406,19.58,21.47,04a59998o0771c
59998.36728,-21.024,1.062,-14,15,c,0,1.17,219.42633,2.2845,8552.95,7848.35,2.8,2.31,-54.8,-0.408,19.55,21.48,04a59998o0788c
59998.38723,-20.368,0.448,-26,12,c,0,1.23,219.42633,2.2845,2055.44,2890.59,2.26,1.93,43.7,-0.397,19.57,21.31,04a59998o0831c
60000.62073,20.898,0.971,16,15,c,0,1.03,219.42633,2.2845,2577.82,9832.59,2.53,2.42,19.7,-0.422,19.53,21.35,02a60000o0687c
60000.62372,-22.14,2.906,-5,15,c,0,1.28,219.42633,2.2845,2559.29,9795.48,2.56,2.45,36.6,-0.419,19.49,21.34,02a60000o0693c
60000.65029,21.304,1.114,11,12,c,0,2.6,219.42633,2.2845,2615.93,9868.89,2.48,2.48,46.1,-0.416,19.5,21.3,02a60000o0745c
60000.66069,20.582,0.73,21,16,c,0,1.61,219.42633,2.2845,2639.76,9752.39,2.5,2.45,54.8,-0.419,19.26,20.71,02a60000o0765c
60002.33393,-22.285,2.675,-4,12,c,0,1.13,219.42633,2.2845,2078.79,3766.61,2.17,1.99,53,-0.399,19.63,21.46,04a60002o0710c
60002.33663,-20.537,0.635,-22,14,c,0,1.18,219.42633,2.2845,2060.68,3727.16,2.13,1.99,56.5,-0.404,19.64,21.47,04a60002o0716c
60002.33979,21.243,1.01,12,12,c,0,1.28,219.42633,2.2845,2120.71,3804.69,2.17,1.99,56,-0.394,19.62,21.5,04a60002o0723c
60002.3452,20.439,0.554,24,13,c,0,1.1,219.42633,2.2845,2142.08,3687.64,2.12,1.98,43.8,-0.402,19.64,21.5,04a60002o0735c
60004.0333,-20.696,0.964,-19,18,o,0,1.05,219.42633,2.2845,6395.59,5948.51,2.41,2.13,-52.1,-0.415,19.33,20.55,03a60004o0626o
60004.03601,-20.603,0.677,-21,14,o,0,2.18,219.42633,2.2845,6376.71,5909.7,2.29,2.01,-52.8,-0.421,19.36,20.55,03a60004o0632o
60004.046,20.776,0.781,18,14,o,0,1.81,219.42633,2.2845,6429.17,5988.01,2.24,2.02,-51,-0.422,19.39,20.57,03a60004o0654o
60004.0519,-19.928,0.457,-39,18,o,0,1.11,219.42633,2.2845,6452.53,5872.68,2.22,2.02,-45.2,-0.432,19.4,20.59,03a60004o0667o
60005.05878,22.058,3.194,6,17,o,0,1.06,219.42633,2.2845,6391.47,5948.6,2.59,2.43,-52.3,-0.412,19.25,20.68,03a60005o0688o
60005.06149,-20.796,1.035,-17,18,o,0,1.36,219.42633,2.2845,6373.62,5908.94,2.38,2.17,-53.9,-0.418,19.25,20.62,03a60005o0694o
60005.06464,-20.297,0.634,-28,18,o,0,0.9,219.42633,2.2845,6430.61,5987.3,2.33,2.16,-53.7,-0.423,19.34,20.65,03a60005o0701o
60005.07006,-20.256,0.505,-29,14,o,0,1.66,219.42633,2.2845,6453.16,5872.21,2.42,2.23,-50.2,-0.411,19.39,20.79,03a60005o0713o
60005.21224,-22.587,7.889,-3,26,o,0,1.07,219.42633,2.2845,2076.97,3770.14,2.07,1.88,-62,-0.406,18.89,19.78,04a60005o0470o
60005.21404,21.472,2.325,9,22,o,0,1.31,219.42633,2.2845,2057.1,3731.5,1.95,1.84,-81.1,-0.406,18.94,19.79,04a60005o0474o
60005.22833,23.163,13.562,2,27,o,0,0.72,219.42633,2.2845,2112.28,3811.58,1.99,1.88,-59.2,-0.418,19.04,19.93,04a60005o0505o
60005.23886,-18,0.977,-229,224,o,0,0.4,219.42633,2.2845,2127.62,3696.96,2.07,1.86,46.7,-0.412,19.13,20.22,04a60005o0527o
60006.29246,-21.163,1.67,-12,21,o,0,0.82,219.42633,2.2845,2068.32,3773.12,1.92,1.86,-74.1,-0.44,19.32,20.58,04a60006o0660o
60006.29427,21.593,2.205,8,18,o,0,0.76,219.42633,2.2845,2048.97,3734.42,1.93,1.83,-54.7,-0.417,19.35,20.58,04a60006o0664o
60006.29742,22.192,3.822,5,18,o,0,0.9,219.42633,2.2845,2108.53,3811.61,1.9,1.84,-58.2,-0.428,19.38,20.61,04a60006o0671o
60006.30283,20.462,0.764,24,18,o,0,0.9,219.42633,2.2845,2129.9,3694.39,1.91,1.81,-58.1,-0.415,19.34,20.65,04a60006o0683o
60008.04375,21.165,2.833,12,35,o,0,0.94,219.42633,2.2845,8228.89,2025.23,2.49,2.1,-59.1,-0.409,18.41,18.99,03a60008o0326o
60008.0457,22.383,11.278,4,46,o,0,0.77,219.42633,2.2845,8211.12,1985.8,2.27,2.15,-5.4,-0.445,18.06,18.41,03a60008o0330o
60008.04886,-19.379,2.192,-64,141,o,0,1.1,219.42633,2.2845,8267.95,2064.34,2.29,2.19,-41.9,-0.429,16.66,16.76,03a60008o0337o
60009.25447,-21.345,2.838,-10,30,o,0,1.22,219.42633,2.2845,2271.34,7641.91,2.56,2.11,-73.3,-0.378,18.42,18.89,04a60009o0570o
60009.2573,-19.594,0.528,-53,28,o,0,1.38,219.42633,2.2845,2252.41,7603.2,2.39,2.01,-67,-0.4,18.46,18.88,04a60009o0576o
60009.26016,-19.843,0.827,-42,35,o,0,0.77,219.42633,2.2845,2310.55,7680.37,2.32,1.97,-62.6,-0.428,18.51,18.87,04a60009o0582o
60009.26879,22.962,11.867,2,28,o,0,1.25,219.42633,2.2845,2330.33,7564.01,2.53,2.13,-62.5,-0.417,18.41,18.93,04a60009o0601o
60010.22603,-20.034,1.217,-35,43,o,0,1.02,219.42633,2.2845,2268.91,7640.52,2.17,1.85,-68.9,-0.438,18.11,18.07,04a60010o0378o
60010.22783,-20.585,2.167,-21,46,o,0,0.92,219.42633,2.2845,2249.16,7601.92,2.21,1.85,-70.4,-0.419,18.12,18.11,04a60010o0382o
60010.23099,-21.664,5.033,-8,40,o,0,1.46,219.42633,2.2845,2307.14,7679.06,2.22,1.88,-71.4,-0.428,18.14,18.12,04a60010o0389o
60010.24111,19.668,0.818,49,40,o,0,1.19,219.42633,2.2845,2326.03,7563.78,2.11,1.83,-66.5,-0.445,18.19,18.15,04a60010o0410o
60012.01718,18.966,0.502,94,47,o,0,0.66,219.42633,2.2845,8229.4,2027.79,2.32,2.02,-44.8,-0.493,18.34,18.45,03a60012o0611o
60012.01989,19.469,0.537,59,32,o,0,1.16,219.42633,2.2845,8211.08,1989.05,2.22,2.03,-29.7,-0.44,18.37,18.46,03a60012o0617o
60012.02352,-21.588,3.46,-8,29,o,0,1.34,219.42633,2.2845,8267.08,2067.8,2.46,2.07,-47.1,-0.411,18.3,18.47,03a60012o0625o
60012.02897,-20.584,1.662,-21,35,o,0,0.86,219.42633,2.2845,8290.54,1950.53,2.48,2.12,-46.5,-0.401,18.3,18.52,03a60012o0637o
60017.01637,21.127,1.333,13,17,o,0,1.56,219.42633,2.2845,4341.31,2140.6,2.17,2,-52.6,-0.423,19.09,19.92,03a60017o0618o
60017.01999,19.529,0.342,56,19,o,0,1.15,219.42633,2.2845,4323.35,2101.47,2.17,2.01,-47.3,-0.42,19.1,19.93,03a60017o0626o
60017.05573,-21.538,1.938,-9,17,o,0,1.98,219.42633,2.2845,4391.45,2177.89,2.12,1.91,-51.4,-0.43,19.1,19.8,03a60017o0702o
60017.0616,21.318,1.5,11,16,o,0,2.02,219.42633,2.2845,4414.06,2062.43,2.23,2.07,-45.9,-0.423,19.03,19.78,03a60017o0715o
60018.16503,20.691,0.96,19,18,o,0,1.44,219.42633,2.2845,6356.05,4041.58,2.27,2.05,-1.6,-0.389,18.79,19.89,04a60018o0397o
60018.18895,19.359,0.37,66,24,o,0,0.97,219.42633,2.2845,6322.85,4007.63,2.19,2.15,-46.7,-0.402,18.85,19.92,04a60018o0449o
60018.2172,-22.886,6.727,-2,17,o,0,1.82,219.42633,2.2845,6377.49,4086.87,1.97,1.88,-32.3,-0.418,19.02,20.02,04a60018o0510o
60018.23097,-19.411,0.276,-62,17,o,0,1.57,219.42633,2.2845,6395.61,3972.12,1.93,1.84,-30,-0.448,19.09,19.98,04a60018o0539o
60020.52073,-22.636,6.667,-3,21,o,0,1.03,219.42633,2.2845,10132.79,1861.59,1.83,1.6,-58.2,-0.521,17.98,19.26,02a60020o0649o
60020.52254,-19.361,1.37,-65,90,o,0,0.71,219.42633,2.2845,10151.31,1900.51,1.94,1.66,-54.2,-0.498,17.4,18.59,02a60020o0653o
60020.53158,20.147,0.496,32,16,o,0,1.23,219.42633,2.2845,10074.8,1941.82,1.94,1.68,-53.6,-0.503,19.34,20.64,02a60020o0673o
60021.03727,-17.969,0.871,-236,205,o,0,1.6,219.42633,2.2845,4391.77,2176.82,2.47,2.33,-46.5,-0.41,16.5,17.9,03a60021o0667o
60021.04269,-21.058,3.2,-14,44,o,0,1.81,219.42633,2.2845,4415.26,2060.7,2.2,2.07,-42.7,-0.419,17.74,19.06,03a60021o0679o
60022.34972,-19.9,0.318,-40,13,o,0,1.85,219.42633,2.2845,4271.34,6544.78,1.96,1.74,-65.6,-0.431,19.43,20.81,04a60022o0792o
60022.37811,-19.93,0.285,-39,11,o,0,2.2,219.42633,2.2845,4305.04,6562.86,2.01,1.77,-71.4,-0.418,19.43,20.81,04a60022o0854o
60022.40662,-20.402,0.748,-25,19,o,0,1.29,219.42633,2.2845,4256.6,6471.65,1.84,1.74,-69,-0.433,18.91,19.58,04a60022o0915o
60022.41112,20.515,1.443,23,33,o,0,1.49,219.42633,2.2845,4236.01,6587.48,2.03,1.79,-68.2,-0.423,18.25,18.36,04a60022o0923o
60024.59381,-20.885,0.963,-16,16,o,0,1.19,219.42633,2.2845,444.45,5238.75,2.57,2.22,33.7,-0.4,19.35,20.97,02a60024o0662o
60024.60381,20.176,0.53,31,16,o,0,1.27,219.42633,2.2845,424.88,5198.35,2.33,2.07,28.2,-0.409,19.34,20.79,02a60024o0683o
60024.60676,20.339,0.9,27,24,o,0,0.61,219.42633,2.2845,483.8,5275.36,2.3,2.07,25.4,-0.404,19.27,20.63,02a60024o0689o
60024.61262,-21.513,1.962,-9,18,o,0,1.23,219.42633,2.2845,506.64,5158.39,2.33,2.07,29.3,-0.404,19.08,20.46,02a60024o0699o
60024.9913,-21.71,1.66,-8,12,c,0,1.15,219.42633,2.2845,8377.51,7827.61,2.61,2.32,-54.3,-0.389,19.62,21.37,03a60025o0578c
60024.99445,-23.886,12,-1,12,c,0,1.15,219.42633,2.2845,8359.98,7788.2,2.54,2.3,-58.4,-0.39,19.6,21.36,03a60025o0585c
60024.99718,20.397,0.485,25,12,c,0,1.78,219.42633,2.2845,8416.36,7866.99,2.61,2.34,-51,-0.39,19.59,21.36,03a60025o0591c
60025.0307,-21.668,1.759,-8,14,c,0,1.02,219.42633,2.2845,8445.36,7753.5,2.54,2.31,-55.6,-0.392,19.64,21.37,03a60025o0663c
60026.23831,-20.407,0.852,-25,21,o,0,1.07,219.42633,2.2845,2636.98,9877.57,2.66,1.89,-74.2,-0.432,19.31,20.65,04a60026o0552o
60026.24015,-20.084,0.616,-34,21,o,0,1.16,219.42633,2.2845,2618.59,9838.36,2.4,1.84,-72.6,-0.466,19.34,20.64,04a60026o0556o
60026.24336,19.685,0.393,48,19,o,0,1.16,219.42633,2.2845,2676.21,9915.88,2.85,1.88,-75,-0.395,19.32,20.66,04a60026o0563o
60026.25076,19.139,0.238,80,19,o,0,1.96,219.42633,2.2845,2699.95,9796.92,2.51,1.81,-74.1,-0.455,19.39,20.72,04a60026o0579o
60028.47943,-19.685,0.345,-48,17,o,0,1.36,219.42633,2.2845,2165.18,3975.81,2.33,1.84,31.6,-0.451,19.42,20.68,02a60028o0550o
60028.48124,-19.385,0.237,-64,15,o,0,1.72,219.42633,2.2845,2185.65,4013.91,2.29,1.86,33.2,-0.447,19.4,20.72,02a60028o0554o
60028.4844,-21.116,1.362,-13,18,o,0,1.14,219.42633,2.2845,2128.32,3936.6,2.34,1.87,32.6,-0.444,19.48,20.83,02a60028o0561o
60028.52004,-21.578,1.964,-8,17,o,0,1.81,219.42633,2.2845,2113.59,4054.91,2.42,1.91,28.8,-0.442,19.27,20.61,02a60028o0634o
60030.25931,20.555,0.761,22,17,o,0,2.1,219.42633,2.2845,2654.09,9873.95,2.59,1.79,-76.2,-0.435,19.48,20.94,04a60030o0611o
60030.26112,-19.82,0.539,-43,23,o,0,1.13,219.42633,2.2845,2634.7,9834.69,2.34,1.77,-75,-0.486,19.48,20.91,04a60030o0615o
60030.27647,-19.858,0.463,-41,19,o,0,1.98,219.42633,2.2845,2701.53,9910.1,2.46,1.73,-72.9,-0.458,19.47,20.87,04a60030o0646o
60030.28237,-20.777,1.24,-18,22,o,0,1.27,219.42633,2.2845,2724.25,9792.36,2.42,1.83,-71.4,-0.459,19.41,20.85,04a60030o0659o
60032.04982,22.673,4.286,3,13,c,0,1.3,219.42633,2.2845,8488.37,6934.74,2.63,2.27,-59.1,-0.387,19.59,21.41,03a60032o0244c
60032.05302,21.548,1.6,9,14,c,0,1.18,219.42633,2.2845,8506.6,6974.13,2.59,2.28,-58.5,-0.392,19.59,21.4,03a60032o0251c
60032.06032,20.998,0.821,14,12,c,0,1.41,219.42633,2.2845,8450.18,6895.92,2.5,2.2,-54.7,-0.393,19.63,21.39,03a60032o0267c
60032.07178,-20.428,0.52,-24,13,c,0,1.31,219.42633,2.2845,8428.96,7012.83,2.56,2.23,-53.5,-0.39,19.61,21.31,03a60032o0292c
60032.99085,-20.11,0.739,-33,24,c,0,1.27,219.42633,2.2845,2079.71,3639.02,3.75,3.39,-75,-0.325,18.65,20.85,03a60033o0555c
60032.99267,-20.338,0.75,-27,20,c,0,1.21,219.42633,2.2845,2061.58,3599.92,3.09,2.86,-61.9,-0.384,18.8,20.8,03a60033o0559c
60032.99633,-21.888,3.783,-6,24,c,0,0.69,219.42633,2.2845,2118.24,3677.59,2.7,2.54,-48.4,-0.397,18.97,20.86,03a60033o0567c
60033.00139,20.84,0.969,17,16,c,0,1.66,219.42633,2.2845,2140.64,3561.44,2.75,2.54,-54.6,-0.398,19.13,21.05,03a60033o0578c
60034.23559,21.299,2.055,11,22,o,0,0.96,219.42633,2.2845,4584.09,9764.25,2.21,1.8,-67.1,-0.469,19.47,20.81,04a60034o0568o
60034.25363,22.477,5.5,4,20,o,0,1.46,219.42633,2.2845,4573.89,9724.34,2.27,1.76,-72.3,-0.494,19.49,20.96,04a60034o0606o
60034.25684,-22.109,3.159,-5,16,o,0,1.2,219.42633,2.2845,4632.88,9801.51,2.19,1.74,-69.8,-0.455,19.49,20.94,04a60034o0613o
60034.25957,21.537,1.76,9,16,o,0,1.49,219.42633,2.2845,4654.55,9683.05,2.16,1.75,-70.5,-0.459,19.49,20.93,04a60034o0619o
60034.97714,-20.517,0.824,-23,19,o,0,0.78,219.42633,2.2845,2067.46,3639.29,2.49,2.28,-64,-0.402,19.2,20.31,03a60035o0562o
60034.97898,-20.579,0.847,-21,18,o,0,1.26,219.42633,2.2845,2049.15,3600.1,2.43,2.25,-57.5,-0.403,19.22,20.34,03a60035o0566o
60034.98219,-21.067,1.364,-14,18,o,0,0.97,219.42633,2.2845,2106.56,3678.9,2.39,2.22,-57.9,-0.406,19.23,20.36,03a60035o0573o
60034.9877,-21.654,1.806,-8,14,o,0,2.1,219.42633,2.2845,2129.78,3562.04,2.32,2.11,-52.8,-0.413,19.29,20.44,03a60035o0585o
60035.00277,24.618,30.5,0,16,o,0,1.03,219.42633,2.2845,2094.56,3618.01,2.36,2.11,-56.6,-0.41,19.39,20.63,03a60035o0618o
60036.22769,20.247,0.935,29,27,o,0,1.7,219.42633,2.2845,4586.1,9765.62,2.17,1.81,-68.9,-0.438,18.97,19.73,04a60036o0417o
60036.25266,23.027,14.571,2,33,o,0,1.06,219.42633,2.2845,4577.2,9722.5,2.34,1.75,-73.1,-0.491,18.99,19.81,04a60036o0468o
60036.25447,-20.007,0.848,-36,31,o,0,1.01,219.42633,2.2845,4635.58,9800.68,2.4,1.75,-72.6,-0.474,19.01,19.81,04a60036o0472o
60036.25723,19.703,0.597,48,28,o,0,1.06,219.42633,2.2845,4656.04,9683.53,2.43,1.72,-73.2,-0.464,19.03,19.82,04a60036o0478o
60037.97636,-21.565,2.781,-9,24,o,0,0.99,219.42633,2.2845,2075.01,3638,2.22,2.03,-60.1,-0.407,18.74,19.16,03a60038o0483o
60037.97817,-20.315,0.889,-27,24,o,0,1.43,219.42633,2.2845,2056.9,3598.26,2.29,2.08,-57.7,-0.413,18.75,19.18,03a60038o0487o
60037.98091,-19.751,0.585,-46,27,o,0,0.82,219.42633,2.2845,2114.08,3676.14,2.39,2.22,-54.4,-0.412,18.71,19.19,03a60038o0493o
60037.99144,-20.553,1.076,-22,24,o,0,1.15,219.42633,2.2845,2139.8,3560.82,2.21,1.99,-56.8,-0.429,18.78,19.16,03a60038o0516o
60038.18163,-19.845,2.23,-42,93,o,0,1.21,219.42633,2.2845,4587.36,9769.93,2.01,1.78,-28.5,-0.494,17.36,17.63,04a60038o0463o
60038.18485,20.903,3.303,16,52,o,0,1.1,219.42633,2.2845,4567.91,9730.87,2.08,1.82,-59.1,-0.419,18.21,18.58,04a60038o0470o
60038.18766,18.682,0.418,122,51,o,0,1.07,219.42633,2.2845,4626.17,9808.75,1.99,1.76,-61.5,-0.439,18.36,18.74,04a60038o0476o
60038.19646,-19.404,0.931,-63,59,o,0,0.97,219.42633,2.2845,4646.55,9691.83,2.22,1.96,-46.3,-0.41,18.17,18.51,04a60038o0494o
60039.1665,-19.615,1.197,-52,62,o,0,0.54,219.42633,2.2845,2167.58,5706.77,2.17,1.95,-67.1,-0.449,17.78,17.82,04a60039o0433o
60039.16929,-20.054,1.567,-34,54,o,0,0.91,219.42633,2.2845,2147.01,5668.53,2.19,1.97,-75.7,-0.429,17.87,17.86,04a60039o0439o
60039.17437,-18.958,0.541,-95,51,o,0,0.91,219.42633,2.2845,2207.52,5744.44,2.16,1.91,-82.1,-0.417,17.94,18.02,04a60039o0450o
60039.184,19.595,0.896,53,47,o,0,1.14,219.42633,2.2845,2225.49,5628.92,2.18,1.98,-78.4,-0.426,18.01,18.19,04a60039o0471o
60044.02397,-20.34,1.105,-26,29,o,0,1.05,219.42633,2.2845,6104.62,4562.08,2.57,2.12,-51,-0.396,18.53,19.01,03a60044o0658o
60044.02718,20.124,0.737,32,24,o,0,1.46,219.42633,2.2845,6123.59,4601.37,2.23,2.07,-39.6,-0.429,18.65,18.98,03a60044o0665o
60044.03283,-19.001,0.268,-91,24,o,0,1.63,219.42633,2.2845,6068.08,4524.98,2.21,1.99,-41.2,-0.437,18.67,18.96,03a60044o0677o
60045.3381,23.47,16.615,2,25,o,0,0.94,219.42633,2.2845,6135.95,4487.83,1.98,1.78,-23,-0.437,18.75,19.49,04a60045o0795o
60045.34114,20.833,1.483,17,25,o,0,1.08,219.42633,2.2845,6155.05,4524.89,1.96,1.77,-20.7,-0.452,18.81,19.5,04a60045o0801o
60045.37591,-21.009,1.803,-14,26,o,0,0.79,219.42633,2.2845,6098.45,4438,1.92,1.7,-29.2,-0.419,18.82,19.5,04a60045o0875o
60045.40507,21.196,2.49,12,30,o,0,0.65,219.42633,2.2845,6075.71,4556.72,1.97,1.82,-28.8,-0.471,18.66,19.22,04a60045o0936o
60048.25076,-20.894,1.04,-16,17,o,0,1.43,219.42633,2.2845,6195.71,6474.05,2.11,1.95,-33,-0.422,19.22,20.56,04a60048o0584o
60048.25417,20.531,0.803,22,18,o,0,0.94,219.42633,2.2845,6217.69,6509.13,2.13,1.96,-46.7,-0.423,19.26,20.54,04a60048o0591o
60048.26111,-21.519,2.027,-9,18,o,0,0.8,219.42633,2.2845,6164.92,6425.63,2.06,1.88,-37.2,-0.426,19.27,20.49,04a60048o0606o
60048.29582,-21.075,1.43,-14,19,o,0,1.43,219.42633,2.2845,6166.09,6511.6,2.12,1.91,-33.7,-0.422,19.19,20.39,04a60048o0680o
60050.04618,-21.605,2.382,-8,20,o,0,1,219.42633,2.2845,10031.41,756.6,2.2,1.97,-47.6,-0.474,19.4,20.46,03a60050o0719o
60050.04901,21.511,2,9,18,o,0,1.04,219.42633,2.2845,10050.36,796.39,2.18,1.97,-47.2,-0.472,19.41,20.42,03a60050o0725o
60050.08399,-20.418,0.708,-25,18,o,0,1.24,219.42633,2.2845,9999.58,716.83,2.29,2.01,-58.4,-0.455,19.33,20.38,03a60050o0797o
60050.09021,20.552,0.8,22,18,o,0,0.91,219.42633,2.2845,9976.71,835.07,2.22,2.01,-57.5,-0.455,19.34,20.33,03a60050o0809o
60051.2619,-23.435,11.167,-2,17,c,0,1.4,219.42633,2.2845,9964.33,614.98,3.55,2.58,-24.6,-0.333,19.49,21.24,04a60051o0656c
60051.26508,-21.063,1.509,-14,21,c,0,1,219.42633,2.2845,9985.55,651.41,3.53,2.45,-27.8,-0.341,19.5,21.23,04a60051o0663c
60051.2725,20.857,1.161,16,19,c,0,1.64,219.42633,2.2845,9930.28,567.18,3.57,2.5,-27.9,-0.334,19.25,20.9,04a60051o0679c
60051.30767,-20.247,1.062,-29,31,c,0,0.9,219.42633,2.2845,9923.15,660.91,3.43,2.43,-30.6,-0.333,18.27,19.87,04a60051o0755c
60052.95562,21.163,1.389,12,17,o,0,0.83,219.42633,2.2845,10262.76,5840.44,2.2,1.95,-53.3,-0.391,19.26,20.6,03a60053o0525o
60052.95756,-20.452,0.699,-24,17,o,0,0.76,219.42633,2.2845,10242.5,5801.33,2.39,2.1,-56.5,-0.384,19.52,20.94,03a60053o0529o
60052.96052,-22.663,4.783,-3,15,o,0,1.31,219.42633,2.2845,10300.64,5880.24,2.39,2.12,-54.8,-0.379,19.57,21.02,03a60053o0535o
60052.9663,-17.958,0.231,-238,55,o,0,1.34,219.42633,2.2845,10322.98,5765.15,2.61,2.36,-54.8,-0.382,18.2,19.73,03a60053o0547o
60053.011,-21.751,2.143,-7,16,o,0,1.06,219.42633,2.2845,10385.04,4942.99,2.46,2.05,-58.7,-0.376,19.48,20.9,03a60053o0638o
60053.01437,21.28,3.364,11,38,o,0,1.72,219.42633,2.2845,10403.84,4982.37,2.47,2.05,-58.6,-0.362,17.8,19.12,03a60053o0645o
60053.04936,20.861,1.051,16,17,o,0,1.04,219.42633,2.2845,10324.65,5021.35,2.38,1.94,-60.1,-0.372,19.29,20.53,03a60053o0716o
60054.18524,20.678,0.894,19,17,c,0,0.8,219.42633,2.2845,6520.05,9662.32,3.02,2.27,-74.6,-0.355,19.49,21.51,04a60054o0499c
60054.18708,22.214,3.143,5,15,c,0,1.34,219.42633,2.2845,6502.22,9622.87,2.87,2.16,-76.5,-0.363,19.49,21.5,04a60054o0503c
60054.19253,-20.209,0.5,-30,15,c,0,0.98,219.42633,2.2845,6563.06,9700.34,2.84,2.1,-72.4,-0.377,19.59,21.49,04a60054o0515c
60054.2261,-22.871,4.75,-3,12,c,0,2,219.42633,2.2845,6598.79,9578.64,2.85,2.04,-75.5,-0.384,19.59,21.42,04a60054o0587c
60057.19059,-20.597,0.685,-21,14,c,0,0.95,219.42633,2.2845,6458.16,5980.03,2.24,2.04,-48.9,-0.39,19.42,21.22,04a60057o0456c
60057.19239,-20.933,1,-15,15,c,0,1.23,219.42633,2.2845,6439.03,5941.08,2.26,2.03,-51.2,-0.388,19.41,21.24,04a60057o0460c
60057.19556,21.6,1.661,8,14,c,0,1.32,219.42633,2.2845,6498.34,6018.17,2.25,2.04,-49.2,-0.388,19.43,21.26,04a60057o0467c
60057.20191,21.548,1.464,9,13,c,0,1.72,219.42633,2.2845,6520.87,5901.15,2.4,2.15,-47.8,-0.378,19.35,21.24,04a60057o0481c
60063.27641,-17.922,0.4,-246,98,c,0,0.34,219.42633,2.2845,2164.35,2753.78,2.42,2.03,47.9,-0.381,19.32,20.95,04a60063o0694c
60063.31191,-20.149,0.655,-32,21,c,0,1.17,219.42633,2.2845,2191.91,2778.91,2.38,1.98,46.8,-0.389,19.07,20.55,04a60063o0771c
60063.34026,19.655,0.314,50,16,c,0,1.48,219.42633,2.2845,2131.75,2699.32,2.48,2,43.8,-0.389,19.16,20.61,04a60063o0832c
60063.36543,-23.16,9.182,-2,18,c,0,1.35,219.42633,2.2845,2108.59,2818.19,2.65,2.11,45.1,-0.373,19.07,20.52,04a60063o0886c
60064.97395,-18.671,0.561,-124,69,o,0,1.45,219.42633,2.2845,8486.4,6931.08,2.44,2.01,-48.3,-0.393,17.36,17.45,03a60065o0590o
60064.97677,-21.61,5.579,-8,46,o,0,1.13,219.42633,2.2845,8504.8,6970.97,2.39,1.99,-49.2,-0.4,17.92,18.17,03a60065o0596o
60065.01214,22.792,6.3,3,18,o,0,1.46,219.42633,2.2845,8453.39,6895.35,2.43,2.2,-42.9,-0.407,19.06,19.89,03a60065o0671o
60066.12784,21.968,4.227,6,25,o,0,1.2,219.42633,2.2845,2258.26,7644.61,2.38,1.92,-79.7,-0.398,18.6,19.09,04a60066o0390o
60066.12966,20.192,1.028,30,31,o,0,0.81,219.42633,2.2845,2238.09,7606.32,2.47,1.95,-82.2,-0.385,18.63,19.14,04a60066o0394o
60066.13281,-22.662,7.391,-3,23,o,0,1.93,219.42633,2.2845,2297.27,7683.02,2.41,1.93,-81.1,-0.391,18.65,19.16,04a60066o0401o
60066.13828,-20.6,1.169,-21,24,o,0,1.22,219.42633,2.2845,2318.62,7565.36,2.4,1.9,-82.5,-0.397,18.68,19.18,04a60066o0413o
60072.18902,19.924,0.657,39,26,o,0,1.35,219.42633,2.2845,6050.69,857.63,2.27,2.15,4.9,-0.425,18.66,19.18,04a60072o0515o
60072.1922,19.436,0.472,61,29,o,0,1.09,219.42633,2.2845,6071.67,893.04,2.42,2.22,-0.5,-0.404,18.58,19.18,04a60072o0522o
60072.19859,19.261,0.402,72,29,o,0,1.2,219.42633,2.2845,6017.54,808.27,2.23,2.09,-14.6,-0.417,18.63,19.17,04a60072o0536o
60072.20886,-21.375,2.676,-10,27,o,0,0.95,219.42633,2.2845,6003.47,915.85,2.22,2.02,-1.3,-0.434,18.69,19.13,04a60072o0558o
60073.93221,-21.938,4.182,-6,26,o,0,0.84,219.42633,2.2845,10345.19,3002.99,2.51,2.21,-39.1,-0.384,19.04,19.88,03a60074o0527o
60073.93543,20.241,0.83,29,24,o,0,0.83,219.42633,2.2845,10362.81,3042.23,2.67,2.29,-24.8,-0.342,18.95,19.89,03a60074o0534o
60073.94101,20.042,0.6,35,21,o,0,1.11,219.42633,2.2845,10307.47,2965.48,2.63,2.25,-26.5,-0.349,18.96,19.85,03a60074o0546o
60073.94473,-20.893,1.613,-16,26,o,0,0.75,219.42633,2.2845,236.44,2771.79,2.54,2.33,-51.5,-0.344,18.98,19.81,03a60074o0554o
60073.94793,-20.377,0.939,-26,24,o,0,0.86,219.42633,2.2845,255.59,2811.58,2.5,2.28,-37.3,-0.364,18.95,19.79,03a60074o0561o
60073.95163,20.864,1.25,16,20,o,0,1.55,219.42633,2.2845,10284.63,3082.62,2.44,2.13,-33.6,-0.348,19,19.79,03a60074o0569o
60073.95437,22.388,6.367,4,26,o,0,0.92,219.42633,2.2845,197.89,2732.52,2.45,2.23,-46.9,-0.357,19,19.79,03a60074o0575o
60073.96447,-19.436,0.383,-61,23,o,0,1.08,219.42633,2.2845,176.43,2849.1,2.58,2.38,-41.5,-0.351,18.91,19.75,03a60074o0597o
60075.16754,20.843,2.04,17,34,o,0,1.09,219.42633,2.2845,10307.64,2881.61,2.67,2.15,-16.2,-0.381,18.88,19.8,04a60075o0486o
60075.19727,-21.799,4.536,-7,31,o,0,1.49,219.42633,2.2845,10348.92,2890.7,2.91,2.21,-16.6,-0.384,19.01,20.01,04a60075o0550o
60075.20044,-19.597,0.578,-53,30,o,0,1.38,219.42633,2.2845,10292.19,2810.96,2.78,2.09,-15.8,-0.402,19.04,19.96,04a60075o0557o
60075.20227,23.496,12.182,2,18,o,0,1.26,219.42633,2.2845,188.83,2873.67,2.55,1.75,46.9,-0.39,19.1,20.03,04a60075o0561o
60075.20544,-19.656,0.48,-50,24,o,0,0.87,219.42633,2.2845,210.31,2909.73,2.44,1.79,47,-0.396,19.02,19.92,04a60075o0568o
60075.20589,19.943,0.969,38,37,o,0,0.76,219.42633,2.2845,10273.25,2923.38,2.85,2.09,-16.5,-0.399,18.85,20.01,04a60075o0569o
60075.2397,-20.024,0.659,-36,23,o,0,0.98,219.42633,2.2845,170,2804.67,2.55,1.84,45.2,-0.383,18.98,19.86,04a60075o0642o
60075.25516,-22.152,3.944,-5,20,o,0,1.53,219.42633,2.2845,153.79,2914.04,2.6,1.82,45.3,-0.386,18.94,19.8,04a60075o0675o
60078.2902,-22.599,7.125,-3,24,o,0,1.01,219.42633,2.2845,2271.69,4671.13,2.12,1.94,80,-0.42,18.93,19.92,04a60078o0199o
60078.29432,-20.541,1.164,-22,26,o,0,0.89,219.42633,2.2845,2290.58,4710.33,2.08,2,-61,-0.454,18.91,19.8,04a60078o0208o
60078.29983,-20.038,0.684,-35,24,o,0,1.16,219.42633,2.2845,2230.79,4633.81,2.17,1.98,76.3,-0.41,18.88,19.81,04a60078o0220o
60078.31165,19.71,0.577,47,27,o,0,0.59,219.42633,2.2845,2208.09,4752.37,2.11,1.89,79.6,-0.41,18.86,19.69,04a60078o0246o
60079.92601,-22.363,3.222,-4,13,c,0,0.95,219.42633,2.2845,2295.33,6599.68,2.27,2.07,-49.7,-0.398,19.79,21.5,03a60080o0515c
60079.92922,21.919,2.019,6,12,c,0,1.16,219.42633,2.2845,2314.12,6639.2,2.34,2.1,-52.7,-0.398,19.75,21.5,03a60080o0522c
60079.93648,20.577,0.558,21,12,c,0,1.12,219.42633,2.2845,2256.88,6561.22,2.3,2.1,-52,-0.402,19.77,21.56,03a60080o0537c
60079.96872,-21.366,1.175,-10,12,c,0,1.3,219.42633,2.2845,2240.27,6681.39,2.4,2.19,-49.3,-0.397,19.67,21.38,03a60080o0606c
60082.85939,20.613,0.487,21,10,c,0,1.7,219.42633,2.2845,126.24,3688.92,2.49,2.29,-54.4,-0.381,19.68,21.68,03a60083o0378c
60082.86122,21.206,1.012,12,12,c,0,1.42,219.42633,2.2845,107.22,3649.15,2.54,2.35,-63.7,-0.378,19.68,21.7,03a60083o0382c
60082.86443,22.671,3.143,3,10,c,0,2.08,219.42633,2.2845,165.7,3727.79,2.56,2.37,-55.6,-0.381,19.68,21.73,03a60083o0389c
60082.86766,-21.815,2.174,-7,15,c,0,0.86,219.42633,2.2845,10223.41,3903.73,2.57,2.35,-56.1,-0.378,19.71,21.74,03a60083o0396c
60082.87045,20.932,0.752,15,12,c,0,1.85,219.42633,2.2845,10205.41,3864.46,2.53,2.36,-55.3,-0.375,19.7,21.75,03a60083o0402c
60082.87183,-21.305,1.077,-11,12,c,0,1.42,219.42633,2.2845,188.98,3610.86,2.53,2.3,-56.5,-0.365,19.71,21.76,03a60083o0405c
60082.87325,22.803,4.15,3,11,c,0,1.34,219.42633,2.2845,10262.47,3942.9,2.46,2.3,-54.9,-0.369,19.73,21.74,03a60083o0408c
60082.8783,-21.569,1.469,-9,13,c,0,1.05,219.42633,2.2845,10285.69,3827.26,2.42,2.24,-46.1,-0.372,19.77,21.76,03a60083o0419c
60084.14917,18.534,0.924,140,129,o,0,1.14,219.42633,2.2845,4061.24,2714.13,1.9,1.81,37.7,-0.47,16.83,18,04a60084o0307o
60084.15241,-19.543,1.554,-55,86,o,0,1.85,219.42633,2.2845,4082.95,2749.34,1.93,1.81,36.8,-0.456,17.21,18.37,04a60084o0314o
60084.15843,-20.147,6,-32,190,o,0,0.78,219.42633,2.2845,4029.65,2665.34,1.97,1.86,38.4,-0.428,16.45,17.56,04a60084o0327o
60084.19366,-19.227,0.706,-74,52,o,0,0.97,219.42633,2.2845,4033.35,2749.55,2.05,1.96,36.1,-0.444,18.15,19.33,04a60084o0402o
60088.89327,-23.387,6.091,-2,10,c,0,2.17,219.42633,2.2845,8443.3,5001.97,2.59,2.27,-30.6,-0.385,19.62,21.5,03a60089o0447c
60088.8965,-21.285,1.188,-11,13,c,0,1.1,219.42633,2.2845,8462.63,5042.44,2.91,2.39,-7.9,-0.399,19.57,21.51,03a60089o0454c
60088.902,20.803,0.733,17,13,c,0,1.59,219.42633,2.2845,8406.15,4965.03,2.91,2.43,-13.6,-0.382,19.54,21.51,03a60089o0466c
60088.91264,-22.939,4.938,-2,12,c,0,1.2,219.42633,2.2845,8383.99,5081.93,2.67,2.34,-19.1,-0.387,19.63,21.49,03a60089o0489c
60091.88297,20.243,0.591,29,17,o,0,1.15,219.42633,2.2845,2265.81,985.34,2.34,2.08,-26.8,-0.412,19.23,20.23,03a60092o0405o
60091.91796,-21.618,1.956,-8,16,o,0,1.29,219.42633,2.2845,2287.57,1028.55,2.27,2.08,-49.2,-0.398,19.27,20.29,03a60092o0479o
60091.92068,20.836,1.15,17,19,o,0,0.87,219.42633,2.2845,2229.93,949.24,2.41,2.18,-25.2,-0.389,19.21,20.3,03a60092o0485o
60091.93788,19.909,0.389,40,15,o,0,1.35,219.42633,2.2845,2211.95,1066.46,2.42,2.17,-22.5,-0.394,19.25,20.39,03a60092o0520o
60100.89664,-17.734,0.811,-293,237,o,0,3.36,219.42633,2.2845,10004.72,728.09,2.62,2.27,-17.1,-0.449,16.37,16.06,03a60101o0464o
60105.13359,-21.609,1.548,-8,13,c,0,1.64,219.42633,2.2845,4085.81,883.9,2.79,2.46,47.5,-0.374,19.4,21.53,04a60105o0024c
60105.14325,21.454,1.465,10,14,c,0,1.5,219.42633,2.2845,4071.78,994.28,2.95,2.6,42,-0.365,19.3,21.46,04a60105o0045c
60108.10802,-19.772,0.312,-45,14,c,0,1.11,219.42633,2.2845,2419.59,8593.78,2.66,2.1,-82.5,-0.357,19.48,21.6,04a60108o0367c
60108.11085,23.186,8.636,2,17,c,0,1.06,219.42633,2.2845,2441.19,8629.17,2.72,2.18,-85.3,-0.355,19.49,21.61,04a60108o0373c
60108.11649,20.007,0.367,36,13,c,0,1.67,219.42633,2.2845,2386.62,8546.68,2.69,2.15,-85.6,-0.354,19.47,21.63,04a60108o0385c
60108.12658,-20.043,0.327,-35,11,c,0,1.79,219.42633,2.2845,2371.4,8655.42,2.74,2.1,-82.6,-0.355,19.49,21.62,04a60108o0407c
60111.09202,-21.981,2.316,-6,14,c,0,1.2,219.42633,2.2845,6297.58,8390.83,2.36,2.11,-51.3,-0.398,19.43,21.33,04a60111o0335c
60111.09529,20.778,0.723,18,13,c,0,1.65,219.42633,2.2845,6318.41,8426.23,2.35,2.06,-53.1,-0.402,19.44,21.34,04a60111o0342c
60111.10162,-22.433,3.667,-4,14,c,0,1.55,219.42633,2.2845,6264.13,8343.76,2.49,2.11,-60,-0.396,19.43,21.35,04a60111o0356c
60111.11551,21.887,1.825,6,12,c,0,1.64,219.42633,2.2845,6251.22,8448.56,2.44,2.12,-56.6,-0.4,19.43,21.42,04a60111o0386c
60118.83372,20.964,1.281,15,19,o,0,1.46,219.42633,2.2845,4215.44,6553.11,3.47,2.56,-7.4,-0.402,19.11,20.79,03a60119o0302o
60118.83776,-19.583,0.49,-53,26,o,0,2.25,219.42633,2.2845,4234.91,6592.74,5.01,2.57,-0.4,-0.409,18.92,20.76,03a60119o0310o
60118.84343,-22.241,4.765,-5,22,o,0,1.73,219.42633,2.2845,4179.14,6515.24,4.08,2.5,-2.8,-0.42,19.07,20.8,03a60119o0321o
60118.85438,22.134,3.542,5,18,o,0,1.4,219.42633,2.2845,4158.48,6629.97,3.35,2.44,-7.1,-0.387,19.21,20.84,03a60119o0343o
60126.08975,-19.536,0.669,-56,37,o,0,1.4,219.42633,2.2845,473.03,8671.19,2.73,2.1,-84.6,-0.365,18.28,18.56,04a60126o0323o
60126.09338,-20.955,3.18,-15,48,o,0,0.8,219.42633,2.2845,494.13,8708.38,2.82,2.05,-83.5,-0.345,18.12,18.27,04a60126o0331o
60126.10314,-19.376,0.988,-64,64,o,0,0.98,219.42633,2.2845,437.88,8624.59,2.8,2.1,-86.9,-0.351,17.93,18,04a60126o0352o
60126.11354,22.179,10.345,5,50,o,0,0.89,219.42633,2.2845,419.2,8736.8,2.79,2.07,-82.9,-0.343,18.15,18.29,04a60126o0375o
60127.84819,-20.215,1.092,-30,32,o,0,0.77,219.42633,2.2845,2230.51,4674.29,2.55,2.31,-41.7,-0.397,18.53,18.91,03a60128o0238o
60127.85095,-20.565,1.475,-22,32,o,0,0.87,219.42633,2.2845,2249.2,4712.95,2.59,2.33,-32.1,-0.39,18.48,18.9,03a60128o0244o
60127.86043,-20.857,1.877,-16,31,o,0,0.8,219.42633,2.2845,2193.04,4634.06,2.58,2.36,-30.7,-0.39,18.44,18.87,03a60128o0264o
60127.87462,-20.694,1.628,-19,31,o,0,1.25,219.42633,2.2845,2173.46,4748.4,2.49,2.3,-36.7,-0.392,18.45,18.79,03a60128o0294o
60129.09465,20.593,1.71,21,36,o,0,0.86,219.42633,2.2845,2259.53,4683.49,2.42,2.2,73.6,-0.373,18.36,18.99,04a60129o0337o
60129.09782,-20.394,1.421,-25,36,o,0,1.33,219.42633,2.2845,2279.94,4720.54,2.45,2.25,71.4,-0.373,18.34,18.96,04a60129o0344o
60129.10483,-19.442,0.582,-61,35,o,0,0.86,219.42633,2.2845,2223.7,4640.22,2.44,2.19,74.7,-0.38,18.37,18.96,04a60129o0359o
60129.11895,-19.726,0.804,-47,38,o,0,1.18,219.42633,2.2845,2207.54,4751.02,2.51,2.27,74.5,-0.366,18.3,18.86,04a60129o0390o
60130.83581,20.857,1.122,16,18,o,0,1.18,219.42633,2.2845,2275.33,6603.2,2.37,2.06,-55.9,-0.393,19.04,19.82,03a60131o0329o
60130.83854,21.617,2.271,8,19,o,0,1.18,219.42633,2.2845,2292.12,6641.3,2.25,2,-53.6,-0.397,19.11,19.82,03a60131o0335o
60130.84355,20.443,0.807,24,20,o,0,1.49,219.42633,2.2845,2236.75,6562.57,2.34,2.06,-54.1,-0.393,19.02,19.79,03a60131o0346o
60130.85797,-19.736,0.505,-46,23,o,0,1.04,219.42633,2.2845,2217.22,6677.74,2.29,2.05,-53.8,-0.398,18.98,19.64,03a60131o0377o
60132.07411,-18.734,0.565,-116,66,o,0,1.87,219.42633,2.2845,10521.71,6705.13,2.93,2.36,-9.4,-0.4,17.91,19.17,04a60132o0291o
60132.08502,18.799,0.941,110,103,o,0,1.17,219.42633,2.2845,10485.67,6661.23,3.08,2.48,-14.4,-0.366,17.31,18.41,04a60132o0315o
60132.08592,19.308,1.065,69,73,o,0,1.21,219.42633,2.2845,397.78,6718.24,2.73,2.33,80.1,-0.354,17.42,18.5,04a60132o0317o
60132.08865,20.31,1.878,27,51,o,0,0.9,219.42633,2.2845,418.01,6755.76,2.66,2.25,79.4,-0.361,18.04,19.02,04a60132o0323o
60132.09775,-19.509,9.471,-57,541,o,0,0.99,219.42633,2.2845,10467.19,6773.27,2.69,2.25,-11.7,-0.51,15.31,16.02,04a60132o0343o
60132.0982,-15.703,0.299,-1900,568,o,0,0.82,219.42633,2.2845,361.43,6673.53,2.61,2.18,79.8,-0.379,15.38,16.07,04a60132o0344o
60132.10916,-17.847,0.745,-264,196,o,0,0.98,219.42633,2.2845,343.98,6785.54,2.67,2.24,75.3,-0.348,16.26,16.87,04a60132o0368o
60136.75736,21.314,1.04,11,11,c,0,1.47,219.42633,2.2845,4242.68,8485.15,2.64,2.32,-32.6,-0.368,19.7,21.75,03a60137o0154c
60136.76101,22.886,3.947,2,10,c,0,1.98,219.42633,2.2845,4261.8,8525.2,2.53,2.23,-36.3,-0.376,19.8,21.76,03a60137o0162c
60136.77184,22.034,2.128,6,12,c,0,1.59,219.42633,2.2845,4205.58,8447.35,2.64,2.29,-24.1,-0.368,19.74,21.77,03a60137o0185c
60136.77695,-21.341,1,-11,11,c,0,1.44,219.42633,2.2845,4181.78,8562.08,2.74,2.33,-19.3,-0.365,19.73,21.78,03a60137o0196c
60138.06029,-20.291,1.034,-28,29,o,0,1.31,219.42633,2.2845,8468.95,4866.56,2.46,2.09,-13.1,-0.421,18.69,19.93,04a60138o0016o
60138.08218,19.587,1.4,53,74,o,0,0.85,219.42633,2.2845,8495.12,4896.2,2.66,2.19,-20.5,-0.404,17.66,18.87,04a60138o0064o
60138.09086,-20.122,0.992,-32,32,o,0,1.05,219.42633,2.2845,8437.69,4816.33,2.65,2.15,-21.5,-0.408,18.54,19.85,04a60138o0083o
60138.09409,-21.875,2.909,-6,19,o,0,1.68,219.42633,2.2845,8421.1,4932.92,2.7,2.33,-17.9,-0.409,19,20.26,04a60138o0090o
60141.03022,22.732,6.474,3,19,o,0,0.85,219.42633,2.2845,8651.29,8755.55,2.61,2.29,-19.7,-0.401,19.4,21.1,04a60141o0187o
60141.0355,19.616,0.348,52,18,o,0,1.28,219.42633,2.2845,8674.09,8790.56,2.62,2.34,-20.8,-0.416,19.42,21.01,04a60141o0198o
60141.03867,20.336,0.607,27,16,o,0,1.59,219.42633,2.2845,8615.82,8711.05,2.67,2.32,-24.1,-0.402,19.36,20.92,04a60141o0205o
60141.05089,20.248,0.589,29,17,o,0,1.23,219.42633,2.2845,8601.98,8820.81,2.56,2.31,-28.3,-0.407,19.35,20.96,04a60141o0231o
60142.78006,21.256,1.12,11,13,c,0,1.28,219.42633,2.2845,2229.11,988.22,2.54,2.37,-22.2,-0.387,19.67,21.65,03a60143o0195c
60142.78478,-19.984,0.288,-37,11,c,0,2.49,219.42633,2.2845,2248.44,1028.02,2.53,2.36,-28.9,-0.385,19.65,21.63,03a60143o0205c
60142.78988,21.491,1.25,9,12,c,0,1.82,219.42633,2.2845,2192.15,948.19,2.53,2.4,-20.4,-0.384,19.63,21.65,03a60143o0216c
60142.80243,-20.184,0.388,-31,12,c,0,1.71,219.42633,2.2845,2170.49,1063.35,2.49,2.34,-21.4,-0.385,19.65,21.59,03a60143o0243c
60144.02793,20.352,1.732,26,46,o,0,1.72,219.42633,2.2845,6106.65,4496.63,2.02,1.82,-43.3,-0.45,17.91,19.19,04a60144o0172o
60144.03113,-17.96,0.482,-238,115,o,0,1.3,219.42633,2.2845,6127.28,4532.44,2.16,1.91,-26.5,-0.419,17.08,18.37,04a60144o0179o
60144.03759,-19.1,1.183,-83,98,o,0,1.27,219.42633,2.2845,6071.58,4451.95,2.13,1.85,-25.8,-0.426,17.1,18.31,04a60144o0193o
60144.05545,-19.932,0.489,-39,19,o,0,1.47,219.42633,2.2845,6059.08,4557.97,2.09,1.86,-22.4,-0.427,19.11,20.5,04a60144o0232o
60145.76638,21.498,1.415,9,13,c,0,1.78,219.42633,2.2845,6023.08,2640.96,3.27,2.76,-7.9,-0.377,19.43,21.62,03a60146o0154c
60145.7892,-19.976,0.395,-37,15,c,0,1.4,219.42633,2.2845,5965.47,2716.76,2.99,2.75,-23.8,-0.395,19.48,21.67,03a60146o0195c
60149.99708,-20.042,0.817,-35,28,o,0,1.57,219.42633,2.2845,9956.09,597.54,3.7,2.53,-29.2,-0.329,18.77,19.81,04a60150o0108o
60149.99979,19.69,0.597,48,29,o,0,1.26,219.42633,2.2845,9977.26,634.22,3.65,2.39,-29.1,-0.327,18.77,19.79,04a60150o0114o
60150.00676,-22.584,9.071,-3,30,o,0,1.7,219.42633,2.2845,9922.76,551.69,3.74,2.54,-29.9,-0.33,18.76,19.74,04a60150o0129o
60150.01638,21.879,5.962,6,38,o,0,0.86,219.42633,2.2845,9905.55,662.47,3.35,2.33,-29.1,-0.331,18.74,19.59,04a60150o0150o
60153.03466,19.689,0.862,48,42,o,0,1.27,219.42633,2.2845,10428.56,4757.8,2.84,2.17,-7.9,-0.41,18.61,19.16,04a60153o0168o
60153.04239,19.546,0.737,55,41,o,0,1.23,219.42633,2.2845,10449.13,4793.1,3.02,2.21,-8.7,-0.425,18.52,19.13,04a60153o0185o
60153.04923,20.495,1.809,23,42,o,0,1.38,219.42633,2.2845,10390.64,4714.42,3.39,2.87,-18.6,-0.345,18.37,19.11,04a60153o0200o
60153.04968,-19.134,0.399,-81,32,o,0,0.85,219.42633,2.2845,309.36,4769.96,2.93,2.6,61.7,-0.354,18.3,18.99,04a60153o0201o
60153.0524,20.53,1.436,22,32,o,0,0.97,219.42633,2.2845,327.67,4807.36,2.73,2.3,58,-0.336,18.43,19.09,04a60153o0207o
60153.06191,-20.305,1.17,-27,32,o,0,0.95,219.42633,2.2845,269.08,4726.91,2.91,2.49,55.9,-0.337,18.29,19,04a60153o0228o
60153.06327,19.284,0.582,70,41,o,0,1.27,219.42633,2.2845,10368.69,4828.84,3.3,2.84,-14.8,-0.437,18.37,19.02,04a60153o0231o
60153.07338,-21.379,2.739,-10,28,o,0,1.18,219.42633,2.2845,250.49,4841.17,2.57,2.1,52.5,-0.352,18.43,18.92,04a60153o0253o
60156.02823,19.742,0.615,46,28,o,0,0.94,219.42633,2.2845,4188.89,4581.1,2.02,1.98,-76.9,-0.417,18.64,19.31,04a60156o0172o
60156.03185,19.44,0.408,61,25,o,0,1.08,219.42633,2.2845,4209.08,4617.94,2.05,1.97,-65.2,-0.428,18.67,19.3,04a60156o0180o
60156.03712,0,20.2,0,30,o,0,0.86,219.42633,2.2845,4152.82,4538.94,2.09,1.95,-66.7,-0.424,18.64,19.26,04a60156o0191o
60156.05462,22.831,7.652,3,20,o,0,2.38,219.42633,2.2845,4134.91,4649.62,2.04,1.97,-55.9,-0.443,18.63,19.17,04a60156o0229o
60157.80345,-19.565,0.661,-54,36,o,0,0.79,219.42633,2.2845,2308.32,8538.65,2.52,2.24,-39.6,-0.394,18.43,18.79,03a60158o0238o
60157.80626,20.596,1.504,21,32,o,0,1.3,219.42633,2.2845,2326.14,8576.29,2.58,2.28,-42.2,-0.378,18.41,18.77,03a60158o0244o
60157.81178,20.483,1.544,23,36,o,0,0.86,219.42633,2.2845,2270.54,8497.04,2.64,2.29,-38,-0.377,18.38,18.75,03a60158o0256o
60157.82463,20.424,1.736,25,43,o,0,1.08,219.42633,2.2845,2251,8611.51,2.73,2.36,-31.6,-0.372,18.22,18.61,03a60158o0284o
60160.76328,21.009,1.222,14,18,o,0,0.73,219.42633,2.2845,6176.68,8432.13,2.52,2.18,-38.6,-0.402,19.35,20.8,03a60161o0149o
60160.7669,-25.105,46,0,15,o,0,1.59,219.42633,2.2845,6194.91,8469.7,2.6,2.19,-40.2,-0.398,19.32,20.81,03a60161o0157o
60160.77434,19.651,0.335,50,17,o,0,1.26,219.42633,2.2845,6139.79,8390.18,2.41,2.07,-42.8,-0.406,19.4,20.79,03a60161o0173o
60160.78527,-21.433,1.839,-10,18,o,0,1.35,219.42633,2.2845,6119.36,8503.88,2.49,2.12,-43.4,-0.409,19.35,20.8,03a60161o0197o
60162.02439,-18.495,1.529,-145,222,c,0,0.32,219.42633,2.2845,2159.24,2736.77,2.52,2.08,49.6,-0.387,19.39,21.3,04a60162o0156c
60162.02755,20.4,0.614,25,15,c,0,1.92,219.42633,2.2845,2178.98,2774.8,2.58,2.16,47.2,-0.383,19.41,21.25,04a60162o0163c
60162.03881,-22.195,3.704,-5,18,c,0,1.64,219.42633,2.2845,2122.69,2694.67,2.75,2.28,47.1,-0.377,19.33,21.17,04a60162o0187c
60162.04428,-20.988,1.08,-15,16,c,0,1.24,219.42633,2.2845,2103.65,2809.63,2.64,2.19,46.1,-0.378,19.32,21.14,04a60162o0199c
60163.75287,20.359,0.59,26,15,o,0,1.15,219.42633,2.2845,8450.4,6934.64,2.43,2.02,-54,-0.411,19.34,20.56,03a60164o0122o
60163.75604,23.454,10.909,2,16,o,0,1.46,219.42633,2.2845,8469.12,6973.15,2.42,2.01,-56.5,-0.405,19.35,20.57,03a60164o0129o
60163.76951,-23.416,8.727,-2,14,o,0,1.69,219.42633,2.2845,8414.59,6893.11,2.43,2.05,-51,-0.403,19.29,20.61,03a60164o0158o
60163.7763,20.852,1.074,17,18,o,0,1.01,219.42633,2.2845,8392.96,7006.72,2.53,2.15,-47.1,-0.387,19.27,20.6,03a60164o0173o
60166.71732,22.618,8.187,3,27,o,0,1.02,219.42633,2.2845,8349.58,3070.83,3.11,2.41,-7.4,-0.389,18.78,19.88,03a60167o0041o
60166.72598,25.557,103,0,22,o,0,1.14,219.42633,2.2845,8313.03,3032.03,2.91,2.63,-40.5,-0.411,18.98,20.39,03a60167o0060o
60166.73738,-22.222,4.043,-5,19,o,0,1.76,219.42633,2.2845,8291.03,3146.94,2.88,2.51,-55.8,-0.403,19.05,20.52,03a60167o0085o
60168.98536,21.078,1.119,14,15,c,0,0.97,219.42633,2.2845,4279.08,6515.58,2.31,2.05,-77.9,-0.377,19.41,21.22,04a60169o0065c
60168.98851,21.763,2.453,7,18,c,0,0.84,219.42633,2.2845,4298.16,6552.1,2.31,2.07,-77.5,-0.376,19.4,21.25,04a60169o0072c
60168.9984,-20.516,0.578,-23,13,c,0,1.43,219.42633,2.2845,4244.24,6471.25,2.34,2.05,-71.5,-0.377,19.45,21.3,04a60169o0093c
60169.00433,20.513,0.605,23,14,c,0,1.43,219.42633,2.2845,4224.67,6584.83,2.27,1.98,-76,-0.379,19.45,21.31,04a60169o0106c
60169.71479,0,20.17,0,31,o,0,1.12,219.42633,2.2845,8036.54,826.79,2.84,2.65,-39,-0.409,18.55,19.25,03a60170o0033o
60169.71795,20.228,0.865,29,25,o,0,1.23,219.42633,2.2845,8054.78,866.27,2.98,2.86,-44.3,-0.399,18.78,19.81,03a60170o0040o
60169.72523,-19.539,0.368,-56,20,o,0,1.52,219.42633,2.2845,7999.35,789.03,3.11,2.94,-44.7,-0.398,18.94,20.34,03a60170o0056o
60169.73569,-20.211,0.737,-30,22,o,0,0.94,219.42633,2.2845,7977.76,905.15,2.78,2.6,-43.5,-0.409,19.16,20.49,03a60170o0079o
60170.98332,21.396,1.36,10,14,c,0,1.99,219.42633,2.2845,8006.98,689.6,3.09,2.53,-24.3,-0.337,19.41,21.12,04a60171o0059c
60170.98649,-20.573,0.752,-21,16,c,0,1.21,219.42633,2.2845,8026.25,726.97,3.07,2.53,-23.6,-0.34,19.38,21.11,04a60171o0066c
60170.99565,22.203,3.25,5,16,c,0,1.58,219.42633,2.2845,7970.13,645.69,3.02,2.55,-20.1,-0.332,19.43,21.18,04a60171o0086c
60171.00708,20.846,0.767,17,13,c,0,1.72,219.42633,2.2845,7951.23,759.92,3.04,2.42,-23.2,-0.344,19.45,21.22,04a60171o0111c
60173.96844,-18.403,0.545,-158,86,c,0,1.13,219.42633,2.2845,10331.31,2820.33,3.89,2.84,-24,-0.275,17.33,18.4,04a60174o0023c
60173.97115,18.298,0.313,174,54,c,0,1.07,219.42633,2.2845,194.72,2838.42,3.69,2.58,47.2,-0.291,17.55,18.79,04a60174o0029c
60173.9716,-20.058,1.329,-34,46,c,0,1.2,219.42633,2.2845,10351.81,2857.27,3.89,2.85,-23.4,-0.273,18,19.29,04a60174o0030c
60173.9743,-19.139,0.448,-80,36,c,0,1.16,219.42633,2.2845,215.32,2874.57,3.44,2.36,46.8,-0.321,18.29,19.69,04a60174o0036c
60173.98155,17.72,0.297,296,88,c,0,1.06,219.42633,2.2845,157.38,2791.75,3.44,2.36,47.9,-0.326,17.43,19.03,04a60174o0052c
60173.98335,19.59,1.429,53,76,c,0,1.56,219.42633,2.2845,10294.49,2774.53,3.79,2.74,-23.6,-0.288,17.45,19.04,04a60174o0056c
60173.98926,23.481,41.5,2,61,c,0,0.85,219.42633,2.2845,10275.27,2889.2,3.72,2.63,-23.3,-0.3,17.93,19.46,04a60174o0069c
60173.99667,-18.938,2.083,-96,201,c,0,1.05,219.42633,2.2845,141.21,2900.86,3.51,2.34,47.9,-0.359,16.22,17.77,04a60174o0085c
60179.97027,-20.535,3.377,-22,75,o,0,1.01,219.42633,2.2845,2352.82,6607.04,2.81,2.47,-85.4,-0.542,17.73,18.09,04a60180o0021o
60179.97299,19.52,0.841,56,48,o,0,0.8,219.42633,2.2845,2371.66,6645.09,2.87,2.49,-78.9,-0.362,18.05,18.72,04a60180o0027o
60179.97935,-19.324,0.433,-68,29,o,0,1.52,219.42633,2.2845,2315.29,6565.62,2.87,2.5,-83.5,-0.363,18.47,19.35,04a60180o0041o
60179.99257,-22.289,6.16,-4,27,o,0,1.19,219.42633,2.2845,2297.23,6678.84,2.74,2.35,-85.4,-0.371,18.56,19.51,04a60180o0070o
60182.97141,19.859,1.467,41,61,o,0,0.95,219.42633,2.2845,402.7,6702.4,2.62,2.13,79.7,-0.359,17.85,17.94,04a60183o0005o
60182.97458,23.016,19.4,2,44,o,0,0.82,219.42633,2.2845,423.05,6740.15,2.62,2.08,78.1,-0.374,18.29,18.66,04a60183o0012o
60182.98229,-20.929,2.061,-15,32,o,0,0.82,219.42633,2.2845,365.22,6660.1,2.63,2.11,73.2,-0.379,18.65,19.35,04a60183o0029o
60183.00512,-23.266,17.545,-2,31,o,0,0.96,219.42633,2.2845,343.45,6774.61,2.63,2.18,78.2,-0.378,18.62,19.38,04a60183o0079o
60184.72943,23.042,15.133,2,33,o,0,0.71,219.42633,2.2845,4088.33,2684.56,2.39,2.23,-53.2,-0.416,18.57,19,03a60185o0048o
60184.73261,-20.461,1.224,-24,29,o,0,1.15,219.42633,2.2845,4107.64,2723.47,2.36,2.19,-52.8,-0.421,18.55,19.01,03a60185o0055o
60184.73848,-22.174,7.559,-5,37,o,0,0.7,219.42633,2.2845,4052.32,2643.48,2.34,2.21,-47.4,-0.421,18.58,19,03a60185o0068o
60184.74848,19.836,0.824,42,35,o,0,1,219.42633,2.2845,4032.94,2758.44,2.43,2.32,-71.4,-0.395,18.47,18.94,03a60185o0090o
60185.98131,-20.633,2.19,-20,44,o,0,0.84,219.42633,2.2845,4385.39,8434.77,2.77,2.15,-75.6,-0.405,18.2,18.68,04a60186o0047o
60185.98677,20.451,1.651,24,40,o,0,0.96,219.42633,2.2845,4404.61,8473.58,2.7,2.08,-73.9,-0.421,18.33,18.83,04a60186o0059o
60185.98993,19.946,0.913,38,35,o,0,1.01,219.42633,2.2845,4345.32,8396.11,2.67,2.08,-73.5,-0.419,18.32,18.76,04a60186o0066o
60186.00994,-19.526,0.519,-56,29,o,0,1.81,219.42633,2.2845,4322.5,8514.66,2.63,2.04,-74.5,-0.416,18.25,18.73,04a60186o0110o
60296.6366,22.789,8.8,3,24,c,0,1.76,219.42633,2.2845,6288.57,2380.24,2.5,2.46,79.2,-0.399,18.68,20.07,02a60296o0952c
60296.65413,-21.155,1.487,-12,19,c,0,1.23,219.42633,2.2845,6293.36,2417.94,2.49,2.44,70.4,-0.4,19.13,20.5,02a60296o0989c
60296.66251,21.367,2.213,10,23,c,0,1.69,219.42633,2.2845,6231,2341.1,2.58,2.54,84.2,-0.397,18.65,19.73,02a60296o1007c
60296.6695,-18.661,0.516,-125,64,c,0,1.09,219.42633,2.2845,6206.29,2457.11,2.53,2.48,83.1,-0.396,17.29,18.06,02a60296o1022c
60304.61004,0,19.766,0,45,o,0,0.82,219.42633,2.2845,4404.92,727.66,2.16,2.15,62.5,-0.427,18.19,18.46,02a60304o0901o
60304.62922,-24.166,34.333,-1,27,o,0,1.58,219.42633,2.2845,4404.53,764.98,2.2,2.16,-37.5,-0.436,18.36,18.68,02a60304o0941o
60304.63238,-19.816,0.763,-43,33,o,0,1.37,219.42633,2.2845,4343,685.98,2.42,2.33,-86.4,-0.428,18.36,18.71,02a60304o0948o
60304.64924,-19.571,0.525,-54,28,o,0,1.38,219.42633,2.2845,4313.47,800.72,2.06,2.05,13.8,-0.442,18.53,18.86,02a60304o0983o
60305.61554,19.373,0.583,65,38,o,0,1.09,219.42633,2.2845,5033.8,9355.74,3.69,3.24,56.2,-0.344,18.24,18.94,01a60305o0832o
60305.61711,-19.791,0.789,-44,35,o,0,0.75,219.42633,2.2845,5016.22,9315.41,3.14,2.81,57.2,-0.337,18.4,18.97,01a60305o0835o
60305.64127,20.12,0.7,32,23,o,0,1.37,219.42633,2.2845,5084.41,9389.55,3.06,2.54,54.1,-0.336,18.63,19.18,01a60305o0882o
60305.64679,-19.467,0.421,-59,25,o,0,1.14,219.42633,2.2845,5103.42,9276.04,3,2.56,53.2,-0.35,18.65,19.21,01a60305o0893o
60306.61984,20.798,1.394,17,24,o,0,1.49,219.42633,2.2845,4996.22,5669.36,3.21,2.84,39.5,-0.367,18.61,19.35,01a60306o0687o
60306.62328,-20.554,1.009,-22,22,o,0,1.47,219.42633,2.2845,4976.33,5629.72,3.33,2.91,42.6,-0.354,18.61,19.38,01a60306o0694o
60306.63261,-21.071,1.77,-14,24,o,0,1.5,219.42633,2.2845,5036.78,5706.95,3.21,2.84,43.6,-0.362,18.69,19.45,01a60306o0713o
60306.64485,-19.682,0.462,-49,22,o,0,1.39,219.42633,2.2845,5060.59,5590.78,3.18,2.75,44.6,-0.369,18.75,19.52,01a60306o0738o
60308.63695,22.604,7.16,3,24,o,0,1.71,219.42633,2.2845,2679.68,8389.94,2.37,2.11,16.5,-0.411,18.87,19.59,02a60308o0964o
60308.64212,19.826,0.549,43,23,o,0,1.39,219.42633,2.2845,2690.72,8428.17,2.26,2.05,23.4,-0.41,18.94,19.61,02a60308o0975o
60308.66059,21.214,2.344,12,28,o,0,1.11,219.42633,2.2845,2623.94,8350.54,2.27,2.07,22.3,-0.415,18.84,19.46,02a60308o1012o
60308.6672,20.628,2.787,20,57,o,0,1.5,219.42633,2.2845,2603.55,8466.88,2.3,2.09,19.9,-0.412,18.39,18.65,02a60308o1026o
60310.59925,-19.755,0.585,-46,27,o,0,1.24,219.42633,2.2845,2878.42,1881.01,3.35,3.18,27.9,-0.405,18.67,19.65,01a60310o0834o
60310.60512,22.244,5.692,5,26,o,0,0.81,219.42633,2.2845,2856.77,1840.33,3,2.73,39.5,-0.425,18.85,19.68,01a60310o0846o
60310.63059,-20.043,0.66,-35,23,o,0,0.97,219.42633,2.2845,2914.07,1918.34,3,2.72,34.8,-0.389,18.88,19.79,01a60310o0893o
60310.63353,-19.965,0.537,-38,20,o,0,1.32,219.42633,2.2845,2937.48,1802.99,2.74,2.58,40.9,-0.443,19.01,19.82,01a60310o0899o
60312.64107,20.315,0.81,27,22,o,0,0.89,219.42633,2.2845,2384.89,2574.06,2.1,1.91,36.1,-0.459,19.1,19.78,02a60312o0960o
60312.65502,22.048,4.619,6,25,o,0,0.79,219.42633,2.2845,2394.17,2610.47,2.32,2.1,31.1,-0.443,19.04,19.84,02a60312o0989o
60312.65864,-23.207,11.818,-2,22,o,0,1.27,219.42633,2.2845,2333.96,2532.87,2.66,2.39,22.7,-0.452,18.89,19.83,02a60312o0997o
60312.66957,19.541,0.438,55,24,o,0,1.16,219.42633,2.2845,2316.15,2649.12,2.38,2.08,31.6,-0.44,18.62,19.05,02a60312o1019o
60314.64477,20.378,0.663,26,17,o,0,1.49,219.42633,2.2845,618.46,3433.75,2.93,2.75,48.1,-0.343,19.1,20.21,01a60314o0931o
60314.65054,-21.567,1.9,-9,16,o,0,2.14,219.42633,2.2845,600.7,3393.46,3.12,2.89,46.7,-0.334,19.07,20.2,01a60314o0943o
60314.66725,-20.242,1.194,-29,35,o,0,0.93,219.42633,2.2845,661.53,3472.5,3.02,2.76,38.2,-0.314,18.31,18.7,01a60314o0975o
60322.62386,-21.468,1.821,-9,17,o,0,1.12,219.42633,2.2845,4604.16,9737.14,2.75,2.55,59.6,-0.382,19.35,20.6,01a60322o0887o
60322.62671,21.523,1.737,9,16,o,0,1.64,219.42633,2.2845,4588.04,9701.12,3.03,2.66,54.8,-0.35,19.3,20.62,01a60322o0893o
60322.63399,23.201,7.714,2,15,o,0,1.54,219.42633,2.2845,4644.44,9777.57,2.71,2.51,68.2,-0.38,19.4,20.64,01a60322o0908o
60322.65224,-21.698,1.654,-8,13,o,0,1.8,219.42633,2.2845,4668.79,9663.1,2.88,2.59,57.3,-0.367,19.35,20.59,01a60322o0945o
60324.62959,20.134,0.42,32,14,o,0,1.86,219.42633,2.2845,10241.92,2841.09,2.24,1.76,-55.3,-0.479,19.53,20.68,02a60324o0757o
60324.63536,20.642,1.124,20,23,o,0,0.54,219.42633,2.2845,10262.55,2881.39,2.19,1.7,-57.3,-0.491,19.52,20.7,02a60324o0768o
60324.63853,21.436,1.728,10,17,o,0,1.05,219.42633,2.2845,10203.5,2802.65,2.21,1.74,-56.3,-0.48,19.51,20.68,02a60324o0775o
60324.63999,-19.765,0.335,-45,15,o,0,1.32,219.42633,2.2845,96.52,2841.5,1.96,1.88,14.3,-0.43,19.5,20.64,02a60324o0778o
60324.65483,-21.419,1.62,-10,16,o,0,1.68,219.42633,2.2845,10185.19,2921.61,2.11,1.67,-58.6,-0.499,19.55,20.71,02a60324o0810o
60324.6584,20.058,0.431,34,15,o,0,1.44,219.42633,2.2845,115.17,2881.35,1.93,1.83,20.8,-0.436,19.48,20.57,02a60324o0816o
60324.66365,-20.026,0.524,-36,19,o,0,1.79,219.42633,2.2845,55.8,2803.71,1.96,1.78,20.1,-0.449,19.37,20.33,02a60324o0827o
60324.67116,-19.731,1.084,-46,50,o,0,0.67,219.42633,2.2845,41.09,2920.02,1.93,1.77,24,-0.449,18.73,19.05,02a60324o0843o
60327.62708,20.617,0.59,21,12,o,0,1.64,219.42633,2.2845,67.51,1862.15,2.64,2.44,45.2,-0.362,19.55,21.01,01a60327o0894o
60327.62755,20.346,0.705,26,19,o,0,0.71,219.42633,2.2845,10231.42,1881.86,2.51,2.33,-41.9,-0.424,19.52,20.96,01a60327o0895o
60327.63032,20.755,0.759,18,14,o,0,1.39,219.42633,2.2845,50.72,1825.02,2.81,2.56,44.1,-0.351,19.52,21.02,01a60327o0901o
60327.63078,21.128,1.102,13,14,o,0,1.34,219.42633,2.2845,10211.08,1843.27,2.48,2.38,-26.7,-0.411,19.51,20.97,01a60327o0902o
60327.64302,20.16,0.473,31,15,o,0,1.12,219.42633,2.2845,104.1,1905.41,2.6,2.4,37.4,-0.369,19.57,21.06,01a60327o0926o
60327.64402,20.398,0.589,25,15,o,0,1.31,219.42633,2.2845,10265.68,1920.6,2.42,2.26,-27.1,-0.412,19.58,21.02,01a60327o0928o
60327.65003,20.169,0.493,31,15,o,0,0.94,219.42633,2.2845,117.19,1788.63,2.51,2.32,41.8,-0.383,19.61,21.04,01a60327o0940o
60327.6515,21.627,1.861,8,15,o,0,1.28,219.42633,2.2845,10284.07,1801.91,2.42,2.26,-34.2,-0.403,19.59,20.97,01a60327o0943o
60331.51555,21.029,2.246,14,32,o,0,1.2,219.42633,2.2845,8326.13,3934.19,3.2,2.95,19.5,-0.38,18.33,19,01a60331o0657o
60331.52091,20.668,1.594,20,31,o,0,1.06,219.42633,2.2845,8312.6,3895.98,3.16,2.79,23.7,-0.36,18.41,19.09,01a60331o0668o
60331.52332,20.205,1.059,30,32,o,0,0.76,219.42633,2.2845,8371.64,3973.08,3.03,2.73,17.3,-0.387,18.48,19.12,01a60331o0673o
60331.53346,20.964,1.767,15,26,o,0,1.22,219.42633,2.2845,8395.79,3855.37,3.03,2.75,18,-0.38,18.54,19.27,01a60331o0694o
60332.60511,-20.452,1.071,-24,26,o,0,1.15,219.42633,2.2845,10432.02,6725.83,2.26,2.09,-50.4,-0.484,19,19.71,02a60332o0860o
60332.60827,20.119,0.781,33,25,o,0,0.92,219.42633,2.2845,10452.85,6765.08,2.22,2.03,-52.9,-0.469,19.04,19.72,02a60332o0867o
60332.615,-21.462,2.842,-9,27,o,0,0.94,219.42633,2.2845,10394.27,6689.48,2.2,2.06,-50.5,-0.477,19.03,19.76,02a60332o0880o
60332.62116,19.673,0.519,49,26,o,0,0.76,219.42633,2.2845,295.67,6727.35,2.13,1.88,14.9,-0.389,19.05,19.74,02a60332o0893o
60332.62432,21.135,1.636,13,21,o,0,0.88,219.42633,2.2845,317.17,6767.09,2.09,1.84,14.3,-0.391,19.07,19.76,02a60332o0900o
60332.62568,-21.158,1.731,-12,22,o,0,1.42,219.42633,2.2845,10376.76,6806.87,2.17,2.04,-45.9,-0.478,19.09,19.85,02a60332o0903o
60332.63029,21.174,1.992,12,24,o,0,0.61,219.42633,2.2845,259.66,6688.53,2.17,1.92,12.7,-0.369,19.07,19.83,02a60332o0913o
60332.65116,21.105,1.457,13,19,o,0,1.15,219.42633,2.2845,242.78,6805.63,2.16,1.89,12.5,-0.392,19.27,20.19,02a60332o0955o
60336.58287,22.911,13.35,2,33,o,0,1.21,219.42633,2.2845,4281.55,8473.51,2.3,2.05,30.3,-0.419,18.8,19.4,02a60336o0813o
60336.58603,20.511,1.552,23,35,o,0,1.23,219.42633,2.2845,4301.93,8512.27,2.4,2.08,29.1,-0.41,18.82,19.42,02a60336o0820o
60336.59154,-21.111,2.069,-13,27,o,0,1.48,219.42633,2.2845,4244.46,8434.53,2.33,2.06,27.2,-0.424,18.89,19.45,02a60336o0832o
60336.60161,20.58,1.208,21,26,o,0,2.21,219.42633,2.2845,4223.73,8551.88,2.33,2.07,34.3,-0.42,18.85,19.5,02a60336o0849o
60337.06684,-20.765,2.273,-18,41,o,0,0.91,219.42633,2.2845,6336.07,2121.6,2.3,2.09,-52.6,-0.428,17.92,18.42,03a60337o0637o
60337.06969,18.8,0.431,110,47,o,0,2.1,219.42633,2.2845,6318.18,2081.63,2.31,2.12,-47.6,-0.44,17.69,17.93,03a60337o0642o
60339.29959,20.487,1.71,23,40,o,0,0.73,219.42633,2.2845,2200.14,5716.91,2.16,1.91,-71.3,-0.403,18.25,18.38,04a60339o0616o
60339.30278,19.304,0.58,69,40,o,0,0.99,219.42633,2.2845,2178.14,5678.81,2.15,1.92,-77.2,-0.405,18.28,18.46,04a60339o0623o
60339.30828,-20.744,1.946,-18,36,o,0,0.71,219.42633,2.2845,2235.31,5756.68,2.05,1.83,-74.1,-0.418,18.38,18.51,04a60339o0635o
60339.31912,19.527,0.845,56,48,o,0,0.87,219.42633,2.2845,2252.33,5642.55,2.24,2.02,-42.6,-0.464,18.2,18.38,04a60339o0658o
60340.57783,-21.295,2.144,-11,24,o,0,1.23,219.42633,2.2845,8575.75,8771.15,2.16,2.08,-69.7,-0.452,19.04,19.55,02a60340o0812o
60340.58009,-20.559,0.995,-22,22,o,0,2.32,219.42633,2.2845,8596.58,8810.47,2.08,2,-70.7,-0.462,19.05,19.57,02a60340o0817o
60340.58746,-23.243,13.437,-2,25,o,0,1.59,219.42633,2.2845,8538.63,8732.27,2.08,2.02,87.6,-0.456,19.03,19.56,02a60340o0833o
60340.60339,21.222,2.186,12,26,o,0,1.13,219.42633,2.2845,8517.81,8848.19,2.1,2.03,-74.2,-0.457,19.08,19.58,02a60340o0866o
60341.05275,19.54,0.699,56,39,o,0,0.89,219.42633,2.2845,2071.24,1742.93,2.37,2.23,-47,-0.39,18.3,18.53,03a60341o0561o
60341.05594,-19.626,0.742,-51,38,o,0,1.21,219.42633,2.2845,2052.14,1703.21,2.46,2.25,-62.4,-0.397,18.29,18.65,03a60341o0568o
60341.06611,19.747,0.858,46,39,o,0,0.94,219.42633,2.2845,2107.76,1779.74,2.44,2.24,-66.7,-0.397,18.35,18.65,03a60341o0590o
60341.07027,21.165,2.802,12,35,o,0,1,219.42633,2.2845,2130.15,1663.66,2.4,2.21,-75.7,-0.395,18.39,18.64,03a60341o0599o
60342.57445,-19.976,0.6,-37,22,o,0,1.17,219.42633,2.2845,8495.26,9556.16,2.67,2.62,47.6,-0.441,18.92,19.67,01a60342o0772o
60342.58454,20.215,0.704,30,21,o,0,1.48,219.42633,2.2845,8475.1,9518.06,2.59,2.51,69.6,-0.445,19.02,19.69,01a60342o0792o
60342.58738,20.612,1.04,21,22,o,0,1.19,219.42633,2.2845,8532.3,9594.93,2.61,2.5,59.6,-0.44,18.99,19.69,01a60342o0798o
60342.59293,-20.818,1.174,-17,20,o,0,1.41,219.42633,2.2845,8552.75,9478.34,2.74,2.57,44.2,-0.439,18.96,19.76,01a60342o0810o
60343.3541,19.319,1.097,68,75,o,0,0.94,219.42633,2.2845,8488.88,9579.7,2.01,1.8,-8.1,-0.483,17.89,17.96,04a60343o0734o
60343.35726,-21.084,4.747,-13,64,o,0,1.09,219.42633,2.2845,8468.32,9541.1,1.76,1.64,-57.9,-0.533,17.82,18.13,04a60343o0741o
60343.37388,19.124,0.523,81,42,o,0,1.23,219.42633,2.2845,8530.91,9619.99,1.81,1.7,-13.7,-0.535,18.53,18.84,04a60343o0776o
60343.37704,-21.033,2.526,-14,35,o,0,1.26,219.42633,2.2845,8550.8,9502.91,1.71,1.64,-56.9,-0.549,18.59,19.05,04a60343o0783o
60344.55602,20.018,0.451,36,16,o,0,1.19,219.42633,2.2845,6024.09,4502.35,2.44,2.03,36.4,-0.428,19.28,20.5,02a60344o0748o
60344.58676,20.558,0.667,22,14,o,0,1.56,219.42633,2.2845,6049.29,4540.37,2.42,1.93,36.1,-0.433,19.4,20.58,02a60344o0807o
60344.58992,-24.212,18.5,-1,14,o,0,1.5,219.42633,2.2845,5991.57,4463.41,2.41,1.95,37.3,-0.432,19.4,20.58,02a60344o0814o
60344.60473,20.681,0.748,19,14,o,0,1.55,219.42633,2.2845,5972.43,4582.18,2.37,1.93,36.2,-0.429,19.41,20.59,02a60344o0844o
60347.28767,-20.527,0.77,-22,17,o,0,1.72,219.42633,2.2845,4652.65,8025.04,1.88,1.71,-50.1,-0.425,19.2,20.42,04a60347o0598o
60347.30474,-20.901,1.328,-16,21,o,0,1.05,219.42633,2.2845,4626.46,7989.24,1.95,1.78,-59.8,-0.43,19.2,20.48,04a60347o0634o
60347.30841,21.069,1.679,14,23,o,0,0.98,219.42633,2.2845,4685.01,8066.7,1.92,1.74,-53.4,-0.423,19.21,20.46,04a60347o0642o
60347.32613,22.836,7.318,3,20,o,0,1.16,219.42633,2.2845,4701.16,7951.46,1.88,1.71,-44.8,-0.439,19.26,20.47,04a60347o0680o
60348.55086,22.668,4.562,3,14,c,0,1.94,219.42633,2.2845,6126.55,6436.6,2.89,2.66,26.6,-0.392,19.42,21.33,02a60348o0741c
60348.55404,-22.088,2.414,-5,13,c,0,2.94,219.42633,2.2845,6148.11,6475.71,2.85,2.55,25.3,-0.39,19.41,21.35,02a60348o0748c
60348.57542,-20.125,0.351,-32,11,c,0,2.2,219.42633,2.2845,6092.24,6397.85,2.8,2.51,34.5,-0.389,19.53,21.41,02a60348o0792c
60348.58153,-21.05,1.012,-14,14,c,0,1.98,219.42633,2.2845,6072.66,6514.65,2.74,2.43,32.9,-0.396,19.54,21.42,02a60348o0805c
60349.10211,-21.157,1.097,-12,14,o,0,1.98,219.42633,2.2845,4465.83,4111.93,2.1,1.95,-54.5,-0.424,19.41,20.59,03a60349o0736o
60349.10623,20.897,0.872,16,14,o,0,1.57,219.42633,2.2845,4447.96,4073.15,2.08,1.91,-56.9,-0.425,19.42,20.53,03a60349o0745o
60349.12172,-23.84,15,-1,16,o,0,1.2,219.42633,2.2845,4505.71,4149.81,2.08,1.92,-47.6,-0.417,19.34,20.37,03a60349o0778o
60349.12999,-19.617,0.438,-52,23,o,0,2.54,219.42633,2.2845,4530.78,4035.01,2.09,1.94,-44.4,-0.424,18.83,19.32,03a60349o0796o
60350.58802,-21.103,1.272,-13,17,o,0,1.04,219.42633,2.2845,699.1,9944.46,2.69,2.47,-89,-0.468,19.51,20.92,01a60350o0745o
60350.58991,20.168,0.55,31,17,o,0,1.42,219.42633,2.2845,681.02,9904.36,2.73,2.56,86.7,-0.462,19.5,20.92,01a60350o0749o
60350.59665,-21.004,0.835,-14,12,o,0,2.89,219.42633,2.2845,737.59,9984.76,2.73,2.56,-88.7,-0.459,19.49,20.92,01a60350o0763o
60350.6067,20.622,0.793,20,16,o,0,1.38,219.42633,2.2845,752.22,9864.21,2.75,2.63,73.4,-0.446,19.5,20.95,01a60350o0783o
60351.28519,19.815,0.62,43,27,o,0,0.87,219.42633,2.2845,715.46,10011.47,2.43,1.87,-69.1,-0.451,19.32,20.53,04a60351o0597o
60351.28976,-19.927,0.676,-39,26,o,0,1.23,219.42633,2.2845,696.58,9972.82,2.17,1.78,-65.5,-0.498,19.33,20.53,04a60351o0607o
60351.3103,-24.635,49.333,0,25,o,0,0.78,219.42633,2.2845,751.13,10053.46,2.24,1.79,-67,-0.502,19.45,20.82,04a60351o0651o
60351.31534,20.902,1.12,16,18,o,0,2.05,219.42633,2.2845,770.85,9934.6,2.14,1.8,-71.4,-0.495,19.38,20.81,04a60351o0662o
60352.54646,20.294,0.481,28,13,c,0,1.9,219.42633,2.2845,199.63,4788.72,2.47,2.43,-20.2,-0.381,19.44,21.16,02a60352o0726c
60352.54874,22.217,3.125,5,15,c,0,1.32,219.42633,2.2845,219.33,4826.78,2.45,2.43,-24.8,-0.38,19.44,21.14,02a60352o0731c
60352.55428,21.056,1.04,14,14,c,0,0.8,219.42633,2.2845,161.3,4749.25,2.4,2.36,1.7,-0.383,19.46,21.16,02a60352o0743c
60352.55518,-20.143,0.383,-32,12,c,0,1.89,219.42633,2.2845,10333.78,4787.15,2.64,2.46,-56.8,-0.435,19.53,21.21,02a60352o0745c
60352.571,20.891,0.829,16,13,c,0,1.26,219.42633,2.2845,144.68,4867.13,2.38,2.34,25.2,-0.383,19.48,21.24,02a60352o0778c
60352.57733,-20.307,0.419,-27,12,c,0,1.67,219.42633,2.2845,10356.09,4829.08,2.6,2.45,-51.6,-0.433,19.55,21.31,02a60352o0791c
60352.5805,-22.979,5.357,-2,12,c,0,1.37,219.42633,2.2845,10299.04,4748.72,2.65,2.46,-51.8,-0.432,19.58,21.32,02a60352o0798c
60352.59806,-20.081,0.333,-34,11,c,0,2.51,219.42633,2.2845,10281.45,4869.81,2.6,2.46,-53.3,-0.427,19.56,21.35,02a60352o0833c
60353.05866,-19.933,0.492,-39,19,o,0,1.49,219.42633,2.2845,232.72,5670.28,2.43,2.27,-75.2,-0.396,19.34,20.65,03a60353o0648o
60353.06188,-21.533,2.117,-9,19,o,0,1.31,219.42633,2.2845,213.15,5631.01,2.41,2.16,-76.6,-0.388,19.37,20.68,03a60353o0655o
60353.07708,-19.687,0.339,-48,16,o,0,1.7,219.42633,2.2845,268.25,5706.92,2.39,2.15,-72.8,-0.404,19.42,20.74,03a60353o0688o
60353.08029,22.45,4.667,4,18,o,0,1.49,219.42633,2.2845,10325.11,5874.49,2.39,2.03,-61,-0.384,19.34,20.67,03a60353o0695o
60353.0835,22.156,3.361,5,17,o,0,1.52,219.42633,2.2845,10305.09,5835.02,2.42,2.1,-59.1,-0.381,19.41,20.74,03a60353o0702o
60353.08997,22.012,3.205,6,18,o,0,1.26,219.42633,2.2845,292.29,5588.93,2.39,2.15,-67.7,-0.397,19.45,20.8,03a60353o0715o
60353.10383,21.12,1.206,13,16,o,0,1.63,219.42633,2.2845,10362.34,5914.88,2.35,2.01,-62.2,-0.373,19.34,20.65,03a60353o0745o
60353.11734,-20.423,0.661,-25,16,o,0,1.72,219.42633,2.2845,10386.38,5800.45,2.4,2.05,-56.1,-0.364,19.43,20.77,03a60353o0773o
60355.31606,20.476,0.829,23,19,o,0,1.1,219.42633,2.2845,6544.49,9675.41,1.87,1.69,-14,-0.468,19.38,20.65,04a60355o0673o
60355.31923,19.9,0.474,40,19,o,0,1.2,219.42633,2.2845,6527.1,9636.62,1.82,1.71,-10.5,-0.464,19.39,20.65,04a60355o0680o
60355.32469,-21.36,1.947,-10,20,o,0,0.95,219.42633,2.2845,6586.02,9714.77,1.93,1.69,-17.8,-0.483,19.33,20.65,04a60355o0692o
60355.33336,22.12,4.146,5,21,o,0,0.97,219.42633,2.2845,6603.86,9597.75,1.87,1.73,-16.3,-0.47,19.39,20.69,04a60355o0711o
60357.11035,21.237,1.673,12,20,o,0,0.96,219.42633,2.2845,6456.28,5988.29,2.11,1.96,-46.1,-0.433,19.55,20.75,03a60357o0767o
60357.12532,-21.851,2.648,-7,18,o,0,1.5,219.42633,2.2845,6440.98,5947.77,2.24,1.99,-45.6,-0.434,19.42,20.68,03a60357o0798o
60357.13146,-21.388,1.598,-10,16,o,0,1.26,219.42633,2.2845,6497.49,6025.7,2.15,1.93,-40.2,-0.451,19.37,20.4,03a60357o0811o
60357.13419,19.804,0.508,44,22,o,0,0.7,219.42633,2.2845,6519.98,5909.68,2.31,2.07,-42.6,-0.425,19.12,20.13,03a60357o0817o
60359.3179,21.948,3.152,6,19,o,0,1.34,219.42633,2.2845,8207.3,2020.39,2.24,2.17,-32.4,-0.442,19.25,20.58,04a60359o0623o
60359.32107,-20.86,1.028,-16,17,o,0,1.3,219.42633,2.2845,8190.6,1981.72,2.26,2.11,-27.2,-0.429,19.29,20.62,04a60359o0630o
60359.34924,20.28,0.793,28,22,o,0,0.92,219.42633,2.2845,8258.21,2058.12,2.08,2.02,-63.2,-0.476,19.37,20.71,04a60359o0690o
60359.35648,19.996,0.424,36,15,o,0,1.25,219.42633,2.2845,8278.61,1939.87,2.25,2,-24.4,-0.448,19.36,20.77,04a60359o0706o
60360.51301,20.183,0.646,31,20,o,0,2.06,219.42633,2.2845,6225.94,8376.57,2.31,2.07,40.2,-0.433,19.1,19.8,02a60360o0635o
60360.51528,-19.309,0.334,-69,23,o,0,1.38,219.42633,2.2845,6246.24,8415.73,2.26,2.06,41.4,-0.441,19.07,19.82,02a60360o0640o
60360.53174,-19.451,0.342,-60,21,o,0,1.07,219.42633,2.2845,6194.52,8336.04,2.2,1.94,26.7,-0.447,19.18,19.92,02a60360o0673o
60360.54328,-20.445,0.83,-24,20,o,0,1.38,219.42633,2.2845,6170.21,8454.92,2.45,2.11,34.9,-0.425,19.1,20.01,02a60360o0695o
60361.05055,20.524,0.642,22,14,o,0,1.92,219.42633,2.2845,4397.75,2176.79,2.13,2,-57.1,-0.427,19.38,20.51,03a60361o0643o
60361.05328,19.594,0.322,53,17,o,0,0.78,219.42633,2.2845,4379.09,2137.36,2.14,2.01,-56,-0.426,19.36,20.59,03a60361o0649o
60361.05602,20.039,0.474,35,17,o,0,0.91,219.42633,2.2845,4435.38,2216.7,2.13,2.03,-51.1,-0.433,19.44,20.65,03a60361o0655o
60361.06706,20.797,0.872,17,15,o,0,1.36,219.42633,2.2845,4459.05,2100.37,2.13,1.99,-52.4,-0.427,19.45,20.71,03a60361o0679o
60363.28665,25.488,166,0,38,o,0,1.25,219.42633,2.2845,8519.19,7828.14,2.81,2.69,-49.8,-0.386,18.16,18.91,04a60363o0406o
60363.28847,21.932,6.038,6,37,o,0,1.31,219.42633,2.2845,8500.96,7789.11,2.83,2.67,-42.7,-0.39,18.26,18.94,04a60363o0410o
60363.29209,-20.043,1.203,-35,42,o,0,1.2,219.42633,2.2845,8559.84,7868.23,3.2,3.04,-68.8,-0.347,18.12,18.97,04a60363o0418o
60363.29935,-19.543,0.777,-55,43,o,0,0.82,219.42633,2.2845,8576.48,7752.19,2.61,2.43,-6.2,-0.376,18.33,18.99,04a60363o0434o
60364.50954,0,0,0,0,o,0,-2,219.42633,2.2845,8445.46,6818.49,2.49,2.36,13,-0.487,17.08,18.13,02a60364o0642o
60364.51272,-15.553,1.052,-2182,2296,o,0,1.45,219.42633,2.2845,8433.33,6786.32,2.46,2.22,42.2,-0.482,15.27,15.73,02a60364o0649o
60364.51785,-19.291,1.408,-70,98,o,0,1.2,219.42633,2.2845,8416.31,6902.23,2.67,2.39,30.3,-0.389,16.52,17.24,02a60364o0660o
60372.55226,20.936,1.239,15,19,o,0,0.97,219.42633,2.2845,5988.7,816.65,1.89,1.79,-68.4,-0.462,19.35,20.27,02a60372o0669o
60372.55407,21.165,1.605,12,20,o,0,1.22,219.42633,2.2845,6009.51,856.03,1.93,1.82,-62.6,-0.459,19.14,20.02,02a60372o0673o
60372.55905,20.591,0.904,21,19,o,0,0.92,219.42633,2.2845,5952.7,777.96,1.87,1.77,-69.1,-0.466,19.37,20.32,02a60372o0684o
60372.56447,22.418,4.209,4,16,o,0,1.69,219.42633,2.2845,5933.52,896.09,1.86,1.77,-75.4,-0.464,19.37,20.35,02a60372o0696o
60373.05959,-19.383,0.8,-64,51,o,0,1.15,219.42633,2.2845,4490.71,9714.09,2.6,2.21,-38,-0.373,17.9,18.39,03a60373o0570o
60373.07471,-18.712,6,-119,714,o,0,1.08,219.42633,2.2845,4472.74,9673.79,2.54,2.19,-40,-0.379,14.92,15.14,03a60373o0603o
60373.09614,16.31,0.445,1087,484,o,0,1.18,219.42633,2.2845,4533.59,9753.14,2.62,2.19,-43.4,-0.365,16.13,16.27,03a60373o0649o
60373.11665,-19.732,0.66,-46,31,o,0,0.7,219.42633,2.2845,6001.52,957.02,2.13,1.96,-41.9,-0.429,18.63,19.26,03a60373o0692o
60373.14764,19.54,9.061,56,503,o,0,0.89,219.42633,2.2845,6044.18,905.56,2.26,2,-47.4,-0.417,16.28,16.61,03a60373o0757o
60377.1176,21.065,0.965,14,13,c,0,1.38,219.42633,2.2845,10425.74,8829.32,2.76,2.2,-53.9,-0.408,19.61,21.34,03a60377o0303c
60377.12215,21.247,1.239,12,14,c,0,1.38,219.42633,2.2845,10444.56,8871.22,2.78,2.22,-54.9,-0.405,19.61,21.33,03a60377o0313c
60377.1416,-22.205,2.812,-5,13,c,0,2.2,219.42633,2.2845,10385.55,8793.72,2.58,2.23,-59,-0.384,19.41,20.9,03a60377o0352c
60377.14757,19.623,1.08,51,56,c,0,0.58,219.42633,2.2845,10367.05,8911.58,2.76,2.25,-55.1,-0.406,18.95,19.89,03a60377o0365c
60379.29825,19.33,0.414,67,28,o,0,0.69,219.42633,2.2845,8423.49,5890.7,2.15,2,-15.3,-0.438,19.34,20.58,04a60379o0674o
60379.32208,-21.981,4.486,-6,26,o,0,0.75,219.42633,2.2845,8415.6,5849.61,2.04,1.99,-32.2,-0.466,19.25,20.54,04a60379o0724o
60379.33389,20.218,0.721,30,21,o,0,1.14,219.42633,2.2845,8482.6,5925.7,2.31,2.06,-20.6,-0.407,19.32,20.62,04a60379o0748o
60379.33571,21.617,2.623,8,22,o,0,0.86,219.42633,2.2845,8503.15,5809.23,2.28,2.14,-23.1,-0.414,19.32,20.57,04a60379o0752o
60380.91257,-23.45,9.625,-2,15,c,0,1.29,219.42633,2.2845,8317.95,3998.94,2.73,2.27,-57.7,-0.388,19.28,21.14,03a60381o0375c
60380.9154,-20.589,0.718,-21,15,c,0,1.29,219.42633,2.2845,8301.6,3961.46,2.66,2.23,-56.6,-0.391,19.33,21.15,03a60381o0381c
60380.92093,-22.994,4.923,-2,11,c,0,1.98,219.42633,2.2845,8357.34,4038.59,2.67,2.21,-55.7,-0.396,19.35,21.19,03a60381o0393c
60380.95273,23.147,6.231,2,12,c,0,0.93,219.42633,2.2845,8374.04,3921.31,2.56,2.15,-59.1,-0.403,19.47,21.29,03a60381o0461c
60383.18512,20.406,0.771,25,19,o,0,0.87,219.42633,2.2845,141.98,3889.69,2.09,2.01,-70.4,-0.404,19.23,20.48,04a60383o0437o
60383.18693,21.02,1.505,14,21,o,0,1.3,219.42633,2.2845,121.02,3851.28,2.23,2.11,-58.4,-0.387,19.12,20.48,04a60383o0441o
60383.18875,21.3,2.16,11,24,o,0,1.35,219.42633,2.2845,10264.18,3842.92,2.8,2.6,74.4,-0.361,19.1,20.33,04a60383o0445o
60383.18965,0,20.393,0,25,o,0,0.85,219.42633,2.2845,180.06,3929.35,2.19,2.05,-58.4,-0.399,19.17,20.47,04a60383o0447o
60383.19196,20.945,1.222,15,19,o,0,1.71,219.42633,2.2845,10243.26,3804.52,2.46,2.41,11.3,-0.405,19.12,20.33,04a60383o0452o
60383.22023,19.898,0.466,40,19,o,0,0.92,219.42633,2.2845,192.41,3815.47,2.15,1.97,71.6,-0.415,19.32,20.64,04a60383o0513o
60383.22114,18.949,0.222,96,21,o,0,1.12,219.42633,2.2845,10295.39,3888.13,2.69,2.53,-6.3,-0.389,19.29,20.55,04a60383o0515o
60383.23835,-20.712,1.148,-19,22,o,0,1.32,219.42633,2.2845,10315.29,3772.77,2.57,2.42,4,-0.398,19.3,20.59,04a60383o0552o
60384.4392,24.854,53,0,22,o,0,0.92,219.42633,2.2845,3993.65,2664.05,2,1.83,23.1,-0.457,19.2,20.43,02a60384o0075o
60384.44236,23.077,19.667,2,42,o,0,1.13,219.42633,2.2845,4014.16,2702.05,2.03,1.88,23.4,-0.46,18.2,19.41,02a60384o0082o
60385.07908,22.346,3.438,4,14,c,0,0.94,219.42633,2.2845,4046.32,2680.44,2.36,2.16,-59.1,-0.4,19.52,21.13,03a60385o0739c
60385.08267,20.814,0.89,17,15,c,0,1.03,219.42633,2.2845,4067.02,2721.12,2.39,2.2,-58.6,-0.401,19.54,21.15,03a60385o0746c
60385.11824,-21.124,0.86,-13,11,c,0,1.82,219.42633,2.2845,4011.44,2645.46,2.44,2.22,-61.3,-0.393,19.51,21.14,03a60385o0823c
60385.14663,21.68,1.88,8,14,c,0,1.67,219.42633,2.2845,3988.6,2764.07,2.52,2.38,-61.8,-0.384,19.25,20.66,03a60385o0884c
60386.44213,21.642,1.818,8,14,o,0,1.65,219.42633,2.2845,6345.1,2085.2,2.72,2.56,29.1,-0.414,19.3,20.44,01a60386o0475o
60386.44606,-21.39,1.739,-10,18,o,0,1.06,219.42633,2.2845,6322.04,2044.14,2.72,2.56,31.8,-0.419,19.3,20.45,01a60386o0483o
60386.48092,21.445,1.36,10,13,o,0,1.6,219.42633,2.2845,6366.86,2120.54,2.59,2.39,38.1,-0.416,19.48,20.74,01a60386o0554o
60386.48904,20.238,0.512,29,15,o,0,1.28,219.42633,2.2845,6382,2003.88,2.66,2.5,25.3,-0.42,19.47,20.82,01a60386o0570o
60387.24287,20.723,0.895,19,17,o,0,1.38,219.42633,2.2845,6269.45,2128.68,2.35,2.3,49.3,-0.521,19.27,20.59,04a60387o0570o
60387.24469,20.507,0.739,23,17,o,0,1.36,219.42633,2.2845,6248.8,2090.03,2.25,2.05,-11.1,-0.492,19.32,20.65,04a60387o0574o
60387.24744,22.195,3.69,5,18,o,0,1.1,219.42633,2.2845,6307.87,2167.56,2.37,2.26,-23.6,-0.474,19.23,20.65,04a60387o0580o
60387.28278,-19.941,0.491,-38,19,o,0,1.4,219.42633,2.2845,6341.86,2049.26,2.16,2.04,-13.8,-0.506,19.29,20.56,04a60387o0656o
60388.57056,-20.156,0.46,-32,14,o,0,1.25,219.42633,2.2845,2131.01,5671.65,2.3,1.89,39.5,-0.439,19.46,20.68,02a60388o0736o
60388.60158,-20.774,0.826,-18,15,o,0,1.54,219.42633,2.2845,2113.63,5630.34,2.37,1.9,40.9,-0.439,19.42,20.61,02a60388o0800o
60388.63006,19.987,0.487,37,18,o,0,1.18,219.42633,2.2845,2182.21,5709.52,2.33,1.92,43.6,-0.438,19.41,20.58,02a60388o0859o
60389.0119,-19.947,0.515,-38,20,c,0,1.3,219.42633,2.2845,2176.44,5602.59,2.64,2.41,-45.8,-0.387,19.2,21.07,03a60389o0594c
60389.0151,-22.31,6.118,-4,26,c,0,0.67,219.42633,2.2845,2157.53,5562.64,2.59,2.38,-46.5,-0.396,19.06,20.9,03a60389o0601c
60389.01784,20.34,1.265,26,34,c,0,1.25,219.42633,2.2845,2214.06,5641.2,2.74,2.52,-45.2,-0.385,18.44,20.28,03a60389o0607c
60389.02422,-21.493,1.577,-9,14,c,0,1.07,219.42633,2.2845,2236.9,5524.78,2.62,2.38,-46.8,-0.39,19.42,21.26,03a60389o0621c
60390.50005,-21.426,2.141,-10,21,o,0,1.28,219.42633,2.2845,2020.78,1781.16,2.67,2.37,29.5,-0.431,18.93,19.62,01a60390o0557o
60390.52561,19.353,0.317,66,21,o,0,1.08,219.42633,2.2845,1982,1740.65,2.59,2.35,40.4,-0.429,18.97,19.66,01a60390o0604o
60390.52745,-20.087,0.548,-34,18,o,0,1.56,219.42633,2.2845,2039.86,1820.01,2.56,2.32,38.9,-0.439,19.01,19.67,01a60390o0608o
60390.5305,-20.563,0.832,-22,18,o,0,1.69,219.42633,2.2845,2057.45,1703.96,2.57,2.31,44.2,-0.436,18.98,19.67,01a60390o0614o
60391.21987,21.64,3.681,8,30,o,0,0.55,219.42633,2.2845,1962.34,1809.71,2,1.83,-23.3,-0.399,18.76,19.35,04a60391o0519o
60391.22304,-19.845,0.598,-42,25,o,0,1.35,219.42633,2.2845,2022.74,1887.62,1.97,1.82,-35.5,-0.409,18.77,19.34,04a60391o0526o
60391.22916,20.713,1.112,19,21,o,0,1.1,219.42633,2.2845,2045.22,1770.82,1.9,1.84,-30.5,-0.41,18.79,19.4,04a60391o0538o
60392.4361,20.875,2.135,16,35,o,0,0.81,219.42633,2.2845,2088.91,992.73,2.34,2.2,-69.5,-0.449,18.41,18.86,02a60392o0475o
60392.43927,23.68,24.75,1,30,o,0,1.35,219.42633,2.2845,2109.92,1032.51,2.38,2.29,-72.1,-0.433,18.44,18.88,02a60392o0482o
60392.44425,20.732,1.504,18,28,o,0,1.28,219.42633,2.2845,2050.72,952.81,2.28,2.17,-76.6,-0.441,18.47,18.91,02a60392o0493o
60392.45446,-19.407,0.544,-63,34,o,0,0.85,219.42633,2.2845,2029.86,1069.94,2.27,2.17,-86.4,-0.446,18.5,18.97,02a60392o0513o
60398.46376,-20.866,1.291,-16,21,o,0,1.32,219.42633,2.2845,4472.94,4111.5,2.55,2.24,26.2,-0.393,18.91,19.31,01a60398o0507o
60398.48631,-21.103,1.53,-13,20,o,0,1.17,219.42633,2.2845,4440,4075.24,2.52,2.18,34.6,-0.404,19.05,19.59,01a60398o0549o
60398.51115,-21.774,2.714,-7,19,o,0,1.28,219.42633,2.2845,4482.45,4152.4,2.74,2.31,40.3,-0.382,18.97,19.63,01a60398o0596o
60398.51322,20.329,0.667,27,18,o,0,1.45,219.42633,2.2845,4501.56,4037.31,2.63,2.26,38,-0.388,19,19.59,01a60398o0599o
60399.24504,-23.269,18.818,-2,34,o,0,0.79,219.42633,2.2845,4451.42,4163.8,2.17,1.95,-18.2,-0.51,18.66,19.18,04a60399o0596o
60399.24821,-19.433,0.676,-61,41,o,0,0.93,219.42633,2.2845,4432.55,4125.06,2.21,1.95,-9.4,-0.488,18.62,19.15,04a60399o0603o
60399.25186,-20.583,1.541,-21,33,o,0,0.94,219.42633,2.2845,4491.7,4202.37,2.2,1.91,-22.4,-0.518,18.63,19.16,04a60399o0611o
60399.2752,-20.526,1.386,-22,31,o,0,1.33,219.42633,2.2845,4526.37,4082,2.27,2.03,-15.4,-0.529,18.65,19.17,04a60399o0661o
60400.47513,-20.481,0.987,-23,23,o,0,1.49,219.42633,2.2845,9898.21,583.76,2.26,1.32,-62.5,-0.511,19.23,20,02a60400o0545o
60400.47693,-19.309,0.231,-69,16,o,0,1.85,219.42633,2.2845,9916.2,624.24,2.39,1.35,-59.9,-0.503,19.23,19.99,02a60400o0549o
60400.4801,-22.402,4.725,-4,19,o,0,1.88,219.42633,2.2845,9859.09,546.6,2.38,1.34,-61.6,-0.502,19.21,19.98,02a60400o0556o
60400.48552,-20.074,0.955,-34,32,o,0,0.84,219.42633,2.2845,9842.76,665.67,2.53,1.38,-57.9,-0.565,19.21,19.95,02a60400o0568o
60400.98159,19.472,1.13,59,67,o,0,0.89,219.42633,2.2845,590.42,9847.45,2.9,2.58,-39.5,-0.406,17.53,18.05,03a60401o0560o
60400.98445,20.407,0.934,25,23,o,0,1.15,219.42633,2.2845,574.08,9806.96,2.89,2.49,-36.7,-0.421,18.85,19.91,03a60401o0566o
60401.00839,-19.367,0.769,-65,50,o,0,1.17,219.42633,2.2845,637.19,9885.36,2.76,2.25,-46.9,-0.436,18.58,19.65,03a60401o0615o
60401.01748,-19.939,1.038,-38,40,o,0,1.05,219.42633,2.2845,658.32,9764.85,2.75,2.34,-45.7,-0.438,18.55,19.35,03a60401o0635o
60405.58557,-21.485,1.006,-9,9,o,0,1.73,219.42633,2.2845,10241.89,3834.95,2.89,2.54,-48.6,-0.433,19.88,20.62,02a60405o0182o
60405.58833,20.423,0.361,25,9,o,0,1.43,219.42633,2.2845,111.9,3828.66,2.56,2.38,25.9,-0.363,19.92,20.57,02a60405o0184o
60405.60089,-18.316,0.195,-171,33,o,0,72.51,219.42633,2.2845,94.16,3789.1,2.71,2.52,15,-0.359,19.86,20.57,02a60405o0193o
60405.60502,21.109,0.873,13,11,o,0,0.96,219.42633,2.2845,10226.13,3797.84,2.8,2.43,-47.2,-0.435,19.91,20.73,02a60405o0196o
60405.6229,21.949,1.917,6,12,o,0,1.05,219.42633,2.2845,161.98,3866.32,2.58,2.45,19.3,-0.361,19.86,20.43,02a60405o0208o
60405.62704,-20.974,0.734,-15,11,o,0,1.44,219.42633,2.2845,10291.48,3876.95,2.66,2.27,-44.6,-0.453,19.9,20.47,02a60405o0211o
60408.53502,-23.585,7.676,-1,10,o,0,1.2,219.42633,2.2845,6524.21,7898.66,2.46,2.14,43.3,-0.428,20.1,20.59,02a60408o0239o
60408.55822,19.991,0.272,37,10,o,0,1.25,219.42633,2.2845,6511.2,7862.7,2.37,2.03,41.7,-0.428,20.18,20.59,02a60408o0255o
60408.61776,-20.332,1.694,-27,45,o,0,1.32,219.42633,2.2845,6584.33,7940.86,2.25,2.09,28.7,-0.439,19,19.25,02a60408o0297o
60416.43743,-20.261,0.523,-28,15,o,0,2.13,219.42633,2.2845,8311.33,2939.64,2.09,1.89,-59.1,-0.425,19.23,20.12,02a60416o0453o
60416.45593,20.204,0.547,30,16,o,0,1.64,219.42633,2.2845,8338.64,2981.65,2.17,1.98,-52.3,-0.43,19.25,20.19,02a60416o0489o
60416.4591,20.168,0.505,31,16,o,0,1.91,219.42633,2.2845,8282.14,2905.15,2.13,1.93,-52.2,-0.427,19.29,20.22,02a60416o0496o
60416.46226,22.033,3.231,6,18,o,0,1.09,219.42633,2.2845,8262.65,3022.28,2.08,1.9,-52.6,-0.431,19.32,20.22,02a60416o0503o
60417.02601,-22.629,5.333,-3,17,o,0,1.17,219.42633,2.2845,8322.99,3075.9,2.84,2.29,-14.4,-0.392,19.22,20.72,03a60417o0373o
60417.02937,-22.646,5.45,-3,17,o,0,1.45,219.42633,2.2845,8342.16,3115.57,2.58,2.2,-49.2,-0.404,19.26,20.68,03a60417o0380o
60417.03533,-20.245,0.5,-29,14,o,0,1.58,219.42633,2.2845,8288.15,3038.81,2.31,2.02,-50.5,-0.426,19.36,20.65,03a60417o0393o
60417.04582,24.347,24.25,1,16,o,0,1.61,219.42633,2.2845,8264.3,3154.67,2.62,2.27,-56.1,-0.404,19.14,20.5,03a60417o0416o
60420.38642,-19.533,0.529,-56,30,o,0,0.93,219.42633,2.2845,7925.45,696.44,2.41,1.64,-59.1,-0.514,18.81,19.11,02a60420o0341o
60420.38959,-20.408,1.19,-25,30,o,0,1.04,219.42633,2.2845,7946.55,735.59,2.45,1.74,-58.6,-0.493,18.8,19.17,02a60420o0348o
60420.39501,-19.219,0.397,-75,30,o,0,1.13,219.42633,2.2845,7889.46,658.47,2.41,1.57,-62.2,-0.535,18.82,19.19,02a60420o0360o
60420.40044,-21.758,4.349,-7,31,o,0,0.79,219.42633,2.2845,7870.11,777.02,2.34,1.59,-60.9,-0.517,18.82,19.2,02a60420o0372o
60420.79325,20.654,2.202,20,44,o,0,1.12,219.42633,2.2845,2567.56,9796.51,2.86,2.38,-50.1,-0.375,18.27,18.54,03a60421o0194o
60420.79563,19.468,0.774,59,46,o,0,1.35,219.42633,2.2845,2545.6,9757.96,3.21,2.74,-43.6,-0.361,18.2,18.56,03a60421o0199o
60420.82954,19.992,1.178,37,43,o,0,0.63,219.42633,2.2845,2590.69,9830.47,2.86,2.4,-46.7,-0.378,18.46,18.72,03a60421o0269o
60420.85199,22.057,6.031,6,33,o,0,1.07,219.42633,2.2845,2608.7,9710.24,2.68,2.3,-51.6,-0.387,18.6,18.94,03a60421o0314o
60427.21478,-20.156,2.664,-31,84,o,0,1.06,219.42633,2.2845,443.58,8714.82,2.76,2.18,-73.9,-0.338,17.09,17,04a60427o0578o
60427.21842,-19.231,1.107,-74,82,o,0,1.28,219.42633,2.2845,466.16,8748.63,2.69,2.07,-69.8,-0.373,17.35,17.56,04a60427o0586o
60427.22396,-19.12,1.047,-82,86,o,0,1.17,219.42633,2.2845,411.65,8665.01,2.59,2,-72,-0.368,17.51,17.57,04a60427o0598o
60427.23493,20.733,2.008,18,37,o,0,0.9,219.42633,2.2845,399.01,8771.73,2.58,1.88,-71.2,-0.361,18.03,18.34,04a60427o0622o
60428.41845,-23.801,19,-1,21,o,0,0.82,219.42633,2.2845,2171.42,4689.54,2.04,1.86,17.5,-0.463,19.12,19.77,02a60428o0412o
60428.42162,-21.018,1.489,-14,21,o,0,0.88,219.42633,2.2845,2194.14,4729.7,1.99,1.88,10.1,-0.468,19.09,19.77,02a60428o0419o
60428.42569,20.933,1.221,15,19,o,0,0.93,219.42633,2.2845,2138.36,4653.38,2.05,1.91,21,-0.464,19.06,19.76,02a60428o0428o
60428.44772,20.66,1.127,20,22,o,0,0.94,219.42633,2.2845,8407.09,5783.35,2.27,2.1,39.9,-0.432,19.04,19.69,02a60428o0474o
60429.02693,21.599,2.343,8,20,o,0,1.61,219.42633,2.2845,2172.73,4675.63,2.29,1.98,-58.9,-0.412,19.04,19.77,03a60429o0542o
60429.03011,21.639,2.734,8,22,o,0,0.96,219.42633,2.2845,2192.69,4715.03,2.29,1.99,-61.1,-0.404,19.01,19.75,03a60429o0549o
60429.03556,20.176,0.703,31,22,o,0,0.79,219.42633,2.2845,2138.83,4637.87,2.23,1.94,-60.9,-0.42,19.06,19.72,03a60429o0561o
60429.0457,20.055,0.638,34,22,o,0,1.33,219.42633,2.2845,2117.07,4753.67,2.35,2.04,-62.6,-0.413,18.92,19.66,03a60429o0583o
60432.42451,-17.481,0.809,-369,299,o,0,0.14,219.42633,2.2845,80.19,3821.18,2.18,1.92,-53.8,-0.394,19.41,20.58,02a60432o0418o
60432.4564,-17.077,0.443,-536,238,o,0,0.16,219.42633,2.2845,58.85,3785.23,2.13,1.95,-51.7,-0.416,19.43,20.58,02a60432o0485o
60432.45923,22.601,5.633,3,19,o,0,0.8,219.42633,2.2845,121.32,3864.51,2.14,1.91,-53.6,-0.416,19.45,20.59,02a60432o0491o
60432.46284,-20.666,0.987,-20,19,o,0,1.07,219.42633,2.2845,10217.48,3828.61,2.32,1.91,-61,-0.476,19.42,20.59,02a60432o0499o
60432.46465,-20,0.464,-36,17,o,0,0.89,219.42633,2.2845,144.79,3749.15,2.1,1.89,-53.5,-0.415,19.46,20.51,02a60432o0503o
60432.49831,21.778,3.038,7,22,o,0,1.04,219.42633,2.2845,10205.9,3793.41,2.42,1.97,-62.9,-0.458,19.35,20.37,02a60432o0575o
60432.50147,22.928,7.944,2,19,o,0,1.42,219.42633,2.2845,10265.98,3872.19,2.37,1.97,-62.9,-0.467,19.32,20.37,02a60432o0582o
60432.50679,20.544,0.782,22,17,o,0,1.28,219.42633,2.2845,10292.98,3761.16,2.3,1.9,-56.9,-0.483,19.28,20.29,02a60432o0593o
60432.9637,20.716,0.824,19,16,c,0,1.55,219.42633,2.2845,10365.47,6886.36,2.74,2.39,-51.2,-0.372,19.12,20.94,03a60433o0587c
60432.97609,20.374,0.644,26,17,c,0,1.76,219.42633,2.2845,10384.41,6926.83,2.83,2.44,-42.2,-0.365,19.43,21.26,03a60433o0612c
60432.98943,-18.652,2.074,-126,261,c,0,1.1,219.42633,2.2845,10325.47,6848.39,3.32,2.74,-55.2,-0.475,16.95,18.86,03a60433o0639c
60432.99275,20.38,1,26,26,c,0,1.06,219.42633,2.2845,10302.64,6964.58,2.84,2.48,-44.3,-0.362,18.99,20.72,03a60433o0645c
60433.00073,-20.956,1.62,-15,24,o,0,1.32,219.42633,2.2845,267.54,6657.14,2.67,2.46,-39.7,-0.367,19.07,20.32,03a60433o0650o
60433.00392,19.513,0.337,57,19,o,0,2.03,219.42633,2.2845,287.69,6696.99,2.81,2.54,-56,-0.384,18.72,19.98,03a60433o0657o
60433.02127,22.462,11.375,4,43,o,0,1.02,219.42633,2.2845,207.82,6735.1,3.43,3.15,-56.2,-0.321,18.37,19.71,03a60433o0695o
60435.25095,-17.582,1.034,-337,348,o,0,1.03,219.42633,2.2845,4088.75,2646.67,2.28,2.08,-17.2,-0.419,16.08,17.27,04a60435o0662o
60435.25379,-18.483,0.4,-147,59,o,0,1.36,219.42633,2.2845,4110.28,2683.95,2.28,2.16,-12.3,-0.463,17.64,18.8,04a60435o0668o
60435.28627,-19.27,1.153,-71,82,o,0,1.27,219.42633,2.2845,4060.41,2594.17,2.25,2.18,-3.1,-0.461,17.51,18.66,04a60435o0739o
60435.31464,-20.368,2.414,-26,62,o,0,1.15,219.42633,2.2845,4038.69,2707.23,2.25,2.06,-11.9,-0.47,18.16,19.2,04a60435o0800o
60436.44175,-21.288,1.435,-11,16,o,0,1.22,219.42633,2.2845,6240.5,2082.66,1.99,1.91,58.3,-0.435,19.29,20.23,02a60436o0450o
60436.44889,21.833,2.5,7,17,o,0,1.35,219.42633,2.2845,6222,2045.42,1.97,1.91,46,-0.433,19.32,20.24,02a60436o0465o
60436.47358,20.978,1.275,15,19,o,0,1.2,219.42633,2.2845,6282.42,2123.5,1.93,1.9,-87.5,-0.433,19.22,20.07,02a60436o0516o
60436.47674,-20.88,1.101,-16,18,o,0,0.87,219.42633,2.2845,6304.45,2008.83,1.95,1.91,-69.7,-0.433,19.27,20.14,02a60436o0523o
60436.95016,-21.197,1.338,-12,16,c,0,1.04,219.42633,2.2845,4204.28,8483.87,2.6,2.34,-41,-0.363,19.41,21.07,03a60437o0562c
60436.95336,-21.728,1.977,-7,15,c,0,1.28,219.42633,2.2845,4223.57,8523.34,2.65,2.37,-37,-0.357,19.41,21.06,03a60437o0569c
60436.95884,21.545,1.481,9,13,c,0,1.32,219.42633,2.2845,4168.11,8445.46,2.66,2.36,-43.7,-0.358,19.4,21.04,03a60437o0581c
60436.99296,24.725,37.5,0,18,c,0,1.32,219.42633,2.2845,4143.91,8562.63,3.21,2.67,-21.9,-0.346,19.15,20.87,03a60437o0654c
60439.23446,-20.561,0.964,-22,21,o,0,1.11,219.42633,2.2845,8467.51,4859.31,2.7,2.2,-26,-0.431,19,20.33,04a60439o0631o
60439.24009,21.1,1.388,13,18,o,0,1.6,219.42633,2.2845,8490.2,4895.38,2.51,2.19,-15.4,-0.437,19.24,20.42,04a60439o0643o
60439.24573,20.574,1,21,21,o,0,1.07,219.42633,2.2845,8433.09,4815.59,2.64,2.15,-18.3,-0.442,19.18,20.45,04a60439o0655o
60439.2753,-23.445,15.375,-2,23,o,0,1.13,219.42633,2.2845,8415.73,4920.83,2.66,2.37,-16.2,-0.42,19.03,20.3,04a60439o0718o
60443.13039,-17.694,4.194,-304,1274,o,0,0.94,219.42633,2.2845,8512.63,9583.87,2.21,1.93,-10.3,-0.484,14.63,15.92,04a60443o0411o
60443.13536,-18.376,5.531,-162,896,o,0,0.81,219.42633,2.2845,8552.65,9622.72,2.13,1.86,-17.2,-0.499,15.25,16.47,04a60443o0422o
60443.14081,-18.205,2.141,-190,406,o,0,1.67,219.42633,2.2845,8574.54,9504.34,2.23,1.96,-20.1,-0.494,16.06,17.3,04a60443o0434o
60444.78062,-21.309,3.02,-11,33,o,0,1.05,219.42633,2.2845,4506.03,6046.22,2.43,2.17,-52.7,-0.38,18.53,19.47,03a60445o0202o
60444.78245,-19.458,0.602,-60,36,o,0,1.14,219.42633,2.2845,4487.22,6007.45,2.43,2.14,-53.9,-0.387,18.56,19.42,03a60445o0206o
60444.78526,-20.584,2.191,-21,46,o,0,0.92,219.42633,2.2845,4542.11,6085.35,2.57,2.27,-51.1,-0.373,18.1,18.89,03a60445o0212o
60444.80838,-19.071,0.906,-85,77,o,0,0.87,219.42633,2.2845,4561.92,5965.16,2.47,2.14,-52.1,-0.377,17.42,18.1,03a60445o0261o
60447.15307,22.977,9.8,2,23,o,0,1.14,219.42633,2.2845,5988.03,2601.64,2.39,2.24,-17.3,-0.424,18.88,19.95,04a60447o0458o
60447.15599,-22.344,5.652,-4,24,o,0,1.27,219.42633,2.2845,6009.44,2636.29,2.58,2.47,-13.7,-0.421,18.81,19.95,04a60447o0464o
60447.17852,19.315,0.314,68,21,o,0,1.24,219.42633,2.2845,5966.18,2535.11,2.52,2.34,-15.4,-0.409,18.88,20.05,04a60447o0512o
60447.18399,20.073,0.519,34,18,o,0,2.03,219.42633,2.2845,5950.45,2647.25,2.59,2.47,-9.1,-0.401,18.88,20.09,04a60447o0524o
60448.55517,-17.345,0.324,-419,136,o,0,0.93,219.42633,2.2845,4425.48,4089.24,2.29,2.03,36,-0.433,17.03,18,02a60448o0167o
60448.5615,-18.148,0.378,-200,76,o,0,0.95,219.42633,2.2845,4484.81,4166.53,2.55,2.1,37.2,-0.413,17.27,18.19,02a60448o0181o
60448.83254,21.675,3.228,8,25,o,0,1.4,219.42633,2.2845,4447.75,4108.9,2.3,2.11,-51.5,-0.41,18.56,18.93,03a60449o0317o
60448.83488,20.798,1.496,17,26,o,0,1.08,219.42633,2.2845,4428.65,4069.52,2.3,2.12,-47.8,-0.414,18.56,18.94,03a60449o0322o
60448.83767,22.495,7.034,4,26,o,0,1.38,219.42633,2.2845,4484.81,4147.31,2.18,2.04,-47.6,-0.418,18.64,18.97,03a60449o0328o
60448.84788,19.695,0.507,48,24,o,0,1.4,219.42633,2.2845,4508.43,4030.59,2.29,2.15,-46.7,-0.424,18.72,19.22,03a60449o0349o
60454.41377,-21.029,2.185,-14,31,o,0,1.01,219.42633,2.2845,4056.11,923.3,2.42,2.17,48.6,-0.488,18.55,18.72,01a60454o0355o
60454.42363,-21.133,2.35,-13,30,o,0,0.8,219.42633,2.2845,4067.52,958.63,2.5,2.22,51.8,-0.472,18.56,18.81,01a60454o0375o
60454.42976,23.617,24.091,1,31,o,0,0.91,219.42633,2.2845,4006.55,879.78,2.39,2.17,52.4,-0.482,18.55,18.78,01a60454o0388o
60454.43613,20.221,0.953,30,28,o,0,1.26,219.42633,2.2845,3985.91,996.27,2.48,2.24,52.8,-0.477,18.52,18.72,01a60454o0401o
60456.38666,-21.3,1.867,-11,20,o,0,1.41,219.42633,2.2845,6420.56,5952.06,2.44,1.88,35.9,-0.432,19.09,19.76,02a60456o0320o
60456.38982,0,20.564,0,22,o,0,1.3,219.42633,2.2845,6403.07,5918.07,2.42,1.88,38.3,-0.427,19.05,19.75,02a60456o0327o
60456.40134,22.039,3.787,6,21,o,0,1.44,219.42633,2.2845,6468.71,5998.07,2.38,1.88,41.3,-0.432,19.08,19.75,02a60456o0352o
60456.41038,-22.07,3.795,-5,20,o,0,1.38,219.42633,2.2845,6490.33,5879.84,2.3,1.89,43.1,-0.439,19.08,19.97,02a60456o0371o
60456.90411,-19.907,0.443,-40,18,o,0,1.65,219.42633,2.2845,4112.36,4627.91,2.14,1.88,-53.7,-0.404,19.14,19.91,03a60457o0478o
60456.90693,-21.209,1.415,-12,17,o,0,1.15,219.42633,2.2845,4130.94,4666.36,2.2,1.9,-49,-0.406,19.12,19.91,03a60457o0484o
60456.91432,-21.455,1.835,-10,17,o,0,1.1,219.42633,2.2845,4075.15,4588.43,2.17,1.89,-53.3,-0.407,19.11,19.88,03a60457o0500o
60456.93299,-21.627,2.623,-8,21,o,0,0.88,219.42633,2.2845,4053.73,4707.11,2.23,1.93,-57.6,-0.404,19.06,19.83,03a60457o0540o
60458.39807,16.184,0.033,1220,40,o,0,1.51,219.42633,2.2845,2394.26,8604.93,2.71,2.39,63.8,-0.4,18.26,19.17,01a60458o0338o
60458.4013,16.06,0.023,1368,32,o,0,1.37,219.42633,2.2845,2410.69,8641.63,2.54,2.29,64.7,-0.422,18.75,19.6,01a60458o0345o
60458.40657,16.158,0.446,1249,557,o,0,0.59,219.42633,2.2845,2349.48,8563.21,2.65,2.38,64.3,-0.399,15.49,16.21,01a60458o0356o
60458.42731,16.176,0.033,1229,40,o,0,1.18,219.42633,2.2845,2320.47,8673.74,2.72,2.44,69.5,-0.411,18.48,19.23,01a60458o0399o
60459.14907,15.873,0.017,1624,28,o,0,2.96,219.42633,2.2845,2414.27,8579.79,2.28,1.81,-68.7,-0.433,18.95,19.94,04a60459o0387o
60459.27477,15.823,0.045,1701,76,o,0,1.35,219.42633,2.2845,2449.59,8579.92,2.31,1.94,-44.3,-0.365,17.53,18.07,04a60459o0411o
60459.27887,15.78,0.08,1771,142,o,0,1.34,219.42633,2.2845,2391.8,8503.71,2.39,1.94,-56.5,-0.408,16.58,16.76,04a60459o0420o
60459.28937,15.933,0.167,1538,257,o,0,0.66,219.42633,2.2845,2367.93,8623.39,2.43,1.98,-69.7,-0.432,16.27,16.58,04a60459o0443o
60460.39319,15.513,0.01,2263,23,o,0,6.2,219.42633,2.2845,4305.29,2177.01,1.94,1.88,61.1,-0.448,19.44,20.67,02a60460o0277o
60460.39601,15.546,0.009,2196,20,o,0,5.98,219.42633,2.2845,4286.26,2138.2,1.97,1.89,53.4,-0.447,19.46,20.58,02a60460o0283o
60460.40189,15.557,0.011,2173,24,o,0,3.38,219.42633,2.2845,4347.5,2218.03,1.99,1.91,54.7,-0.445,19.27,20.34,02a60460o0296o
60460.41722,15.523,0.01,2244,22,o,0,3.15,219.42633,2.2845,4373.02,2103.39,1.99,1.94,75.3,-0.444,19.36,20.5,02a60460o0329o
60462.36339,15.346,0.009,2641,24,o,0,2.7,219.42633,2.2845,2100.06,2791.07,2.51,2.31,37.1,-0.435,19.4,20.68,01a60462o0272o
60462.3667,15.363,0.009,2599,24,o,0,1.9,219.42633,2.2845,2116.08,2829.1,2.48,2.27,39.3,-0.438,19.48,20.74,01a60462o0279o
60462.37331,15.333,0.008,2672,21,o,0,3.45,219.42633,2.2845,2053.65,2749.47,2.57,2.31,50.2,-0.434,19.52,20.83,01a60462o0293o
60462.38759,15.353,0.008,2623,20,o,0,4.9,219.42633,2.2845,2027.59,2860.9,2.44,2.19,46.6,-0.441,19.56,20.77,01a60462o0323o
60463.13278,15.284,0.009,2795,24,c,0,8.47,219.42633,2.2845,2125.77,2779.69,2.32,2.06,50.2,-0.384,19.46,21.35,04a60463o0424c
60463.13596,15.314,0.009,2719,25,c,0,5.42,219.42633,2.2845,2145.49,2815.47,2.33,2.03,46.5,-0.392,19.5,21.39,04a60463o0431c
60463.14188,15.285,0.009,2792,25,c,0,7.84,219.42633,2.2845,2090.31,2731.42,2.38,2.08,40.3,-0.38,19.38,21.27,04a60463o0444c
60463.15251,15.309,0.009,2733,24,c,0,10.43,219.42633,2.2845,2078.98,2838.96,2.36,2.03,44.9,-0.388,19.48,21.35,04a60463o0467c
60464.36725,15.196,0.007,3032,23,o,0,11.68,219.42633,2.2845,2045.01,3722.56,2.08,1.9,37.3,-0.456,19.54,20.84,02a60464o0281o
60464.37008,15.228,0.008,2943,24,o,0,10.21,219.42633,2.2845,2029.61,3685.73,2.11,1.94,36.2,-0.453,19.53,20.8,02a60464o0287o
60464.37748,15.192,0.008,3042,24,o,0,6.64,219.42633,2.2845,2093.11,3768.53,2.11,1.91,38.4,-0.448,19.56,20.81,02a60464o0303o
60464.38912,15.191,0.007,3046,22,o,0,17.46,219.42633,2.2845,2114.86,3649.53,2.1,1.92,43.4,-0.448,19.54,20.85,02a60464o0328o
60466.36188,15.223,0.008,2956,23,o,0,4.84,219.42633,2.2845,8321.2,2951.58,2.46,2.27,33.5,-0.439,19.55,20.85,01a60466o0264o
60466.3647,15.21,0.008,2992,24,o,0,2.48,219.42633,2.2845,8340.38,2989.98,2.37,2.31,37.6,-0.447,19.56,20.84,01a60466o0270o
60466.37091,15.233,0.008,2929,24,o,0,4.1,219.42633,2.2845,8279.09,2910.64,2.32,2.2,39.8,-0.453,19.58,20.82,01a60466o0283o
60466.38151,15.206,0.008,3004,25,o,0,3.36,219.42633,2.2845,8252.65,3024.28,2.38,2.24,42.8,-0.442,19.55,20.8,01a60466o0305o
60468.36287,15.238,0.009,2917,25,o,0,8.28,219.42633,2.2845,6331.6,4015.26,2.26,1.9,39.7,-0.429,19.33,20.47,02a60468o0264o
60468.36614,15.236,0.01,2921,28,o,0,4.29,219.42633,2.2845,6313.24,3980.16,2.15,1.85,40.8,-0.435,19.19,20.23,02a60468o0271o
60468.37503,15.206,0.009,3004,28,o,0,4.92,219.42633,2.2845,6374.7,4056.88,2.21,1.87,40.7,-0.431,19.19,20.3,02a60468o0290o
60468.39294,15.23,0.009,2938,27,o,0,6.67,219.42633,2.2845,6404.83,3947.74,2.27,1.98,42.3,-0.423,19.16,20.27,02a60468o0329o
60469.35186,15.29,0.008,2779,22,o,0,4.79,219.42633,2.2845,8527.7,6825.38,2.47,2.36,45.8,-0.443,19.59,20.88,01a60469o0241o
60469.3551,15.274,0.008,2821,22,o,0,4.02,219.42633,2.2845,8544.14,6862.07,2.44,2.35,43.9,-0.443,19.62,20.88,01a60469o0248o
60469.36025,15.253,0.008,2876,24,o,0,2.59,219.42633,2.2845,8483.27,6785.34,2.52,2.38,53.9,-0.437,19.56,20.86,01a60469o0259o
60469.37764,15.285,0.008,2792,23,o,0,4.49,219.42633,2.2845,8456.74,6895.36,2.58,2.44,64.6,-0.435,19.54,20.84,01a60469o0296o
60470.36544,15.282,0.009,2801,24,o,0,239.08,219.42633,2.2845,7936.37,700.59,2.26,2.22,-41.1,-0.479,19.64,21.04,01a60470o0139o
60470.3703,15.292,0.008,2774,22,o,0,3.55,219.42633,2.2845,7954.51,738.83,2.42,2.37,-70.2,-0.461,19.58,21.03,01a60470o0149o
60470.37556,15.272,0.008,2826,22,o,0,4.13,219.42633,2.2845,7892.95,659.8,2.43,2.35,-49,-0.465,19.6,21.03,01a60470o0160o
60470.39146,15.272,0.008,2827,22,o,0,4.98,219.42633,2.2845,7862.73,775.75,2.41,2.27,-61,-0.471,19.58,20.95,01a60470o0193o
60472.39795,15.271,0.009,2828,24,o,0,3.73,219.42633,2.2845,4551.84,9745.57,2.41,2.27,46.4,-0.396,19.43,20.74,02a60472o0008o
60472.40112,15.27,0.01,2830,29,o,0,2.32,219.42633,2.2845,4532.28,9706.82,2.52,2.41,41.3,-0.392,19.36,20.71,02a60472o0015o
60472.40952,15.276,0.01,2817,27,o,0,2.56,219.42633,2.2845,4595.37,9786.59,2.23,2.16,53.5,-0.41,19.45,20.68,02a60472o0033o
60472.42023,15.278,0.01,2812,27,o,0,1.73,219.42633,2.2845,4619.79,9669.17,2.39,2.36,47.9,-0.406,19.36,20.61,02a60472o0056o
60474.33649,15.258,0.008,2863,24,o,0,5.79,219.42633,2.2845,10279.68,2832.88,2.36,2.14,-43.1,-0.412,19.51,20.63,01a60474o0210o
60474.33972,15.275,0.008,2820,24,o,0,4.52,219.42633,2.2845,10298.48,2871.03,2.42,2.2,-51.2,-0.406,19.51,20.63,01a60474o0217o
60474.34484,15.264,0.009,2848,24,o,0,3.19,219.42633,2.2845,10237.2,2792.48,2.46,2.25,-47.8,-0.406,19.47,20.62,01a60474o0227o
60474.34921,15.271,0.008,2829,23,o,0,1.9,219.42633,2.2845,133.37,2885.56,2.35,2.15,39.6,-0.38,19.51,20.66,01a60474o0236o
60474.35252,15.271,0.008,2830,21,o,0,3.69,219.42633,2.2845,149.96,2923.18,2.43,2.22,47.3,-0.388,19.47,20.67,01a60474o0243o
60474.35918,15.258,0.008,2864,23,o,0,5.76,219.42633,2.2845,10209.11,2905.99,2.38,2.18,-48.2,-0.412,19.46,20.61,01a60474o0257o
60474.36019,15.266,0.008,2841,22,o,0,2.2,219.42633,2.2845,86.79,2842.63,2.46,2.25,37.7,-0.368,19.46,20.65,01a60474o0259o
60474.38153,15.272,0.009,2826,25,o,0,2.25,219.42633,2.2845,58.02,2954.04,2.44,2.29,55.9,-0.374,19.47,20.64,01a60474o0302o
60476.31512,-17.052,0.147,-548,80,o,0,44.47,219.42633,2.2845,31.39,1904.41,2.37,2.1,-40.3,-0.416,19.12,20.02,02a60476o0147o
60476.32003,15.221,0.009,2962,28,o,0,2.62,219.42633,2.2845,10148.53,1872.4,2.68,2.06,-43.8,-0.464,19.14,20.13,02a60476o0157o
60476.32311,15.222,0.01,2959,30,o,0,1.97,219.42633,2.2845,10127.42,1829.86,2.77,2.07,-59,-0.452,19.09,20.13,02a60476o0162o
60476.32531,15.271,0.012,2828,33,o,0,5.57,219.42633,2.2845,50.74,1792.27,2.24,2.02,-64.4,-0.443,19.18,20.08,02a60476o0166o
60476.32831,15.253,0.01,2875,30,o,0,2.18,219.42633,2.2845,10189.34,1909.44,2.62,1.89,-63.4,-0.477,19.15,20.16,02a60476o0171o
60476.33856,15.233,0.01,2930,29,o,0,2.32,219.42633,2.2845,10214.76,1797.03,2.64,2.04,-57,-0.493,19.16,20.16,02a60476o0190o
60476.79082,15.337,0.02,2662,52,o,0,2.39,219.42633,2.2845,10226.17,1991.55,2.29,2.02,-54.8,-0.393,18.69,19.34,03a60477o0238o
60476.79355,15.398,0.034,2517,86,o,0,2.24,219.42633,2.2845,10207.4,1951.92,2.35,2.05,-59.5,-0.446,18.23,18.91,03a60477o0244o
60476.79673,15.252,0.017,2880,49,o,0,2.84,219.42633,2.2845,10264.57,2030.42,2.28,1.96,-60,-0.42,18.75,19.34,03a60477o0251o
60476.80217,15.196,0.017,3032,51,o,0,3.27,219.42633,2.2845,10290.16,1914.06,2.3,1.98,-61.5,-0.437,18.75,19.45,03a60477o0263o
60476.82194,15.255,0.023,2871,66,o,0,2.27,219.42633,2.2845,10431.94,8834.05,2.81,2.07,-52.7,-0.516,18.63,19.23,03a60477o0306o
60476.82511,15.45,0.026,2398,62,o,0,2.28,219.42633,2.2845,10448.99,8873.73,2.9,2.11,-52.1,-0.486,18.44,19.06,03a60477o0313o
60476.83403,15.459,0.023,2378,56,o,0,1.72,219.42633,2.2845,10392.18,8797.52,2.85,2.31,-47.8,-0.509,18.55,19.19,03a60477o0332o
60476.86889,15.535,0.023,2219,51,o,0,3.75,219.42633,2.2845,10370.87,8919.99,2.74,2.09,-39.8,-0.405,18.6,19.18,03a60477o0406o
60482.34131,15.271,0.012,2828,33,o,0,2.62,219.42633,2.2845,10468.66,6715.42,3.41,2.76,-12,-0.409,18.58,19.2,01a60482o0218o
60482.34466,15.272,0.013,2826,36,o,0,1.17,219.42633,2.2845,10487.62,6753.61,3.39,2.8,-12.1,-0.39,18.57,19.18,01a60482o0225o
60482.34702,15.232,0.012,2933,35,o,0,1.84,219.42633,2.2845,335.22,6769.59,3.26,2.53,6.1,-0.412,18.51,19.1,01a60482o0230o
60482.35494,15.235,0.012,2925,34,o,0,1.64,219.42633,2.2845,10423.3,6675.54,2.94,2.6,-51.3,-0.416,18.65,19.15,01a60482o0246o
60482.36359,15.246,0.011,2896,33,o,0,2.22,219.42633,2.2845,10399.33,6792.49,2.74,2.43,-55.4,-0.439,18.68,19.12,01a60482o0264o
60482.36737,15.284,0.013,2796,36,o,0,1.14,219.42633,2.2845,347.82,6804.72,2.64,2.52,56.9,-0.414,18.64,19.08,01a60482o0272o
60482.37027,15.264,0.012,2847,33,o,0,1.32,219.42633,2.2845,287.88,6725.55,2.65,2.57,50,-0.414,18.63,19.06,01a60482o0278o
60482.37784,15.23,0.012,2937,35,o,0,1.39,219.42633,2.2845,262.14,6840.4,2.58,2.52,76.2,-0.418,18.6,19.01,01a60482o0294o
60484.36313,15.244,0.011,2900,32,o,0,1.96,219.42633,2.2845,6536.31,7896.91,2.55,2.45,49.2,-0.427,18.71,19.65,02a60484o0265o
60484.36629,15.215,0.01,2977,31,o,0,1.84,219.42633,2.2845,6517.63,7858.31,2.48,2.31,44.1,-0.419,18.78,19.57,02a60484o0272o
60484.37262,15.272,0.012,2826,35,o,0,2.59,219.42633,2.2845,6578.44,7936.42,2.58,2.41,43.2,-0.42,18.75,19.44,02a60484o0286o
60484.38586,15.266,0.012,2842,33,o,0,2.07,219.42633,2.2845,6604.46,7821.7,2.47,2.25,42.1,-0.42,18.77,19.36,02a60484o0315o
60484.85218,15.288,0.016,2784,43,o,0,1.62,219.42633,2.2845,4051.81,2696.18,3.36,2.6,-11.5,-0.352,18.11,18.78,03a60485o0369o
60484.85554,15.285,0.015,2793,42,o,0,1.5,219.42633,2.2845,4071.54,2735.9,3.6,2.53,-7.4,-0.365,18.05,18.74,03a60485o0376o
60484.86104,15.254,0.016,2873,46,o,0,1.51,219.42633,2.2845,4016.49,2657.29,3.48,2.53,-7,-0.348,18.1,18.71,03a60485o0388o
60484.87259,15.278,0.018,2811,51,o,0,1.15,219.42633,2.2845,3994.57,2773.81,3.52,2.84,-10.1,-0.349,18,18.68,03a60485o0413o
60486.34539,15.263,0.008,2850,23,o,0,2.58,219.42633,2.2845,4330.19,8489.86,2.59,2.42,54.9,-0.401,19.37,20.38,01a60486o0225o
60486.35072,15.273,0.008,2824,24,o,0,2.11,219.42633,2.2845,4347.58,8526.22,2.65,2.48,54.6,-0.393,19.3,20.29,01a60486o0236o
60486.36091,15.275,0.009,2818,26,o,0,1.67,219.42633,2.2845,4284.28,8447.59,2.65,2.37,57.3,-0.386,19.27,20.18,01a60486o0257o
60486.36538,15.231,0.008,2934,23,o,0,3.66,219.42633,2.2845,4260.98,8563.18,2.51,2.37,61.3,-0.405,19.29,20.14,01a60486o0266o
60487.14003,15.252,0.011,2880,32,o,0,3.71,219.42633,2.2845,4386.15,8436.72,2.75,2.35,-71,-0.423,18.79,19.95,04a60487o0145o
60487.14323,15.301,0.01,2751,28,o,0,4.97,219.42633,2.2845,4406.81,8475.18,2.95,2.41,-74.6,-0.387,18.76,19.95,04a60487o0152o
60487.14924,15.367,0.013,2589,35,o,0,2.16,219.42633,2.2845,4349.31,8396.36,3.83,3.27,-76.6,-0.35,18.44,19.91,04a60487o0165o
60487.16018,15.358,0.015,2610,39,o,0,2.1,219.42633,2.2845,4327.37,8511.65,4.68,4.15,-73,-0.271,18.21,19.78,04a60487o0189o
60488.32962,15.249,0.008,2886,23,o,0,9.19,219.42633,2.2845,2142.77,5659.17,2.15,1.92,41.7,-0.44,19.54,20.89,02a60488o0186o
60488.3518,15.256,0.008,2868,23,o,0,6.94,219.42633,2.2845,2130.52,5624.23,2.08,1.95,45.2,-0.446,19.51,20.81,02a60488o0232o
60488.35496,15.241,0.009,2909,25,o,0,4.95,219.42633,2.2845,2190.17,5701.72,2.22,1.98,41.5,-0.439,19.48,20.81,02a60488o0239o
60488.36599,15.239,0.008,2913,24,o,0,7.3,219.42633,2.2845,2216.86,5588.16,2.25,2.01,39,-0.438,19.49,20.83,02a60488o0262o
60488.84933,15.613,0.011,2064,22,c,0,2.06,219.42633,2.2845,8373.41,5020.07,2.5,2.16,-45.1,-0.39,19.52,21.52,03a60489o0350c
60488.85453,15.592,0.011,2106,23,c,0,1.99,219.42633,2.2845,8390.89,5057.74,2.46,2.13,-56,-0.393,19.55,21.5,03a60489o0361c
60488.85775,15.599,0.01,2092,21,c,0,3.32,219.42633,2.2845,8336.8,4981.22,2.65,2.26,-49.3,-0.387,19.48,21.5,03a60489o0368c
60488.86808,15.604,0.012,2081,24,c,0,1.83,219.42633,2.2845,8314.64,5096.34,2.76,2.31,-47.7,-0.378,19.41,21.46,03a60489o0390c
60491.07011,15.15,0.009,3161,29,o,0,13.73,219.42633,2.2845,8647.29,8753.48,2.41,2.03,-14.5,-0.394,19.42,20.88,04a60491o0285o
60491.07328,15.196,0.009,3032,28,o,0,14.16,219.42633,2.2845,8669.22,8790.26,2.38,2.01,-9.1,-0.393,19.41,20.87,04a60491o0292o
60491.08189,15.164,0.01,3121,31,o,0,11.09,219.42633,2.2845,8614.45,8706.53,2.34,1.86,-9.9,-0.396,19.42,20.78,04a60491o0311o
60491.09323,15.1,0.009,3312,31,o,0,16.54,219.42633,2.2845,8598.23,8817.22,2.42,2.04,-17,-0.434,19.37,20.69,04a60491o0336o
60492.38161,15.257,0.009,2865,27,o,0,4.43,219.42633,2.2845,8460.89,9570.82,2.22,2.16,-59.2,-0.444,19.43,20.68,02a60492o0005o
60492.38478,15.291,0.009,2778,26,o,0,7.09,219.42633,2.2845,8440.31,9532.26,2.18,2.1,-50,-0.446,19.49,20.67,02a60492o0012o
60492.39211,15.268,0.009,2837,26,o,0,5.75,219.42633,2.2845,8501.73,9612.4,2.3,2.02,-49.6,-0.441,19.45,20.61,02a60492o0028o
60492.40269,15.277,0.009,2813,26,o,0,4.37,219.42633,2.2845,8523.2,9494.9,2.27,2.04,-52.1,-0.448,19.47,20.56,02a60492o0051o
60492.82005,15.646,0.011,2003,22,c,0,2.21,219.42633,2.2845,2196.32,994.7,2.61,2.47,-65.2,-0.384,19.53,21.59,03a60493o0286c
60492.82285,15.63,0.01,2033,21,c,0,2.09,219.42633,2.2845,2216.01,1035.23,2.75,2.58,-71.7,-0.378,19.47,21.56,03a60493o0292c
60492.82888,15.645,0.011,2005,22,c,0,1.6,219.42633,2.2845,2157.25,955.27,2.68,2.51,-70.6,-0.381,19.53,21.56,03a60493o0305c
60492.83919,15.64,0.011,2013,23,c,0,2.42,219.42633,2.2845,2136.61,1073.37,2.6,2.47,-67.7,-0.384,19.55,21.57,03a60493o0327c
60494.29464,15.307,0.008,2737,22,o,0,3.4,219.42633,2.2845,6065.18,4507.65,2.55,2.19,36.9,-0.417,19.59,20.82,01a60494o0114o
60494.30069,15.307,0.009,2737,24,o,0,3.54,219.42633,2.2845,6083.63,4544.04,2.45,2.17,40.7,-0.419,19.6,20.82,01a60494o0126o
60494.30351,15.276,0.008,2816,22,o,0,5.15,219.42633,2.2845,6022.45,4468.34,2.54,2.17,35.9,-0.42,19.59,20.8,01a60494o0132o
60494.31477,15.306,0.009,2738,24,o,0,3.81,219.42633,2.2845,5997.05,4581.07,2.47,2.17,42.5,-0.421,19.57,20.78,01a60494o0156o
60495.07426,15.307,0.012,2737,34,o,0,4.52,219.42633,2.2845,6112.01,4491.22,2.37,2.11,-31.4,-0.42,18.83,20.35,04a60495o0292o
60495.08158,15.284,0.01,2794,27,o,0,8.93,219.42633,2.2845,6135.08,4525.34,2.29,2.02,-31,-0.419,19.14,20.64,04a60495o0308o
60495.08474,15.3,0.011,2755,29,o,0,8.34,219.42633,2.2845,6077.96,4446.23,2.3,2.01,-34.7,-0.434,19.08,20.63,04a60495o0315o
60495.1066,15.316,0.011,2714,30,o,0,3.09,219.42633,2.2845,6063.07,4552.51,2.68,2.42,-39.5,-0.391,18.94,20.6,04a60495o0363o
60496.32568,15.3,0.009,2755,26,o,0,2.08,219.42633,2.2845,4594.37,7982.76,2.59,2.36,39.8,-0.41,19.36,20.84,02a60496o0183o
60496.32884,15.281,0.01,2804,27,o,0,1.66,219.42633,2.2845,4575.68,7945.22,2.71,2.51,42.1,-0.414,19.29,20.84,02a60496o0190o
60496.33428,15.303,0.008,2747,23,o,0,3.94,219.42633,2.2845,4635.42,8023.53,2.79,2.58,50.9,-0.402,19.22,20.78,02a60496o0202o
60496.35398,15.307,0.009,2738,24,o,0,2.68,219.42633,2.2845,4666.3,7911.24,2.74,2.61,46.7,-0.414,19.22,20.73,02a60496o0245o
60496.78499,15.685,0.011,1933,21,c,0,1.92,219.42633,2.2845,5986.23,2642.75,2.67,2.38,-53.7,-0.399,19.59,21.67,03a60497o0215c
60496.79561,15.618,0.01,2055,21,c,0,2.63,219.42633,2.2845,6006.06,2684.1,2.59,2.33,-53.4,-0.453,19.63,21.68,03a60497o0238c
60496.79877,15.704,0.011,1898,20,c,0,2.62,219.42633,2.2845,5950.18,2606.26,2.55,2.3,-53.1,-0.398,19.65,21.66,03a60497o0245c
60496.80463,15.664,0.01,1970,21,c,0,2.18,219.42633,2.2845,5926.44,2721.16,2.46,2.26,-54.8,-0.397,19.65,21.67,03a60497o0258c
60498.29374,15.315,0.008,2715,22,o,0,3.37,219.42633,2.2845,6168.46,6444.73,2.42,2.2,41.8,-0.41,19.68,20.92,01a60498o0116o
60498.2967,15.293,0.008,2771,23,o,0,3.32,219.42633,2.2845,6187.54,6482.14,2.43,2.21,40.8,-0.406,19.67,20.94,01a60498o0122o
60498.30497,15.323,0.008,2697,21,o,0,4.92,219.42633,2.2845,6125.6,6403.48,2.39,2.18,46.2,-0.414,19.62,20.93,01a60498o0139o
60498.32491,15.316,0.008,2714,22,o,0,3.68,219.42633,2.2845,6094.75,6515.87,2.62,2.24,47.2,-0.385,19.57,20.87,01a60498o0180o
60499.06177,15.275,0.009,2818,24,o,0,29.15,219.42633,2.2845,6210.09,6422.19,2.1,1.81,-25,-0.433,19.46,20.91,04a60499o0263o
60499.06494,15.278,0.01,2811,28,o,0,10.62,219.42633,2.2845,6231.58,6458.68,2.04,1.79,-24,-0.428,19.45,20.92,04a60499o0270o
60499.07175,15.282,0.009,2801,25,o,0,19.25,219.42633,2.2845,6176.4,6377,2.07,1.77,-28.5,-0.425,19.47,20.93,04a60499o0285o
60499.08175,15.268,0.009,2837,26,o,0,12.72,219.42633,2.2845,6158.79,6487.65,2.14,1.83,-32.9,-0.422,19.44,20.93,04a60499o0307o
60500.30049,15.304,0.01,2745,28,o,0,6.87,219.42633,2.2845,641.61,9952.08,2.59,1.99,-56.7,-0.454,19.48,20.94,02a60500o0126o
60500.30366,15.295,0.009,2767,26,o,0,8.62,219.42633,2.2845,625.46,9913.17,2.56,2.03,-55.1,-0.446,19.47,20.92,02a60500o0133o
60500.30954,15.328,0.009,2684,25,o,0,9.92,219.42633,2.2845,685.85,9992.1,2.5,2.01,-56.3,-0.436,19.48,20.88,02a60500o0146o
60500.32353,15.283,0.01,2797,28,o,0,5.16,219.42633,2.2845,709.69,9876.1,2.51,2.04,-55.5,-0.453,19.42,20.8,02a60500o0176o
60502.26854,15.315,0.008,2715,22,o,0,4.6,219.42633,2.2845,10373.66,4775.15,2.65,2.33,-53.8,-0.409,19.53,20.75,01a60502o0053o
60502.27178,15.306,0.008,2739,23,o,0,5.38,219.42633,2.2845,10392.24,4813.15,2.79,2.46,-49.1,-0.391,19.47,20.76,01a60502o0060o
60502.28528,15.307,0.008,2737,21,o,0,4.79,219.42633,2.2845,10326.2,4731.98,3.05,2.74,-28.7,-0.372,19.36,20.75,01a60502o0088o
60502.28964,15.325,0.008,2691,21,o,0,3.48,219.42633,2.2845,235.77,4826.21,2.59,2.44,39,-0.383,19.48,20.81,01a60502o0097o
60502.29056,15.319,0.008,2706,23,o,0,2.57,219.42633,2.2845,10302.64,4848.8,3.02,2.58,-60.4,-0.381,19.4,20.75,01a60502o0099o
60502.29248,15.34,0.008,2655,21,o,0,3.96,219.42633,2.2845,254.86,4864.56,3.22,2.81,7.2,-0.356,19.29,20.8,01a60502o0103o
60502.2986,15.347,0.008,2637,22,o,0,2.14,219.42633,2.2845,192.74,4785.27,2.62,2.5,33.5,-0.385,19.46,20.8,01a60502o0116o
60502.32207,15.325,0.008,2691,22,o,0,1.91,219.42633,2.2845,158.95,4895.33,2.48,2.38,74.1,-0.395,19.52,20.83,01a60502o0165o
60503.01486,15.046,0.011,3481,38,o,0,9.14,219.42633,2.2845,10397.06,4791.19,2.85,2.25,-8.4,-0.411,19.18,20.31,04a60503o0156o
60503.01849,15.315,0.012,2716,32,o,0,6.69,219.42633,2.2845,10419.88,4826.51,2.88,2.27,-11.7,-0.411,19.14,20.33,04a60503o0164o
60503.02529,14.952,0.011,3794,42,o,0,12.88,219.42633,2.2845,10363.8,4743.08,2.79,2.15,-6.5,-0.422,19.18,20.29,04a60503o0179o
60503.02847,15.266,0.01,2841,28,o,0,2.89,219.42633,2.2845,275.06,4811.66,2.55,1.97,58.5,-0.411,19.23,20.34,04a60503o0186o
60503.03163,15.298,0.009,2759,25,o,0,3.29,219.42633,2.2845,297.7,4847.65,2.4,1.99,58.2,-0.369,19.15,20.34,04a60503o0193o
60503.03526,15.001,0.011,3626,41,o,0,9.64,219.42633,2.2845,10349.15,4852.53,2.76,2.14,-7.5,-0.422,19.18,20.3,04a60503o0201o
60503.03752,15.32,0.01,2704,26,o,0,4.05,219.42633,2.2845,242.1,4764.26,2.4,1.94,61.7,-0.367,19.23,20.32,04a60503o0206o
60503.04749,15.322,0.01,2699,28,o,0,3.04,219.42633,2.2845,226.77,4872.34,2.47,2.05,63.7,-0.363,19.19,20.4,04a60503o0228o
60506.26332,15.336,0.011,2664,29,o,0,1.66,219.42633,2.2845,4134.96,4615.51,2.93,2.47,24.5,-0.4,18.78,19.4,01a60506o0055o
60506.29812,15.362,0.012,2601,31,o,0,1.05,219.42633,2.2845,4138.35,4644.7,2.66,2.43,49.6,-0.42,18.84,19.4,01a60506o0127o
60506.31277,15.342,0.011,2650,30,o,0,1.4,219.42633,2.2845,4070.16,4567.01,2.63,2.44,51.8,-0.421,18.86,19.44,01a60506o0156o
60506.33754,15.353,0.011,2622,28,o,0,1.88,219.42633,2.2845,4038.55,4679.66,2.48,2.22,51.7,-0.426,18.93,19.34,01a60506o0206o
60507.03131,15.323,0.011,2696,29,o,0,5.41,219.42633,2.2845,4172.1,4600.71,2,1.93,-42.1,-0.428,18.53,18.94,04a60507o0169o
60507.03493,15.355,0.013,2619,34,o,0,3.48,219.42633,2.2845,4193.92,4635.99,2.13,1.98,-46.1,-0.422,18.49,18.93,04a60507o0177o
60507.04648,15.327,0.013,2686,36,o,0,3.72,219.42633,2.2845,4141.85,4551.22,2.12,1.97,-46.2,-0.422,18.49,18.92,04a60507o0202o
60507.05642,15.367,0.013,2590,34,o,0,3.71,219.42633,2.2845,4123.82,4660.77,2.07,1.91,-54.5,-0.419,18.48,18.91,04a60507o0224o
60508.32082,15.33,0.013,2680,34,o,0,1.49,219.42633,2.2845,8212.24,1979.7,3.22,2.85,-56.8,-0.382,18.53,19.46,02a60508o0175o
60508.32385,15.317,0.013,2710,34,o,0,1.7,219.42633,2.2845,8195.49,1941.56,3.14,2.75,-55.8,-0.393,18.59,19.44,02a60508o0181o
60508.32929,15.377,0.015,2565,37,o,0,1.88,219.42633,2.2845,8256,2019.56,3.07,2.68,-55.6,-0.416,18.62,19.42,02a60508o0193o
60508.34542,15.353,0.014,2622,38,o,0,1.57,219.42633,2.2845,8280.77,1904.96,3.35,2.94,-56.7,-0.394,18.34,19.27,02a60508o0228o
60510.30715,15.358,0.012,2611,32,o,0,2.01,219.42633,2.2845,6255.02,8372.96,3.08,2.62,51.2,-0.393,18.78,19.45,01a60510o0019o
60510.31085,15.323,0.011,2696,29,o,0,2.13,219.42633,2.2845,6273.41,8410.13,2.96,2.76,76.8,-0.421,18.72,19.43,01a60510o0027o
60510.31778,15.375,0.013,2572,33,o,0,1.36,219.42633,2.2845,6209.76,8330.74,2.94,2.86,42.2,-0.417,18.72,19.4,01a60510o0042o
60510.32825,15.366,0.012,2591,31,o,0,1.41,219.42633,2.2845,6188.22,8446.97,2.58,2.39,67,-0.421,18.86,19.36,01a60510o0064o
60512.83241,15.341,0.016,2653,44,o,0,1.05,219.42633,2.2845,2109.26,2732.64,2.48,2.16,-60.3,-0.393,18.43,19,03a60513o0228o
60512.83604,15.361,0.014,2605,36,o,0,1.7,219.42633,2.2845,2126.48,2771.93,2.51,2.2,-58.4,-0.39,18.4,19,03a60513o0236o
60512.846,15.353,0.014,2622,38,o,0,1.88,219.42633,2.2845,2069.12,2693.58,2.43,2.13,-58.3,-0.406,18.42,18.93,03a60513o0258o
60512.85146,15.389,0.016,2536,41,o,0,1.69,219.42633,2.2845,2050.28,2809.98,2.47,2.2,-54.4,-0.399,18.38,18.89,03a60513o0270o
60514.33802,15.38,0.014,2559,36,o,0,1.2,219.42633,2.2845,8468.68,6812.86,3.66,3.44,-60.9,-0.373,18.46,19.39,01a60514o0179o
60514.34134,15.399,0.013,2514,32,o,0,1.52,219.42633,2.2845,8485.51,6851.51,3.43,3.23,-70.8,-0.357,18.49,19.36,01a60514o0186o
60514.34841,15.319,0.012,2706,33,o,0,2.83,219.42633,2.2845,8422.7,6774.31,3.19,3.1,-87.4,-0.371,18.54,19.31,01a60514o0201o
60514.35889,15.418,0.013,2470,33,o,0,1.9,219.42633,2.2845,8398.72,6892.37,3.5,3.32,-60.3,-0.354,18.4,19.2,01a60514o0223o
60515.03293,15.389,0.012,2538,31,o,0,4.65,219.42633,2.2845,8569.63,6797.65,2.77,2.34,-26.6,-0.411,18.88,20.16,04a60515o0187o
60515.03839,15.378,0.013,2564,32,o,0,3.31,219.42633,2.2845,8587.7,6834.19,2.77,2.38,-26,-0.395,18.81,20.02,04a60515o0199o
60515.06155,15.386,0.013,2546,34,o,0,3.37,219.42633,2.2845,8515.24,6865.05,2.85,2.46,-29,-0.391,18.62,19.57,04a60515o0250o
60516.32074,15.396,0.15,2521,377,o,0,1.12,219.42633,2.2845,2262.75,7606.28,2.19,2.08,69.5,-0.428,15.62,16.57,02a60516o0176o
60516.8009,15.378,0.01,2562,26,o,0,4.04,219.42633,2.2845,8303.34,3063.93,2.49,2.21,-35.2,-0.414,19.32,20.87,03a60517o0236o
60516.80409,15.381,0.009,2556,24,o,0,4.89,219.42633,2.2845,8324.68,3103.08,2.61,2.3,-53.5,-0.435,19.26,20.89,03a60517o0243o
60516.80959,15.387,0.01,2543,25,o,0,3.66,219.42633,2.2845,8271.23,3025.59,2.53,2.11,-56,-0.417,19.35,20.86,03a60517o0255o
60516.82107,14.496,0.004,5778,24,o,0,1107.07,219.42633,2.2845,8247.36,3139.35,2.95,2.55,-35.1,-0.401,19.09,20.75,03a60517o0280o
60518.25866,15.396,0.009,2520,23,o,0,2.46,219.42633,2.2845,4227.37,6543.94,2.57,2.32,52.8,-0.409,19.5,20.76,01a60518o0042o
60518.26394,15.382,0.009,2554,22,o,0,2.4,219.42633,2.2845,4244.3,6581.23,2.51,2.21,53.2,-0.414,19.54,20.79,01a60518o0053o
60518.26809,15.377,0.008,2566,21,o,0,3.71,219.42633,2.2845,4183.61,6503.51,2.46,2.19,45.3,-0.418,19.57,20.79,01a60518o0062o
60518.27826,15.374,0.01,2573,25,o,0,2.48,219.42633,2.2845,4157.21,6617.32,2.43,2.16,51.2,-0.416,19.57,20.75,01a60518o0083o
60519.04124,15.906,0.013,1576,21,c,0,2.42,219.42633,2.2845,4283.65,6507.42,2.35,2.01,-65.7,-0.365,19.43,21.16,04a60519o0201c
60519.04439,15.904,0.012,1579,19,c,0,2.95,219.42633,2.2845,4304.57,6544.24,2.2,1.96,-67.3,-0.376,19.42,21.14,04a60519o0208c
60519.0499,15.875,0.013,1622,21,c,0,2.16,219.42633,2.2845,4247.27,6465.47,2.38,2.03,-62.7,-0.364,19.38,21.14,04a60519o0220c
60519.06184,15.873,0.013,1624,22,c,0,1.76,219.42633,2.2845,4226.64,6577.89,2.38,2.11,-64.1,-0.37,19.35,21.08,04a60519o0246c
60520.26532,15.401,0.011,2508,27,o,0,3.06,219.42633,2.2845,2617.69,9845.89,2.73,2.16,-61.3,-0.451,19.14,20.18,02a60520o0057o
60520.26849,15.386,0.013,2546,32,o,0,1.49,219.42633,2.2845,2598.42,9806.45,2.92,2.31,-60.4,-0.436,19.07,20.17,02a60520o0064o
60520.27865,15.376,0.01,2569,26,o,0,3.31,219.42633,2.2845,2660.94,9887.43,2.66,2.12,-57.1,-0.446,19.15,20.16,02a60520o0086o
60520.28749,15.394,0.012,2525,29,o,0,2.37,219.42633,2.2845,2685.63,9770.83,2.69,2.14,-52.9,-0.452,19.13,20.16,02a60520o0105o
60524.25538,15.39,0.009,2535,24,o,0,7.7,219.42633,2.2845,298.79,7706.16,2.02,1.82,-59.9,-0.439,19.32,20.16,02a60524o0043o
60524.259,15.423,0.01,2458,24,o,0,8.86,219.42633,2.2845,279.7,7667.29,2.02,1.83,-59,-0.43,19.36,20.34,02a60524o0051o
60524.26442,15.387,0.009,2542,24,o,0,9.36,219.42633,2.2845,340.15,7744.94,2.01,1.81,-57.5,-0.449,19.41,20.44,02a60524o0063o
60524.26759,15.397,0.01,2520,26,o,0,4.15,219.42633,2.2845,10443.16,7714.89,2.45,1.95,-54.9,-0.463,19.47,20.52,02a60524o0070o
60524.27087,15.413,0.01,2483,25,o,0,7.68,219.42633,2.2845,10426.29,7676.59,2.52,1.92,-56.7,-0.473,19.48,20.62,02a60524o0077o
60524.27448,15.356,0.01,2615,25,o,0,10.33,219.42633,2.2845,363.27,7628.68,2,1.81,-61.4,-0.455,19.42,20.48,02a60524o0085o
60524.27682,15.44,0.011,2420,27,o,0,6.68,219.42633,2.2845,10487.95,7756.34,2.58,1.96,-55.7,-0.45,19.46,20.54,02a60524o0090o
60524.28676,15.524,0.015,2240,34,o,0,12.81,219.42633,2.2845,10508.55,7640.82,2.55,1.91,-54.3,-0.452,19.46,20.54,02a60524o0112o
60524.73757,15.453,0.01,2391,25,o,0,4.57,219.42633,2.2845,10248,2993.64,2.55,2.08,-59.5,-0.371,19.24,20.4,03a60525o0092o
60524.74096,15.411,0.011,2487,28,o,0,5.08,219.42633,2.2845,10269.42,3034.46,2.73,2.13,-64.2,-0.371,19.16,20.41,03a60525o0097o
60524.74697,15.419,0.01,2469,26,o,0,3.85,219.42633,2.2845,10212.56,2956.29,2.88,2.21,-64.7,-0.365,19.11,20.39,03a60525o0110o
60524.75517,15.402,0.011,2508,27,o,0,3.37,219.42633,2.2845,140.35,2761.9,2.96,2.53,-76.1,-0.355,19.14,20.45,03a60525o0128o
60524.75745,15.413,0.011,2482,27,o,0,4.31,219.42633,2.2845,10189.76,3072.69,2.8,2.14,-66,-0.361,19.13,20.39,03a60525o0133o
60524.75882,15.449,0.012,2401,29,o,0,2.53,219.42633,2.2845,156.52,2799.95,3.01,2.55,-84.7,-0.353,19.11,20.46,03a60525o0136o
60524.76427,15.43,0.012,2443,29,o,0,2.27,219.42633,2.2845,101.71,2722.45,2.84,2.4,-77.4,-0.356,19.13,20.46,03a60525o0148o
60524.78074,15.401,0.011,2510,28,o,0,3.05,219.42633,2.2845,80.84,2837.98,2.9,2.54,-75.4,-0.338,19.12,20.46,03a60525o0184o
60526.24435,15.485,0.015,2323,36,o,0,0.95,219.42633,2.2845,426.47,8711.69,2.33,2.26,65.1,-0.495,18.72,19.04,01a60526o0028o
60526.24724,15.447,0.013,2406,30,o,0,1.33,219.42633,2.2845,444.29,8748.9,2.31,2.23,-75.3,-0.503,19.1,19.75,01a60526o0034o
60526.25491,15.472,0.01,2350,24,o,0,3,219.42633,2.2845,379.12,8667.83,2.22,2.14,-73.9,-0.5,19.53,20.63,01a60526o0050o
60526.2669,15.436,0.01,2429,23,o,0,2.74,219.42633,2.2845,350.55,8783,2.21,2.11,-77.8,-0.508,19.61,20.78,01a60526o0075o
60528.25337,15.448,0.011,2404,26,o,0,2.83,219.42633,2.2845,8383.9,5857.17,2.31,2.14,-75.4,-0.435,19.27,20.16,02a60528o0043o
60528.25699,15.453,0.01,2392,23,o,0,4.04,219.42633,2.2845,8365.61,5818.35,2.36,2.2,-65.8,-0.436,19.32,20.4,02a60528o0051o
60528.26241,15.445,0.01,2410,23,o,0,3.57,219.42633,2.2845,8427.44,5896.44,2.39,2.2,-69.7,-0.434,19.35,20.52,02a60528o0063o
60528.27248,15.432,0.011,2438,26,o,0,1.94,219.42633,2.2845,8452.09,5781.12,2.32,2.14,-64.3,-0.437,19.43,20.54,02a60528o0085o
60528.76741,15.479,0.011,2336,26,o,0,3.84,219.42633,2.2845,2141.43,4652.69,2.51,2.26,-60.2,-0.397,19.23,20.63,03a60529o0114o
60528.77062,15.46,0.01,2378,25,o,0,5.02,219.42633,2.2845,2161.68,4692.65,2.63,2.24,-66.7,-0.401,19.24,20.63,03a60529o0121o
60528.77608,15.447,0.011,2406,27,o,0,3.26,219.42633,2.2845,2106.66,4615.88,2.52,2.17,-66.2,-0.407,19.27,20.63,03a60529o0133o
60528.80072,15.478,0.012,2338,28,o,0,3.73,219.42633,2.2845,2089.68,4730.81,2.77,2.39,-64.8,-0.385,19.1,20.58,03a60529o0184o
60532.24424,15.527,0.02,2235,45,o,0,1.75,219.42633,2.2845,115.76,3816.13,2.15,2.09,85.4,-0.382,18.2,18.52,02a60532o0027o
60532.24695,15.562,0.016,2164,34,o,0,2.5,219.42633,2.2845,10246.67,3823.93,2.62,1.93,-59,-0.468,18.73,19.33,02a60532o0033o
60532.2474,15.291,0.018,2778,51,o,0,6.92,219.42633,2.2845,97.82,3777.46,2.36,2.06,-64.8,-0.382,18.67,19.27,02a60532o0034o
60532.25011,15.521,0.013,2246,30,o,0,3.22,219.42633,2.2845,10227.87,3785.15,2.68,1.96,-59.9,-0.466,19.02,19.82,02a60532o0040o
60532.25252,15.521,0.012,2246,27,o,0,3.57,219.42633,2.2845,159.47,3854.95,2.39,2.02,-64.6,-0.388,19.05,19.98,02a60532o0045o
60532.2599,15.511,0.012,2268,27,o,0,3.06,219.42633,2.2845,10293.99,3865,2.62,1.99,-59.3,-0.46,19.19,20.21,02a60532o0061o
60532.26457,15.496,0.011,2299,25,o,0,7.41,219.42633,2.2845,187.9,3740.32,2.3,1.98,-59.6,-0.4,19.16,20.2,02a60532o0071o
60532.26969,15.493,0.012,2306,29,o,0,4.3,219.42633,2.2845,10319.11,3749.93,2.53,1.87,-57,-0.478,19.3,20.2,02a60532o0082o
60534.99576,15.576,0.016,2137,34,o,0,3.87,219.42633,2.2845,4087.94,2642.42,2.08,1.93,-28,-0.46,18.71,19.35,04a60535o0078o
60535.00937,15.574,0.014,2141,29,o,0,5.46,219.42633,2.2845,4110.41,2676.89,2.02,1.92,-20.9,-0.478,18.71,19.3,04a60535o0108o
60535.01299,15.556,0.013,2175,29,o,0,4.96,219.42633,2.2845,4052.66,2598.47,2.05,1.92,-12.9,-0.472,18.72,19.31,04a60535o0116o
60535.01843,15.594,0.017,2101,35,o,0,2.83,219.42633,2.2845,4031.53,2712.7,2.05,1.89,-18.8,-0.458,18.73,19.28,04a60535o0128o
60536.2445,15.568,0.015,2152,32,o,0,1.98,219.42633,2.2845,6258.8,2074.51,2.25,2.04,-60.8,-0.42,18.54,19.11,02a60536o0031o
60536.24767,15.567,0.014,2153,30,o,0,1.5,219.42633,2.2845,6240.53,2035.42,2.38,2.16,-62.6,-0.414,18.75,19.45,02a60536o0038o
60536.25535,15.515,0.013,2259,30,o,0,1.61,219.42633,2.2845,6303.32,2113.57,2.26,2.06,-59.9,-0.413,18.9,19.67,02a60536o0055o
60536.26711,15.587,0.014,2114,30,o,0,1.21,219.42633,2.2845,6329.35,1998.24,2.34,2.13,-58.4,-0.42,18.86,19.63,02a60536o0081o
60536.7237,15.576,0.014,2135,30,o,0,1.59,219.42633,2.2845,4178.71,8465.71,2.62,2.25,-43.2,-0.386,18.73,19.33,03a60537o0031o
60536.72731,15.62,0.015,2051,32,o,0,1.99,219.42633,2.2845,4196.7,8504.01,2.87,2.59,-35.6,-0.376,18.63,19.41,03a60537o0039o
60536.73317,15.599,0.014,2091,29,o,0,1.86,219.42633,2.2845,4142.34,8426.63,2.88,2.47,-42.9,-0.365,18.61,19.4,03a60537o0052o
60536.74765,15.555,0.015,2177,32,o,0,1.8,219.42633,2.2845,4120.13,8542.64,2.87,2.44,-45.6,-0.373,18.63,19.38,03a60537o0084o
60538.98215,15.301,0.197,2752,541,o,0,0.87,219.42633,2.2845,8474.08,4854.5,2.56,2.14,-13.6,-0.49,15.62,15.39,04a60539o0052o
60538.99669,15.142,0.258,3186,823,o,0,0.82,219.42633,2.2845,8475.52,4850.54,2.56,2.21,-17,-0.427,14.92,14.58,04a60539o0084o
60538.99987,16.119,0.519,1296,673,o,0,1.07,219.42633,2.2845,8495.29,4888.46,2.65,2.15,-18.4,-0.41,15.09,14.8,04a60539o0091o
60539.01123,15.445,0.329,2411,792,o,0,0.85,219.42633,2.2845,8435.65,4809.54,2.52,2.04,-17,-0.434,15.17,14.84,04a60539o0116o
60539.02732,15.517,1.756,2256,3962,o,0,0.85,219.42633,2.2845,8413.7,4925.78,2.52,2.12,-11.3,-0.404,12.96,12.52,04a60539o0151o
60540.25417,15.673,0.016,1954,32,o,0,1.97,219.42633,2.2845,1995.67,1778.66,2.34,2.12,-63.1,-0.451,18.59,19.18,02a60540o0059o
60540.25733,15.675,0.018,1950,35,o,0,1.12,219.42633,2.2845,1976.33,1739.96,2.26,2.05,-63.2,-0.561,18.65,19.18,02a60540o0066o
60540.26386,15.645,0.014,2004,28,o,0,2.41,219.42633,2.2845,2036.99,1818.5,2.35,2.12,-60.5,-0.443,18.55,19.14,02a60540o0080o
60540.27538,15.66,0.021,1977,42,o,0,1.26,219.42633,2.2845,2061.16,1701.73,2.26,2.05,-59.5,-0.455,18.53,19.04,02a60540o0105o
60540.73293,15.683,0.02,1936,39,o,0,1.66,219.42633,2.2845,8439.61,8856.37,3.02,2.45,-43.9,-0.394,18.37,18.99,03a60541o0057o
60540.73608,15.679,0.021,1942,40,o,0,1.65,219.42633,2.2845,8459.39,8895,3.15,2.47,-47.1,-0.395,18.4,18.98,03a60541o0064o
60540.74602,15.657,0.019,1982,39,o,0,1.58,219.42633,2.2845,8402.63,8815.73,3.07,2.39,-48.9,-0.402,18.34,18.96,03a60541o0086o
60540.75234,15.673,0.021,1954,42,o,0,2.08,219.42633,2.2845,8382.01,8932.23,3.14,2.42,-50.3,-0.407,18.34,18.92,03a60541o0100o
60542.27063,15.729,0.017,1855,32,o,0,1.62,219.42633,2.2845,2062.99,1005.82,2.33,2.18,46.2,-0.462,18.63,18.92,01a60542o0099o
60542.2736,15.753,0.019,1814,34,o,0,1.01,219.42633,2.2845,2082.63,1045.59,2.37,2.22,46.1,-0.451,18.66,18.93,01a60542o0105o
60542.27874,15.755,0.019,1812,35,o,0,1.1,219.42633,2.2845,2021.29,965.97,2.3,2.22,38.5,-0.477,18.62,18.87,01a60542o0116o
60542.2893,15.749,0.019,1821,35,o,0,1.43,219.42633,2.2845,1994.37,1083.38,2.25,2.13,40.6,-0.476,18.56,18.75,01a60542o0138o
60544.74177,15.813,0.017,1716,28,o,0,2.02,219.42633,2.2845,6007.18,4548.84,2.75,2.43,-58,-0.429,18.91,20.19,03a60545o0085o
60544.74538,15.788,0.015,1758,26,o,0,2.27,219.42633,2.2845,6027.18,4588.11,2.63,2.36,-56.7,-0.434,18.97,20.18,03a60545o0093o
60544.75942,15.782,0.017,1766,30,o,0,1.57,219.42633,2.2845,5972.11,4509.65,3,2.65,-51,-0.411,18.8,20.22,03a60545o0124o
60544.76489,15.761,0.015,1801,27,o,0,2.17,219.42633,2.2845,5949.7,4625.23,2.81,2.45,-52.2,-0.415,18.89,20.24,03a60545o0136o
60554.97659,16.44,0.037,964,36,o,0,1.8,219.42633,2.2845,4128.53,880.73,2.05,1.88,-20.2,-0.433,18.23,18.47,04a60555o0032o
60554.97974,16.463,0.034,944,32,o,0,1.52,219.42633,2.2845,4145.51,920.09,2.07,1.98,13.2,-0.485,18.56,19.13,04a60555o0039o
60554.98695,16.34,0.025,1057,26,o,0,1.8,219.42633,2.2845,4084.51,841.73,1.98,1.87,-20.3,-0.427,18.96,19.85,04a60555o0055o
60554.99701,16.297,0.025,1099,28,o,0,1.81,219.42633,2.2845,4064.77,960.41,2.15,1.93,-24.7,-0.422,18.95,19.92,04a60555o0077o
60660.63869,18.114,0.319,206,66,o,0,1.16,219.42633,2.2845,6214.55,8384.72,2.39,2.22,36.6,-0.432,18.35,18.83,02a60660o0975o
60660.64384,18.098,0.281,209,59,o,0,1.24,219.42633,2.2845,6235.21,8424.21,2.47,2.28,30.6,-0.419,18.36,18.87,02a60660o0986o
60660.66442,18.021,0.339,225,76,o,0,1.65,219.42633,2.2845,6174.38,8346.9,2.55,2.33,35.3,-0.416,18.11,18.57,02a60660o1031o
60672.62985,18.021,0.073,225,16,o,0,1.92,219.42633,2.2845,6003.66,824.53,2.17,2.08,-17.2,-0.435,19.32,20.59,02a60672o0942o
60672.64676,18.217,0.085,188,16,o,0,1.87,219.42633,2.2845,6018.75,861.11,2.02,1.94,-64.4,-0.456,19.4,20.58,02a60672o0979o
60672.65559,18.331,0.091,169,15,o,0,1.72,219.42633,2.2845,5958.56,784.33,2.23,2.17,-10.7,-0.429,19.27,20.48,02a60672o0998o
60672.65969,18.062,0.096,216,21,o,0,1.02,219.42633,2.2845,5936.06,902.07,2.11,2.07,-28,-0.438,19.23,20.29,02a60672o1007o
60680.6365,18.42,0.095,156,15,o,0,1.89,219.42633,2.2845,2277.62,6643.23,2.21,1.77,27.9,-0.442,19.41,20.52,02a60680o0952o
60680.64061,18.536,0.151,140,21,o,0,0.75,219.42633,2.2845,2291.36,6681.52,2.29,1.76,29.1,-0.431,19.46,20.56,02a60680o0961o
60680.65795,18.47,0.113,148,17,o,0,1.36,219.42633,2.2845,2227.09,6604.12,2.21,1.75,28.6,-0.442,19.44,20.51,02a60680o0998o
60680.66854,18.477,0.141,148,21,o,0,1.78,219.42633,2.2845,2205.34,6721.21,2.33,1.77,28.2,-0.422,19,19.52,02a60680o1021o
60684.63893,18.343,0.202,167,34,o,0,1.5,219.42633,2.2845,4009.5,2674.62,2.16,1.81,32.3,-0.461,18.28,19.34,02a60684o0940o
60684.649,-17.507,0.787,-361,284,o,0,1.06,219.42633,2.2845,4027.47,2716.4,2.32,1.93,33.3,-0.443,16.1,17.19,02a60684o0962o
60690.59733,18.613,0.208,130,27,o,0,0.86,219.42633,2.2845,2027.29,1771.23,2.39,2.2,43.7,-0.471,18.97,19.49,01a60690o0851o
60690.60011,18.333,0.146,169,25,o,0,1.01,219.42633,2.2845,2008.44,1734.32,2.74,2.44,46.2,-0.413,18.87,19.5,01a60690o0857o
60690.60565,18.397,0.147,159,23,o,0,1.17,219.42633,2.2845,2068.24,1814.25,2.58,2.25,44.6,-0.431,18.95,19.53,01a60690o0869o
60690.61684,18.509,0.175,143,25,o,0,1.01,219.42633,2.2845,2089.78,1695.34,2.64,2.32,44.9,-0.418,18.95,19.58,01a60690o0892o
60693.08655,17.906,0.145,250,36,o,0,1.15,219.42633,2.2845,8324.52,9591.75,2.75,2.26,-50,-0.395,18.41,18.86,03a60693o0673o
60693.09463,18.124,0.162,204,33,o,0,1.09,219.42633,2.2845,8304.75,9551.7,2.62,2.13,-51.5,-0.397,18.4,18.79,03a60693o0690o
60693.10539,18.605,0.241,131,32,o,0,1.38,219.42633,2.2845,8361.68,9632.26,2.71,2.16,-49,-0.404,18.51,18.85,03a60693o0713o
60693.109,18.66,0.3,125,37,o,0,1.19,219.42633,2.2845,8383.82,9516.34,2.66,2.17,-51.8,-0.389,18.37,18.64,03a60693o0721o
60694.61158,18.824,0.203,107,22,o,0,1.33,219.42633,2.2845,4566.63,6046.7,2.7,2.37,41.4,-0.376,19.04,19.74,01a60694o0870o
60694.6148,18.27,0.11,179,20,o,0,1.21,219.42633,2.2845,4546.92,6008.76,2.73,2.39,40.8,-0.377,19.03,19.75,01a60694o0877o
60694.62033,18.501,0.145,144,21,o,0,1.01,219.42633,2.2845,4607.86,6087,2.79,2.39,41.8,-0.364,19.07,19.8,01a60694o0889o
60694.6341,18.398,0.118,159,19,o,0,1.37,219.42633,2.2845,4630.31,5971.27,2.89,2.45,44.8,-0.353,19.07,19.83,01a60694o0918o
60696.54617,18.575,0.375,135,51,o,0,0.77,219.42633,2.2845,5965.07,2573.33,2.39,2.12,35.5,-0.416,18.01,18.61,02a60696o0739o
60696.55033,18.293,0.114,175,20,o,0,2.58,219.42633,2.2845,5985.09,2612.21,2.4,2.11,34.7,-0.424,18.49,19.01,02a60696o0748o
60696.58423,18.777,0.592,112,66,o,0,0.9,219.42633,2.2845,5919.49,2533.44,2.22,1.86,34.7,-0.428,17.53,17.8,02a60696o0820o
60696.61223,18.571,0.146,135,20,o,0,1.64,219.42633,2.2845,5894.03,2651.06,2.22,1.91,36.3,-0.435,19.1,19.82,02a60696o0879o
60698.53591,18.737,0.199,116,23,o,0,1.17,219.42633,2.2845,4448.94,4110.99,3.29,3.1,31.8,-0.372,18.87,20.11,01a60698o0581o
60698.56685,18.643,0.155,127,20,o,0,1.2,219.42633,2.2845,4438.91,4071.96,3.27,2.99,36.6,-0.384,19.07,20.33,01a60698o0646o
60698.59489,18.714,0.175,119,21,o,0,1.5,219.42633,2.2845,4503.68,4148.13,3.14,2.92,39.9,-0.389,18.81,19.99,01a60698o0704o
60698.59811,18.54,0.203,139,28,o,0,2.11,219.42633,2.2845,4524.25,4032.85,3.3,3.09,37.3,-0.369,18.38,19.35,01a60698o0711o
60700.59721,19.102,0.19,83,16,o,0,1.74,219.42633,2.2845,9906.39,598.82,2.37,1.62,-59,-0.501,19.45,20.71,02a60700o0851o
60700.59903,18.781,0.184,112,20,o,0,1.43,219.42633,2.2845,9921.73,636.98,2.16,1.43,-64,-0.552,19.53,20.73,02a60700o0855o
60700.6045,18.523,0.15,142,21,o,0,0.69,219.42633,2.2845,9861,558.98,2.03,1.44,-64.9,-0.559,19.46,20.75,02a60700o0867o
60700.6189,18.484,0.123,147,18,o,0,1.64,219.42633,2.2845,9837.63,675.84,2.27,1.59,-62.4,-0.511,19.53,20.78,02a60700o0898o
60701.09752,18.779,0.213,112,24,o,0,1.54,219.42633,2.2845,550.55,9835.96,2.67,2.35,-55.3,-0.447,19.21,20.49,03a60701o0722o
60701.10159,18.371,0.127,163,21,o,0,1.91,219.42633,2.2845,534.31,9796.54,2.71,2.37,-46.2,-0.446,19.2,20.5,03a60701o0731o
60701.10667,18.376,0.19,162,31,o,0,1.31,219.42633,2.2845,590.86,9875.27,2.83,2.59,-52,-0.443,19.16,20.39,03a60701o0742o
60701.11214,18.966,0.313,94,29,o,0,1.15,219.42633,2.2845,612.9,9757.35,2.73,2.37,-50.7,-0.446,19.01,20.05,03a60701o0754o
60705.08063,18.635,0.127,128,16,o,0,1.61,219.42633,2.2845,6380.46,9641.89,2.57,2.14,-43.5,-0.407,19.35,20.81,03a60705o0676o
60705.08379,18.593,0.133,133,18,o,0,1.3,219.42633,2.2845,6363.64,9602.48,2.64,2.21,-45,-0.404,19.36,20.78,03a60705o0683o
60705.09061,18.807,0.16,109,17,o,0,1.47,219.42633,2.2845,6421.19,9681.7,2.51,2.08,-45.3,-0.416,19.39,20.78,03a60705o0698o
60705.10545,19.053,0.194,87,17,o,0,1.3,219.42633,2.2845,6443.42,9566.39,2.46,2.11,-45.1,-0.416,19.42,20.79,03a60705o0730o
60707.34696,19.444,0.264,61,16,c,0,1.21,219.42633,2.2845,6424.01,5959.37,2.45,2.15,-62.4,-0.41,19.37,21.25,04a60707o0721c
60707.35012,20.302,0.541,28,15,c,0,1.33,219.42633,2.2845,6403.73,5920.89,2.46,2.09,-57.5,-0.404,19.45,21.27,04a60707o0728c
60707.35286,19.655,0.32,50,16,c,0,1,219.42633,2.2845,6462.11,5997.79,2.53,2.1,-56.6,-0.404,19.4,21.3,04a60707o0734c
60707.36588,19.218,0.18,75,13,c,0,1.6,219.42633,2.2845,6483.61,5883.34,2.51,2.13,-54.8,-0.415,19.42,21.31,04a60707o0762c
60707.38078,20.008,0.596,36,22,c,0,0.84,219.42633,2.2845,6441.82,5943.2,2.35,2.07,-52,-0.419,18.99,20.07,04a60707o0794c
60708.63037,20.024,0.406,36,14,c,0,1.09,219.42633,2.2845,2356.16,8581.28,2.33,2.22,12.4,-0.409,19.56,21.23,02a60708o0923c
60708.63549,18.955,0.164,95,16,c,0,1.58,219.42633,2.2845,2373.78,8619.5,2.41,2.26,4.2,-0.405,19.5,21.22,02a60708o0934c
60708.65702,20.762,0.76,18,14,c,0,1.81,219.42633,2.2845,2310.42,8544.92,2.45,2.28,17.8,-0.404,19.49,21.22,02a60708o0980c
60708.66387,19.515,0.284,57,16,c,0,1.12,219.42633,2.2845,2291.64,8659.75,2.42,2.26,11.1,-0.407,19.44,21,02a60708o0995c
60712.58254,19.336,0.171,67,12,c,0,1.62,219.42633,2.2845,2090.99,2753.16,2.49,2.31,39,-0.409,19.5,21.38,02a60712o0790c
60712.58971,20.129,0.335,32,11,c,0,2.2,219.42633,2.2845,2103.06,2793.94,2.52,2.33,38.6,-0.405,19.52,21.39,02a60712o0805c
60712.59804,19.349,0.222,66,15,c,0,1.14,219.42633,2.2845,2044.22,2713.8,2.44,2.28,36.1,-0.408,19.58,21.43,02a60712o0823c
60712.60122,17.685,0.039,306,12,c,0,22.85,219.42633,2.2845,2025.24,2830.52,2.49,2.3,41.8,-0.41,19.58,21.44,02a60712o0830c
60714.54899,18.481,0.116,147,17,o,0,1.91,219.42633,2.2845,2122.13,3721.49,2.8,2.58,41.5,-0.403,19.07,20.06,01a60714o0718o
60714.55644,19.129,0.23,81,19,o,0,1.14,219.42633,2.2845,2106.79,3685.17,2.63,2.47,38.3,-0.422,19.19,20.17,01a60714o0734o
60714.55828,18.683,0.148,122,18,o,0,1.38,219.42633,2.2845,2165.21,3762.46,2.76,2.71,40.7,-0.421,19.13,20.21,01a60714o0738o
60714.57984,18.728,0.135,117,16,o,0,1.95,219.42633,2.2845,2186.16,3648.77,3.3,3.04,30.8,-0.385,19.28,20.86,01a60714o0783o
60715.32355,18.636,0.173,128,22,o,0,1.26,219.42633,2.2845,2038.85,3753.07,2.13,2.02,-89,-0.413,19.11,20.48,04a60715o0678o
60715.34675,18.928,0.21,98,20,o,0,0.95,219.42633,2.2845,2024.98,3714.89,2.04,1.93,-43.6,-0.435,19.12,20.47,04a60715o0726o
60715.35038,18.358,0.123,165,20,o,0,1.02,219.42633,2.2845,2083.67,3792.32,2.1,1.92,-42.6,-0.422,19.17,20.48,04a60715o0734o
60715.36262,19.089,0.278,84,23,o,0,0.71,219.42633,2.2845,2101.56,3676.83,2.04,1.92,-39.1,-0.432,19.18,20.54,04a60715o0760o
60715.38736,19.4,0.344,63,22,o,0,0.97,219.42633,2.2845,2063.69,3735.9,2.02,1.88,-53.5,-0.416,18.99,20.11,04a60715o0814o
60716.55186,18.479,0.135,147,20,o,0,1.65,219.42633,2.2845,8324.98,2948.98,1.97,1.94,29,-0.431,18.89,19.43,02a60716o0751o
60716.55461,18.525,0.193,141,27,o,0,1.24,219.42633,2.2845,8343.93,2987.46,2.27,2.12,41.6,-0.366,18.43,18.87,02a60716o0757o
60716.55783,18.603,0.164,131,22,o,0,1.19,219.42633,2.2845,8285.07,2909.96,2,1.96,27.4,-0.419,18.86,19.4,02a60716o0764o
60716.5651,18.558,0.198,137,27,o,0,1.17,219.42633,2.2845,8261.75,3026.66,2.13,2.02,30.1,-0.403,18.71,19.14,02a60716o0780o
60718.55348,18.574,0.191,135,26,o,0,0.99,219.42633,2.2845,6406.94,4019.11,2.64,2.49,38.4,-0.388,18.71,19.09,01a60718o0546o
60718.55531,18.817,0.235,108,25,o,0,1.27,219.42633,2.2845,6386.77,3978.82,2.57,2.46,40.3,-0.39,18.74,19.1,01a60718o0550o
60718.55897,18.533,0.194,140,27,o,0,1.13,219.42633,2.2845,6444.33,4056.36,2.72,2.56,43.6,-0.384,18.71,19.12,01a60718o0558o
60718.56538,18.856,0.22,104,23,o,0,1.5,219.42633,2.2845,6467.76,3940.41,2.55,2.38,38.4,-0.398,18.78,19.15,01a60718o0572o
60719.28503,18.912,0.474,99,47,o,0,0.75,219.42633,2.2845,6323.9,4025.86,2.19,2.11,-74.5,-0.505,18.19,18.36,04a60719o0603o
60719.29044,19.457,0.595,60,36,o,0,1.73,219.42633,2.2845,6305.57,3988.27,2.12,1.96,-41.9,-0.475,18.24,18.44,04a60719o0613o
60719.29363,18.556,0.296,137,41,o,0,0.88,219.42633,2.2845,6363.6,4065.25,2.07,1.94,-35.1,-0.476,18.27,18.46,04a60719o0620o
60719.30409,19.248,0.503,73,36,o,0,0.99,219.42633,2.2845,6384.24,3950.31,2.16,2.03,-44.4,-0.485,18.29,18.53,04a60719o0643o
60720.51447,18.918,0.259,98,25,o,0,1.36,219.42633,2.2845,7956.21,707.97,2.07,1.69,-56.8,-0.482,18.67,18.98,02a60720o0673o
60720.52571,18.663,0.198,124,25,o,0,1.81,219.42633,2.2845,7974.94,747.48,2,1.67,-59.1,-0.49,18.74,19.06,02a60720o0696o
60720.5289,18.591,0.189,133,25,o,0,1.32,219.42633,2.2845,7916.72,669.66,1.99,1.65,-60.7,-0.483,18.78,19.08,02a60720o0703o
60720.53434,18.658,0.193,125,24,o,0,0.92,219.42633,2.2845,7894.41,787.27,1.96,1.69,-61.4,-0.481,18.76,19.14,02a60720o0715o
60721.02812,18.958,0.344,95,33,o,0,1.52,219.42633,2.2845,2510.29,9768.47,2.64,2.29,-51,-0.387,18.38,18.69,03a60721o0599o
60721.04126,18.836,0.295,106,31,o,0,1.14,219.42633,2.2845,2491.68,9727.8,2.64,2.28,-44.3,-0.388,18.53,18.89,03a60721o0627o
60721.04441,18.651,0.276,126,35,o,0,0.96,219.42633,2.2845,2547.75,9806.64,2.63,2.3,-50.6,-0.382,18.48,18.92,03a60721o0634o
60721.04984,18.879,0.335,102,34,o,0,1.36,219.42633,2.2845,2571.15,9689.51,2.63,2.29,-43.6,-0.379,18.51,18.95,03a60721o0646o
60726.44141,18.403,0.138,158,22,o,0,1.38,219.42633,2.2845,10201.15,1897.93,2.76,2.32,-58.9,-0.407,18.88,19.69,01a60726o0506o
60726.44423,18.819,0.216,108,23,o,0,1.39,219.42633,2.2845,10181.14,1856.31,2.76,2.37,-64.9,-0.399,18.87,19.72,01a60726o0512o
60726.44937,19.328,0.37,67,25,o,0,1.03,219.42633,2.2845,10241.14,1933.74,2.71,2.3,-59,-0.414,18.85,19.72,01a60726o0523o
60726.48562,18.483,0.165,147,24,o,0,0.8,219.42633,2.2845,10275,1807.44,2.37,2,-62.2,-0.419,19.14,19.86,01a60726o0597o
60726.58102,19.129,0.212,81,17,o,0,1.23,219.42633,2.2845,69.42,1867.3,2.51,2.36,47.4,-0.385,19.37,20.51,01a60726o0798o
60726.58331,18.748,0.136,115,16,o,0,1.52,219.42633,2.2845,51.04,1827.52,2.51,2.39,50.3,-0.369,19.35,20.51,01a60726o0803o
60726.58606,18.879,0.154,102,16,o,0,1.25,219.42633,2.2845,111.08,1907.34,2.45,2.33,48,-0.375,19.37,20.45,01a60726o0809o
60726.59202,18.814,0.156,108,17,o,0,1.17,219.42633,2.2845,127.02,1789.57,2.48,2.34,50.7,-0.378,19.33,20.43,01a60726o0822o
60727.65915,19.136,0.235,80,19,o,0,1.68,219.42633,2.2845,10523.29,8637.63,2.76,2.5,32.8,-0.424,19.13,20.17,01a60727o0940o
60727.6646,18.872,0.314,103,32,o,0,0.86,219.42633,2.2845,10506.84,8753.72,2.61,2.52,-57.6,-0.44,18.69,19.05,01a60727o0950o
60729.02572,19.374,0.274,65,18,o,0,1.44,219.42633,2.2845,8328.55,5912.87,2.3,1.99,-55.9,-0.413,19.23,20.42,03a60729o0587o
60729.02752,18.872,0.154,103,16,o,0,1.87,219.42633,2.2845,8309.88,5873.94,2.25,1.94,-56,-0.421,19.24,20.42,03a60729o0591o
60729.03069,19.278,0.271,71,19,o,0,1.13,219.42633,2.2845,8366.44,5952.69,2.3,1.98,-55.7,-0.412,19.24,20.43,03a60729o0598o
60729.04084,19.077,0.207,85,18,o,0,0.99,219.42633,2.2845,8392.23,5837.14,2.39,2.12,-59.4,-0.412,19.2,20.48,03a60729o0620o
60731.33986,19.067,0.272,86,23,o,0,0.62,219.42633,2.2845,8259.76,3922.06,2.36,2.02,-14.7,-0.462,19.27,20.69,04a60731o0734o
60731.34168,18.699,0.188,120,23,o,0,0.92,219.42633,2.2845,8241.48,3883.77,2.24,2.13,-36.4,-0.466,19.3,20.69,04a60731o0738o
60731.34581,18.634,0.156,128,20,o,0,1.94,219.42633,2.2845,8300.04,3961.26,2.09,2.05,-38.2,-0.497,19.29,20.67,04a60731o0747o
60731.36089,18.923,0.184,98,18,o,0,1.01,219.42633,2.2845,8317.7,3845.73,2.33,2.02,-19.5,-0.447,19.3,20.7,04a60731o0780o
60732.55715,18.941,0.153,96,15,o,0,2.16,219.42633,2.2845,10448.51,6734.13,2.31,1.89,-58.5,-0.483,19.61,20.84,02a60732o0749o
60732.55897,18.472,0.132,148,20,o,0,1.24,219.42633,2.2845,10468.48,6772.15,2.26,1.91,-58.5,-0.484,19.6,20.83,02a60732o0753o
60732.58138,19.513,0.235,57,13,o,0,1.9,219.42633,2.2845,10403.84,6694.31,2.2,1.95,-54.4,-0.465,19.55,20.83,02a60732o0801o
60732.58411,19.267,0.232,71,16,o,0,1.47,219.42633,2.2845,10383.68,6812.62,2.26,1.93,-58.9,-0.474,19.59,20.81,02a60732o0807o
60732.63445,18.521,0.13,142,18,o,0,1.24,219.42633,2.2845,10250.06,3836.47,2.19,1.85,-54.6,-0.479,19.55,20.73,02a60732o0915o
60732.65627,19.216,0.257,75,19,o,0,1.47,219.42633,2.2845,10221.08,3790.59,2.16,1.86,-48.6,-0.495,19.36,20.42,02a60732o0961o
60732.65895,19.209,0.255,75,19,o,0,1.31,219.42633,2.2845,10278.86,3869.32,2.19,1.87,-50.2,-0.473,19.25,20.14,02a60732o0966o
60732.66499,19.281,0.521,70,37,o,0,0.94,219.42633,2.2845,10299.02,3753.7,2.17,1.79,-52.3,-0.505,18.54,18.73,02a60732o0978o
60733.06949,19.675,0.288,49,14,c,0,1.55,219.42633,2.2845,149.79,3711.31,2.37,2.25,-53.8,-0.396,19.5,21.35,03a60733o0700c
60733.07131,19.566,0.267,54,14,c,0,1.69,219.42633,2.2845,130.2,3671.56,2.38,2.27,-50.1,-0.383,19.48,21.35,03a60733o0704c
60733.07447,20.122,0.455,32,15,c,0,1.12,219.42633,2.2845,189.05,3749.91,2.46,2.32,-42.3,-0.38,19.48,21.38,03a60733o0711c
60733.07763,19.722,0.316,47,15,c,0,1.22,219.42633,2.2845,10243.89,3925.31,2.48,2.18,-56.3,-0.363,19.5,21.39,03a60733o0718c
60733.08,19.094,0.17,84,14,c,0,1.45,219.42633,2.2845,214.3,3633.66,2.45,2.28,-48.8,-0.385,19.5,21.4,03a60733o0723c
60733.0809,19.591,0.308,53,16,c,0,1.11,219.42633,2.2845,10225.07,3886.27,2.53,2.31,-55.4,-0.373,19.45,21.39,03a60733o0725c
60733.08407,20.187,0.358,31,11,c,0,2.36,219.42633,2.2845,10283.51,3964.94,2.5,2.28,-51.3,-0.365,19.46,21.37,03a60733o0732c
60733.09758,19.403,0.264,63,17,c,0,1.06,219.42633,2.2845,10315.24,3851.45,2.49,2.24,-48.1,-0.365,19.46,21.34,03a60733o0761c
60734.6149,18.873,0.135,102,14,o,0,1.8,219.42633,2.2845,3999.57,2701.2,2.53,2.22,36.9,-0.427,19.66,21.06,01a60734o0681o
60734.62045,18.973,0.149,94,14,o,0,1.28,219.42633,2.2845,4020.12,2738.74,2.57,2.24,37.6,-0.42,19.64,21.04,01a60734o0693o
60734.64969,18.908,0.147,99,15,o,0,1.82,219.42633,2.2845,3960.08,2654.02,2.54,2.23,48.8,-0.429,19.56,20.77,01a60734o0754o
60734.65388,19.077,0.203,85,17,o,0,1.2,219.42633,2.2845,3940.28,2770.52,2.55,2.21,47,-0.43,19.43,20.45,01a60734o0763o
60735.295,18.726,0.368,117,43,o,0,0.97,219.42633,2.2845,6537.85,7890.23,2.36,2.1,-39.7,-0.476,18.39,19.17,04a60735o0568o
60735.29681,22.533,12.15,4,43,o,0,1.06,219.42633,2.2845,6515.21,7851.5,2.36,2.09,-40.7,-0.423,18.47,19.25,04a60735o0572o
60735.29997,19.151,0.473,79,38,o,0,1.39,219.42633,2.2845,6573.26,7929.12,2.22,1.99,-38.4,-0.432,18.51,19.17,04a60735o0579o
60735.30633,19.411,0.755,62,47,o,0,0.66,219.42633,2.2845,6591.72,7813.61,2.42,2.1,-55,-0.394,18.25,18.88,04a60735o0593o
60737.06145,-21.172,3.088,-12,38,c,0,0.94,219.42633,2.2845,6302.37,2105.7,2.51,2.3,-49.3,-0.406,18.35,19.8,03a60737o0614c
60737.06691,19.337,0.407,67,27,c,0,1.51,219.42633,2.2845,6285.56,2066.76,2.4,2.16,-50.3,-0.415,18.62,20.24,03a60737o0626c
60737.09796,21.732,2.184,7,16,c,0,0.89,219.42633,2.2845,6359.99,2146.25,2.36,2.12,-51,-0.411,19.41,20.99,03a60737o0693c
60737.10248,20.076,0.391,34,13,c,0,1.89,219.42633,2.2845,6385.64,2030.7,2.35,2.15,-43.3,-0.422,19.38,20.93,03a60737o0703c
60737.14572,-22.803,7.812,-3,22,c,0,1.29,219.42633,2.2845,4211.32,8464.31,2.6,2.33,-46.9,-0.354,18.76,19.64,03a60737o0796c
60738.59847,16.15,0.009,1259,12,o,0,368.13,219.42633,2.2845,8393.86,4901.5,2.87,2.56,13.5,-0.382,19.58,21.24,01a60738o0831o
60738.63365,19.06,0.146,86,13,o,0,3.4,219.42633,2.2845,8413.3,4933.95,2.71,2.5,34.9,-0.395,19.61,21.16,01a60738o0907o
60738.6591,19.026,0.299,89,27,o,0,1.03,219.42633,2.2845,8350.64,4852.95,2.74,2.5,37.4,-0.382,18.61,19.02,01a60738o0960o
60739.25068,18.61,0.18,131,24,o,0,1,219.42633,2.2845,2150.31,5681.83,2.18,1.97,-60.8,-0.459,19.18,20.55,04a60739o0559o
60739.25249,19.069,0.214,86,18,o,0,1.61,219.42633,2.2845,2129.53,5643.46,2.14,1.95,-78.9,-0.437,19.22,20.62,04a60739o0563o
60739.25565,19.226,0.304,74,22,o,0,1.53,219.42633,2.2845,2188.54,5721.13,2.24,2.02,-63.9,-0.44,19.2,20.65,04a60739o0570o
60739.26112,19.22,0.283,74,21,o,0,1.01,219.42633,2.2845,2207.89,5605.44,2.14,1.92,-81.7,-0.437,19.26,20.64,04a60739o0582o
60740.9246,-18.092,4.969,-210,1046,c,0,1.34,219.42633,2.2845,1985.51,1688.82,3.24,3.1,-28.9,-0.368,17.96,20.18,03a60741o0398c
60742.5122,19.014,0.2,90,18,o,0,1.21,219.42633,2.2845,8500.96,9553.7,2.64,2.61,-84.7,-0.437,19.27,20.25,01a60742o0625o
60742.51403,19.469,0.302,59,18,o,0,1.2,219.42633,2.2845,8480.23,9514.29,2.6,2.55,86.1,-0.442,19.26,20.27,01a60742o0629o
60742.51769,19.119,0.208,82,17,o,0,1.38,219.42633,2.2845,8539.61,9592.92,2.73,2.65,85.2,-0.43,19.25,20.33,01a60742o0637o
60742.53772,19.175,0.194,78,15,o,0,1.7,219.42633,2.2845,8566.01,9474.01,2.53,2.46,-51.7,-0.444,19.52,20.72,01a60742o0678o
60743.25514,19.147,0.3,80,24,o,0,0.99,219.42633,2.2845,8445.36,9540.67,2.22,1.95,-7.3,-0.456,19.2,20.47,04a60743o0576o
60743.25695,18.355,0.139,165,23,o,0,1.69,219.42633,2.2845,8424.2,9501.69,2.28,2,-14,-0.445,19.16,20.55,04a60743o0580o
60743.27642,19.003,0.297,91,27,o,0,1.13,219.42633,2.2845,8500.72,9466.68,2.32,2.18,-44.4,-0.476,19.19,20.54,04a60743o0621o
60744.99678,18.923,0.256,98,25,o,0,0.98,219.42633,2.2845,4472.07,6022.93,2.31,2.06,-55,-0.394,18.83,19.63,03a60745o0571o
60744.99905,20.164,0.782,31,24,o,0,0.9,219.42633,2.2845,4453.44,5984.24,2.23,2.04,-52.6,-0.388,18.86,19.64,03a60745o0576o
60745.00222,19.271,0.284,71,20,o,0,1.35,219.42633,2.2845,4509.87,6063.26,2.28,2.09,-56.7,-0.398,18.87,19.66,03a60745o0583o
60745.01401,18.865,0.244,103,25,o,0,0.82,219.42633,2.2845,4536.96,5947.3,2.37,2.17,-50.4,-0.389,18.87,19.72,03a60745o0608o
60746.50873,18.891,0.236,101,24,o,0,1.25,219.42633,2.2845,4667.67,7984.24,3.13,2.73,14.3,-0.347,18.72,19.39,01a60746o0557o
60746.51055,19.119,0.31,82,25,o,0,1.04,219.42633,2.2845,4647.64,7945.36,3.11,2.74,16.3,-0.335,18.75,19.4,01a60746o0561o
60746.51378,19.274,0.25,71,18,o,0,2.37,219.42633,2.2845,4705.23,8022.5,2.85,2.61,20.6,-0.361,18.79,19.37,01a60746o0568o
60746.51947,18.688,0.177,122,22,o,0,1.28,219.42633,2.2845,4725.94,7906,3.02,2.67,22.6,-0.343,18.76,19.42,01a60746o0580o
60747.22459,19.616,0.827,52,43,o,0,1.39,219.42633,2.2845,4604.66,7988.37,2.22,1.86,-65.5,-0.41,18.14,18.45,04a60747o0519o
60747.2264,19.832,1.295,42,55,o,0,0.72,219.42633,2.2845,4583.93,7950.14,2.28,1.94,-59.7,-0.421,18.14,18.46,04a60747o0523o
60747.22914,20.599,1.893,21,40,o,0,1.42,219.42633,2.2845,4642.91,8027.49,2.26,1.9,-61.3,-0.406,18.18,18.48,04a60747o0529o
60747.23675,18.79,0.43,111,48,o,0,0.95,219.42633,2.2845,4662.36,7912.3,2.24,2.04,-53.6,-0.42,18.14,18.51,04a60747o0545o
60749.01792,20.718,1.935,19,36,o,0,1.19,219.42633,2.2845,4419.63,4092.2,2.33,2.15,-47,-0.407,18.23,18.55,03a60749o0024o
60749.01973,19.331,0.556,67,37,o,0,1.07,219.42633,2.2845,4401.15,4052.92,2.39,2.17,-39.2,-0.407,18.2,18.56,03a60749o0028o
60749.03061,19.073,0.411,85,35,o,0,1.05,219.42633,2.2845,4462.58,4131.73,2.39,2.14,-44.4,-0.389,18.22,18.57,03a60749o0052o
60749.03604,19.934,1.178,39,46,o,0,0.89,219.42633,2.2845,4489.38,4016.37,2.73,2.27,-9.1,-0.383,18.01,18.28,03a60749o0064o
60753.12694,18.845,0.342,105,36,o,0,0.94,219.42633,2.2845,10351.74,4912.93,2.54,2.14,-51.1,-0.352,18.41,18.65,03a60753o0564o
60753.13454,19.584,0.58,53,31,o,0,1.23,219.42633,2.2845,10372.15,4949.54,2.58,2.06,-61.4,-0.324,18.38,18.63,03a60753o0580o
60753.13821,20.799,2.046,17,36,o,0,1.01,219.42633,2.2845,10314.83,4871.96,2.62,2.1,-60.9,-0.345,18.37,18.62,03a60753o0588o
60753.1569,18.689,0.453,122,55,o,0,0.98,219.42633,2.2845,10294.23,4985.74,2.71,2.17,-59.7,-0.343,17.83,17.65,03a60753o0628o
60755.27215,19.952,0.744,38,28,o,0,0.95,219.42633,2.2845,6497.69,9647.38,2.28,1.98,-53,-0.421,18.92,20.06,04a60755o0623o
60755.27395,18.523,0.166,142,24,o,0,1.07,219.42633,2.2845,6480.2,9608.44,2.46,2.03,-61,-0.418,18.89,20.05,04a60755o0627o
60755.27941,18.56,0.218,137,30,o,0,1.3,219.42633,2.2845,6537.77,9687,2.46,2.04,-58.5,-0.467,18.88,20.04,04a60755o0639o
60755.31075,18.435,0.229,153,35,o,0,0.85,219.42633,2.2845,6553.78,9573.32,2.34,1.92,-63.5,-0.466,18.88,19.89,04a60755o0707o
60756.51576,19.567,0.343,54,19,o,0,1.04,219.42633,2.2845,4112.22,4602.87,2.37,1.7,34.3,-0.448,19.41,20.4,02a60756o0137o
60756.51893,19.093,0.17,84,14,o,0,1.55,219.42633,2.2845,4131.12,4641.51,2.32,1.69,32.1,-0.449,19.43,20.4,02a60756o0144o
60756.52211,18.986,0.157,92,14,o,0,1.34,219.42633,2.2845,4072,4565.19,2.23,1.67,27,-0.461,19.42,20.39,02a60756o0151o
60756.52753,19.302,0.24,69,16,o,0,1.53,219.42633,2.2845,4049.93,4679.91,2.21,1.71,29.5,-0.454,19.42,20.37,02a60756o0163o
60758.56795,19.256,0.22,72,16,o,0,1.73,219.42633,2.2845,2371.42,8613.14,2.61,2.42,61,-0.42,19.57,20.85,01a60758o0462o
60758.57163,18.919,0.166,98,16,o,0,1.31,219.42633,2.2845,2388.99,8651.53,2.6,2.41,64.2,-0.422,19.54,20.84,01a60758o0470o
60758.57856,19.795,0.335,44,15,o,0,1.54,219.42633,2.2845,2330.41,8573.83,2.58,2.38,57.8,-0.43,19.57,20.87,01a60758o0485o
60758.59221,18.885,0.172,101,17,o,0,1.37,219.42633,2.2845,2311.61,8688.67,2.63,2.41,70.3,-0.421,19.54,20.84,01a60758o0513o
60759.32453,19.613,0.405,52,21,o,0,1.23,219.42633,2.2845,2370.89,8562.36,2.66,2.1,-73.2,-0.399,19.04,20.45,04a60759o0671o
60759.32816,18.819,0.172,108,18,o,0,2.23,219.42633,2.2845,2388.52,8602.21,2.61,2.04,-71.4,-0.417,19.07,20.45,04a60759o0679o
60759.33769,19.723,0.416,47,20,o,0,1.19,219.42633,2.2845,2330.56,8524.41,2.7,2.12,-72.1,-0.385,18.97,20.42,04a60759o0700o
60759.36782,18.838,0.222,106,24,o,0,1.11,219.42633,2.2845,2312.11,8642.16,2.85,2.22,-75,-0.392,18.93,20.38,04a60759o0764o
60761.0046,19.469,0.334,59,20,o,0,0.77,219.42633,2.2845,4375.38,2159.67,2.3,2.17,-51.3,-0.414,19.27,20.71,03a60761o0622o
60762.44847,19.514,0.309,57,18,o,0,1.23,219.42633,2.2845,8540.84,7798.67,3,2.92,24.3,-0.389,19.26,20.61,01a60762o0504o
60762.45032,18.942,0.173,96,17,o,0,1.28,219.42633,2.2845,8523.58,7759.68,2.71,2.59,35,-0.417,19.37,20.63,01a60762o0508o
60762.45399,20.051,0.417,35,14,o,0,1.51,219.42633,2.2845,8582.46,7837.07,2.87,2.8,12.2,-0.418,19.32,20.68,01a60762o0516o
60762.47647,19.021,0.145,90,13,o,0,2.17,219.42633,2.2845,8604.96,7720.48,2.64,2.57,70.2,-0.439,19.53,20.86,01a60762o0564o
60763.22128,-21.785,2.412,-7,17,c,0,1.43,219.42633,2.2845,8471.08,7793.99,2.7,2.33,-41.5,-0.411,19.35,21.19,04a60763o0477c
60763.25227,19.233,0.227,74,17,c,0,1.14,219.42633,2.2845,8450.23,7760.49,2.82,2.31,-53.5,-0.431,19.31,21.2,04a60763o0544c
60763.25544,19.848,0.5,42,21,c,0,0.99,219.42633,2.2845,8508.41,7838.26,2.79,2.31,-45.6,-0.453,19.36,21.21,04a60763o0551c
60763.28354,19.616,0.309,52,16,c,0,1.55,219.42633,2.2845,2016.5,2830.42,2.33,2.01,46.6,-0.41,19.36,21.21,04a60763o0612c
60767.17902,19.7,0.331,48,16,c,0,1.5,219.42633,2.2845,2245.26,7621.71,2.57,2.05,-74.5,-0.397,19.33,21.13,04a60767o0455c
60767.1813,19.596,0.298,53,16,c,0,1.39,219.42633,2.2845,2224.11,7583.6,2.64,2.09,-75.9,-0.393,19.29,21.12,04a60767o0460c
60767.20456,19.721,0.348,47,16,c,0,0.91,219.42633,2.2845,2281.26,7663.87,2.61,2.06,-77.2,-0.398,19.39,21.26,04a60767o0510c
60767.21096,20.248,0.518,29,15,c,0,1.29,219.42633,2.2845,2300.81,7547.49,2.65,2.1,-76,-0.4,19.33,21.25,04a60767o0524c
60769.04177,19.956,0.428,38,16,o,0,1.12,219.42633,2.2845,4179.61,6513,2.26,1.97,-48.7,-0.399,19.36,20.63,03a60769o0342o
60769.04539,19.795,0.358,44,16,o,0,1.78,219.42633,2.2845,4199.48,6552.36,2.32,2,-52.7,-0.39,19.33,20.62,03a60769o0350o
60769.05084,19.57,0.355,54,19,o,0,0.96,219.42633,2.2845,4144.46,6473.67,2.25,2.03,-49.5,-0.467,19.32,20.57,03a60769o0362o
60769.06356,19.313,0.265,68,18,o,0,0.99,219.42633,2.2845,4124.1,6590.56,2.26,1.98,-48.4,-0.404,19.3,20.58,03a60769o0390o
60770.47296,17.712,0.389,298,116,o,0,1.23,219.42633,2.2845,2683.64,9836.6,2.44,2.33,76.8,-0.409,17.38,18.31,01a60770o0538o
60770.47478,-17.38,1.046,-406,424,o,0,0.91,219.42633,2.2845,2663.16,9797.71,2.41,2.33,76.8,-0.406,15.37,16.37,01a60770o0542o
60770.48029,-17.203,0.684,-477,327,o,0,0.92,219.42633,2.2845,2721.79,9875.4,2.38,2.28,67.6,-0.407,16.16,17.31,01a60770o0554o
60770.4912,-21.874,57.5,-6,372,o,0,1.01,219.42633,2.2845,7855.88,806.72,2.31,2.22,-32.7,-0.414,15.84,17.07,01a60770o0576o
60771.22181,20.453,0.68,24,16,c,0,1.22,219.42633,2.2845,2621.21,9864.48,3.19,2.08,-73.8,-0.359,19.36,21.27,04a60771o0405c
60771.22498,-20.432,0.642,-24,16,c,0,1.28,219.42633,2.2845,2600.63,9826.31,3.24,2.1,-73.5,-0.362,19.35,21.26,04a60771o0412c
60771.22815,19.188,0.214,77,16,c,0,1.25,219.42633,2.2845,2658.95,9903.86,3.29,2.12,-73.8,-0.358,19.31,21.25,04a60771o0419c
60771.2395,19.482,0.298,58,17,c,0,1.43,219.42633,2.2845,2678.89,9787.14,3.27,2.12,-74.6,-0.367,19.34,21.2,04a60771o0444c
60772.46791,19.12,0.226,82,18,o,0,1.28,219.42633,2.2845,5985.91,817.89,2.08,2.01,-63.5,-0.444,19.06,19.93,02a60772o0512o
60772.47073,19.419,0.291,62,18,o,0,1.53,219.42633,2.2845,6005.4,856.62,2.11,1.99,-73.9,-0.447,19.1,19.93,02a60772o0518o
60772.47486,19.499,0.41,58,24,o,0,0.68,219.42633,2.2845,5946.37,777.41,2.07,1.98,-76.3,-0.444,19.06,19.94,02a60772o0527o
60772.47993,19.166,0.27,78,21,o,0,1.11,219.42633,2.2845,5925.09,896.39,2.16,2.09,-76,-0.435,19.05,19.95,02a60772o0538o
60775.1713,19.853,1.099,42,46,o,0,1.2,219.42633,2.2845,295.79,7736.65,3,2.57,-81.6,-0.351,18.13,18.69,04a60775o0453o
60775.1731,18.351,0.258,166,43,o,0,0.91,219.42633,2.2845,274.76,7698.68,2.85,2.35,-79.9,-0.349,18.32,19,04a60775o0457o
60775.17628,19.477,0.542,59,32,o,0,1.3,219.42633,2.2845,333.21,7776.2,2.81,2.41,-74.9,-0.351,18.34,19.01,04a60775o0464o
60775.18222,19.851,1.28,42,53,o,0,0.95,219.42633,2.2845,353.48,7660.08,2.82,2.33,-70.4,-0.355,17.84,18.24,04a60775o0477o
60775.18497,19.072,0.762,85,65,o,0,0.83,219.42633,2.2845,10427.99,7700.44,2.96,2.51,-2.6,-0.423,18.06,18.58,04a60775o0483o
60775.18678,19.066,0.87,86,75,o,0,0.9,219.42633,2.2845,10409.79,7662.02,2.89,2.38,3.2,-0.373,17.78,18.1,04a60775o0487o
60775.19042,-18.982,0.84,-93,78,o,0,0.93,219.42633,2.2845,10468.8,7740.38,2.95,2.42,3.2,-0.366,17.64,18,04a60775o0495o
60775.19714,19.585,0.764,53,41,o,0,1.09,219.42633,2.2845,10486.29,7625.27,2.88,2.54,-9.3,-0.391,18.42,19.14,04a60775o0509o
60783.19058,19.737,0.533,46,25,o,0,1.2,219.42633,2.2845,92.76,3858.57,2.43,2,46.9,-0.38,18.9,19.99,04a60783o0510o
60783.19332,20.15,1.115,32,35,o,0,0.72,219.42633,2.2845,71.7,3819.85,2.39,2.04,63.3,-0.395,18.92,19.97,04a60783o0516o
60783.19604,20.352,0.909,26,24,o,0,1.02,219.42633,2.2845,131.62,3897.58,2.28,2.08,71.7,-0.405,18.92,19.95,04a60783o0522o
60783.19832,19.602,0.575,52,30,o,0,1.02,219.42633,2.2845,10217.2,3822.46,2.71,2.36,-8.6,-0.387,18.9,19.9,04a60783o0527o
60783.20104,19.831,0.663,42,28,o,0,1.37,219.42633,2.2845,10196.58,3783.65,2.63,2.35,-7.7,-0.404,18.89,19.9,04a60783o0533o
60783.20149,23.665,19,1,24,o,0,0.98,219.42633,2.2845,151.38,3780.66,2.25,2.02,70.5,-0.406,18.91,19.94,04a60783o0534o
60783.20514,19.598,0.579,53,30,o,0,0.83,219.42633,2.2845,10255.36,3861.58,2.7,2.31,-13.7,-0.386,18.87,19.91,04a60783o0542o
60783.2106,19.199,0.283,76,22,o,0,1.3,219.42633,2.2845,10276.07,3745.83,2.64,2.22,-15.4,-0.39,18.9,19.94,04a60783o0554o
60787.18631,19.048,0.181,87,16,o,0,1.96,219.42633,2.2845,6225.91,2095.55,2.29,2.13,-27.4,-0.44,19.21,20.75,04a60787o0503o
60787.18856,19.773,0.467,45,21,o,0,1.13,219.42633,2.2845,6205.72,2056.91,2.27,2.12,-23.5,-0.446,19.26,20.74,04a60787o0508o
60787.19173,19.429,0.341,62,21,o,0,0.92,219.42633,2.2845,6264.33,2134.67,2.29,2.13,-28.9,-0.438,19.22,20.76,04a60787o0515o
60787.19863,19.447,0.332,60,20,o,0,1.05,219.42633,2.2845,6284.68,2018.52,2.32,2.16,-32.3,-0.438,19.22,20.79,04a60787o0530o
60788.41318,19.043,0.226,88,20,o,0,0.83,219.42633,2.2845,8391.86,4892.94,2.19,2.1,35.1,-0.411,19.26,20.33,02a60788o0408o
60788.41636,21.135,1.116,13,14,o,0,1.73,219.42633,2.2845,8412.4,4931.71,2.13,2.05,32.4,-0.418,19.27,20.27,02a60788o0415o
60788.41953,19.503,0.307,57,18,o,0,1.7,219.42633,2.2845,8353.22,4855.61,2.14,2.01,37.7,-0.416,19.18,20.25,02a60788o0422o
60788.42501,21.162,1.312,12,16,o,0,1.82,219.42633,2.2845,8331.93,4971.14,2.19,2.02,28.3,-0.418,19.3,20.36,02a60788o0434o
60790.59531,-21.478,1.861,-9,17,c,0,1.61,219.42633,2.2845,8561.5,8771.51,3.45,3.05,51.6,-0.337,18.99,20.66,01a60790o0240c
60790.59902,19.775,0.483,45,22,c,0,1.4,219.42633,2.2845,8578.22,8811.42,3.32,3.18,76.9,-0.359,19.08,20.67,01a60790o0248c
60790.61498,-21.784,3.217,-7,23,c,0,1.4,219.42633,2.2845,8506.03,8734.81,3.53,3.13,53,-0.334,18.76,20.36,01a60790o0282c
60791.25956,20.752,1.371,18,25,o,0,1.19,219.42633,2.2845,8595.14,8748.91,2.43,2.11,-30.3,-0.411,19.22,20.67,04a60791o0668o
60791.29485,19.704,0.462,48,22,o,0,1.68,219.42633,2.2845,8618.56,8789.18,2.37,2.09,-4.5,-0.385,19.1,20.41,04a60791o0744o
60791.30862,20.413,0.833,25,21,o,0,1.64,219.42633,2.2845,8558.63,8714.31,2.35,2.09,-15.6,-0.382,19.09,20.4,04a60791o0773o
60791.31251,20.233,0.699,29,20,o,0,1.38,219.42633,2.2845,8539.04,8831.42,2.4,2.11,-12.8,-0.376,19.07,20.39,04a60791o0781o
60792.4113,20.17,0.468,31,14,o,0,1.64,219.42633,2.2845,2099.39,1002.22,1.89,1.85,80.4,-0.479,19.39,20.46,02a60792o0398o
60792.41311,19.393,0.304,64,19,o,0,1.16,219.42633,2.2845,2119.09,1041.56,1.87,1.81,58,-0.489,19.44,20.45,02a60792o0402o
60792.41627,19.293,0.272,70,19,o,0,1.11,219.42633,2.2845,2060.43,964.35,1.89,1.86,70.8,-0.476,19.4,20.44,02a60792o0409o
60792.42173,21.79,2.211,7,15,o,0,1.92,219.42633,2.2845,2040.38,1082.07,1.87,1.84,63.7,-0.483,19.42,20.48,02a60792o0421o
60792.82224,20.25,0.592,29,17,c,0,1.05,219.42633,2.2845,8325.23,9589.37,2.82,2.31,-52.9,-0.404,19.42,21.11,03a60793o0270c
60792.82451,-21.418,1.562,-10,15,c,0,1.64,219.42633,2.2845,8305.43,9549.96,2.82,2.33,-52.9,-0.409,19.43,21.13,03a60793o0275c
60792.82995,20.174,0.434,31,13,c,0,1.69,219.42633,2.2845,8362.4,9629.98,2.63,2.2,-57.3,-0.407,19.5,21.16,03a60793o0287c
60792.83539,20.777,0.871,18,16,c,0,1.05,219.42633,2.2845,8384.59,9514.06,2.58,2.23,-60.3,-0.406,19.49,21.19,03a60793o0299c
60795.16219,18.778,0.174,112,20,o,0,1.29,219.42633,2.2845,4499.79,6067.49,2.24,2.03,-53.9,-0.426,19.28,20.84,04a60795o0465o
60795.19738,22.317,4.654,4,20,o,0,1.3,219.42633,2.2845,6067.14,4528.84,2.35,2.17,-33.5,-0.419,19.24,20.84,04a60795o0541o
60795.22213,19.86,0.471,41,19,o,0,1.06,219.42633,2.2845,6011.21,4452.18,2.34,2.09,-29.2,-0.43,19.19,20.73,04a60795o0594o
60795.23039,19.365,0.262,65,17,o,0,2.08,219.42633,2.2845,5992.47,4568.94,2.39,2.17,-29.2,-0.411,19.16,20.66,04a60795o0612o
60796.52698,21.652,2.321,8,18,o,0,1.08,219.42633,2.2845,4595.18,7993.58,2.56,2.05,37.4,-0.417,19.28,20.45,02a60796o0312o
60796.53019,19.454,0.285,60,17,o,0,1.25,219.42633,2.2845,4575.03,7951.54,2.51,1.97,37.9,-0.415,19.35,20.43,02a60796o0319o
60796.53761,21.304,1.376,11,15,o,0,1.44,219.42633,2.2845,4632.67,8029.27,2.34,1.94,39.6,-0.43,19.34,20.54,02a60796o0335o
60796.55163,-22.997,6.111,-2,14,o,0,2.27,219.42633,2.2845,4654.49,7911.68,2.34,1.95,38.7,-0.429,19.31,20.31,02a60796o0365o
60798.39125,20.326,0.519,27,14,o,0,1.34,219.42633,2.2845,4478.71,4114.74,2.62,2.37,28.9,-0.393,19.38,20.53,01a60798o0358o
60798.39446,21.203,1.163,12,14,o,0,1.79,219.42633,2.2845,4458.38,4077.6,2.68,2.36,20.1,-0.388,19.37,20.52,01a60798o0365o
60798.39768,20.23,0.55,29,16,o,0,0.83,219.42633,2.2845,4516.43,4154.69,2.75,2.35,17.1,-0.384,19.38,20.52,01a60798o0372o
60798.41827,19.596,0.27,53,14,o,0,1.73,219.42633,2.2845,4535.26,4039.15,2.59,2.35,29.4,-0.397,19.42,20.51,01a60798o0414o
60799.29214,18.933,0.241,97,23,o,0,1.22,219.42633,2.2845,6155.39,6427.6,2.33,2.1,-35.9,-0.42,19.01,20.3,04a60799o0137o
60799.29532,19.337,0.355,67,24,o,0,1.14,219.42633,2.2845,6174.94,6466.21,2.43,2.12,-27.5,-0.411,18.96,20.26,04a60799o0144o
60799.30273,20.019,0.605,36,22,o,0,1.16,219.42633,2.2845,6117.48,6389.85,2.39,2.1,-47.1,-0.417,18.97,20.24,04a60799o0160o
60799.31553,20.436,0.795,24,19,o,0,1.84,219.42633,2.2845,6095.21,6506.14,2.38,2.2,-39.8,-0.412,18.86,20.05,04a60799o0188o
60800.42884,-17.228,1.034,-466,482,o,0,1.23,219.42633,2.2845,656.9,9961.63,2.38,2.09,-43.7,-0.39,15.41,15.73,02a60800o0413o
60800.46227,17.651,0.96,316,304,o,0,1.23,219.42633,2.2845,709.75,9883.31,2.27,2.04,-51.6,-0.394,15.9,16.4,02a60800o0485o
60800.89465,-20.148,0.838,-32,26,o,0,0.93,219.42633,2.2845,568.51,9831.21,2.59,2.26,-47.8,-0.462,19.21,20.3,03a60801o0442o
60800.89783,19.184,0.264,77,20,o,0,2.02,219.42633,2.2845,552.57,9791.75,2.59,2.25,-47.9,-0.449,19.2,20.31,03a60801o0449o
60800.90099,20.09,0.663,33,22,o,0,1.38,219.42633,2.2845,610.87,9869.63,2.68,2.23,-48.1,-0.45,19.2,20.3,03a60801o0456o
60800.91595,19.524,0.301,56,17,o,0,2.03,219.42633,2.2845,9915.16,801.6,2.4,2.1,-53.1,-0.449,19.16,20.32,03a60801o0488o
60802.39366,19.255,0.266,72,19,o,0,0.98,219.42633,2.2845,274.99,5759.69,2.33,2.25,54,-0.423,19.16,19.83,01a60802o0342o
60802.39412,19.117,0.254,82,21,o,0,0.98,219.42633,2.2845,10406.6,5762.54,2.47,2.27,-45.8,-0.456,19.17,19.87,01a60802o0343o
60802.3964,19.882,0.61,40,25,o,0,1.1,219.42633,2.2845,10385.19,5722.7,2.93,2.71,-58.2,-0.422,19.01,19.88,01a60802o0348o
60802.39686,19.88,0.376,40,15,o,0,2.2,219.42633,2.2845,253.52,5720.67,2.53,2.43,53.4,-0.407,19.07,19.84,01a60802o0349o
60802.39916,19.52,0.364,56,21,o,0,1.37,219.42633,2.2845,10443.84,5800.51,3.1,2.84,-54.2,-0.39,18.96,19.88,01a60802o0354o
60802.41962,19.7,0.492,48,24,o,0,0.93,219.42633,2.2845,10464.48,5685.98,2.48,2.33,-47.3,-0.448,19.19,19.89,01a60802o0398o
60802.43237,19.91,0.438,39,17,o,0,1.94,219.42633,2.2845,10307.76,4746.27,2.58,2.54,-27.9,-0.371,19.09,19.85,01a60802o0425o
60802.46091,19.401,0.299,63,19,o,0,1.04,219.42633,2.2845,10285.76,4859.56,2.6,2.54,4.5,-0.383,18.98,19.78,01a60802o0485o
60803.10032,18.864,0.858,103,89,o,0,1.37,219.42633,2.2845,199.17,5799.71,2.5,2.16,76.7,-0.353,17.07,17.09,04a60803o0333o
60803.10212,19.845,2.454,42,103,o,0,0.96,219.42633,2.2845,177.83,5761.25,2.42,2.12,74.7,-0.356,17.2,17.19,04a60803o0337o
60803.11214,22.319,16.6,4,71,o,0,1.14,219.42633,2.2845,236.52,5838.72,2.53,2.16,78.5,-0.337,17.4,17.38,04a60803o0359o
60803.12341,19.119,0.777,82,64,o,0,0.91,219.42633,2.2845,256.89,5722.75,2.5,2.1,88.2,-0.349,17.71,17.87,04a60803o0383o
60803.12935,-19.243,0.895,-73,65,o,0,1.13,219.42633,2.2845,10318.29,5762.04,2.86,2.18,-9,-0.393,17.75,18.09,04a60803o0396o
60803.13118,-20.015,1.511,-36,54,o,0,1.48,219.42633,2.2845,10297.61,5723.87,2.69,2.13,-4.7,-0.423,17.88,18.28,04a60803o0400o
60803.13482,22.317,10.35,4,44,o,0,0.83,219.42633,2.2845,10356.91,5802.37,2.71,2.11,-3.5,-0.422,18.34,18.92,04a60803o0408o
60803.14291,-23.421,15.875,-2,25,o,0,1.57,219.42633,2.2845,10378.68,5688.15,2.74,2.2,-10.4,-0.404,18.68,19.46,04a60803o0425o
60808.95014,19.052,0.394,87,34,o,0,1.26,219.42633,2.2845,2295.53,8511.86,3.19,2.53,-19,-0.345,18.36,18.87,03a60809o0581o
60808.95376,18.712,0.294,119,35,o,0,1.28,219.42633,2.2845,2313.21,8551.23,2.94,2.53,-29.2,-0.357,18.44,18.85,03a60809o0589o
60808.95919,19.566,0.506,54,27,o,0,1.33,219.42633,2.2845,2258.54,8472.46,2.74,2.38,-31.6,-0.357,18.45,18.82,03a60809o0601o
60808.97017,20.029,0.967,35,34,o,0,1.06,219.42633,2.2845,2239.2,8588.18,2.83,2.4,-23.2,-0.358,18.43,18.8,03a60809o0625o
60810.45967,18.456,0.849,150,128,o,0,1.17,219.42633,2.2845,6252.89,8386.4,2.6,2.44,61.3,-0.419,17.03,16.75,01a60810o0302o
60810.46333,17.603,0.575,330,190,o,0,0.71,219.42633,2.2845,6273.44,8426.33,2.55,2.35,65,-0.428,16.46,16.09,01a60810o0310o
60810.46981,20.274,6.333,28,179,o,0,0.9,219.42633,2.2845,6213.34,8346.84,2.52,2.37,68.6,-0.423,16.77,16.52,01a60810o0324o
60810.48839,19.701,1.315,48,63,o,0,1.08,219.42633,2.2845,6186.67,8462.67,2.97,2.58,54.4,-0.356,17.57,17.6,01a60810o0364o
60811.16641,18.119,2.006,205,412,o,0,1.28,219.42633,2.2845,6254.05,8357.81,2.39,2.04,-59.5,-0.43,15.57,15.46,04a60811o0491o
60811.16959,-17.982,4.69,-233,1092,o,0,0.83,219.42633,2.2845,6274.11,8396.9,2.55,2.16,-61,-0.414,14.76,14.54,04a60811o0498o
60811.17598,-14.63,0.4,-5104,2042,o,0,1.16,219.42633,2.2845,6215.65,8319.63,2.41,2.05,-56.1,-0.428,13.8,13.46,04a60811o0512o
60811.18747,17.932,1.641,244,400,o,0,0.9,219.42633,2.2845,6195.4,8437.29,2.72,2.23,-63.9,-0.423,15.59,15.69,04a60811o0537o
60812.54943,19.891,0.693,40,28,o,0,0.81,219.42633,2.2845,8468.47,7805.99,2.32,2.27,-46.9,-0.431,18.84,19.45,02a60812o0127o
60812.55224,20.599,1.269,21,26,o,0,1.12,219.42633,2.2845,8451,7766.56,2.35,2.28,-48.4,-0.436,18.81,19.41,02a60812o0133o
60812.57718,19.433,0.529,61,32,o,0,1.23,219.42633,2.2845,8511.23,7848.24,2.63,2.29,-47.2,-0.429,18.6,19.13,02a60812o0187o
60812.5832,20.377,1.407,26,36,o,0,1.01,219.42633,2.2845,8527.63,7726.89,2.44,2.37,-16.1,-0.425,18.52,19.05,02a60812o0200o
60813.00373,19.35,0.388,66,26,o,0,1.06,219.42633,2.2845,2159.26,2709.16,2.49,2.26,-48.3,-0.398,18.74,19.49,03a60813o0332o
60813.00736,-20.31,1.163,-27,32,o,0,1.24,219.42633,2.2845,2177.59,2748.41,3.1,2.38,-7.3,-0.365,18.39,19.19,03a60813o0340o
60813.01424,19.084,1.056,84,89,o,0,1.21,219.42633,2.2845,2119.8,2669.06,2.48,2.29,-26.3,-0.382,17.13,17.37,03a60813o0355o
60813.02883,20.519,1.153,22,26,o,0,1.06,219.42633,2.2845,2102.73,2785.83,2.57,2.35,-60.3,-0.376,18.63,19.31,03a60813o0387o
60814.44176,21.047,1.289,14,18,o,0,1.38,219.42633,2.2845,8495.92,6822.08,2.65,2.53,78.4,-0.427,19.31,20.41,01a60814o0156o
60814.45049,19.987,0.565,37,21,o,0,1.43,219.42633,2.2845,8512.13,6862.48,3.28,3.14,-85.1,-0.405,19.05,20.32,01a60814o0175o
60814.46091,19.31,0.237,68,16,o,0,2.17,219.42633,2.2845,8449.88,6784.84,2.91,2.76,-78.7,-0.43,19.2,20.29,01a60814o0197o
60814.47385,19.342,0.26,67,17,o,0,1.49,219.42633,2.2845,8425.12,6900.21,2.77,2.56,-63.4,-0.424,19.22,20.22,01a60814o0225o
60815.16294,19.866,0.356,41,15,c,0,1.43,219.42633,2.2845,8496.67,6806.17,2.66,2.27,-25.5,-0.392,19.42,21.43,04a60815o0432c
60815.16613,19.764,0.345,45,16,c,0,1.28,219.42633,2.2845,8514.05,6845.13,2.67,2.21,-24.6,-0.394,19.43,21.41,04a60815o0439c
60815.16981,20.53,0.607,22,14,c,0,1.98,219.42633,2.2845,8455.23,6768.1,2.65,2.24,-23.4,-0.395,19.43,21.36,04a60815o0447c
60815.17344,20.152,0.435,32,14,c,0,1.6,219.42633,2.2845,8437.96,6884.45,2.7,2.26,-27,-0.394,19.37,21.29,04a60815o0455c
60818.39036,19.474,0.248,59,15,o,0,1.24,219.42633,2.2845,4217.03,6563.64,2.59,2.3,48.4,-0.398,19.59,20.9,01a60818o0272o
60818.39357,20.27,0.506,28,14,o,0,0.9,219.42633,2.2845,4237.72,6601.67,2.55,2.26,44,-0.398,19.59,20.89,01a60818o0279o
60818.40034,20.866,0.775,16,13,o,0,1.51,219.42633,2.2845,4179.72,6523.46,2.54,2.2,48.3,-0.395,19.62,20.88,01a60818o0293o
60818.41228,20.127,0.414,32,13,o,0,1.45,219.42633,2.2845,4158.4,6637.13,2.58,2.27,50.4,-0.397,19.59,20.87,01a60818o0319o
60819.15189,20.36,0.525,26,14,c,0,1.56,219.42633,2.2845,4215.71,6522.16,2.36,2.04,-69.7,-0.371,19.39,21.31,04a60819o0453c
60819.15474,20.718,0.636,19,12,c,0,1.79,219.42633,2.2845,4236.2,6561.26,2.27,1.98,-72,-0.37,19.4,21.34,04a60819o0459c
60819.1648,21.644,1.78,8,14,c,0,1.18,219.42633,2.2845,4176.75,6484.46,2.27,1.99,-69,-0.372,19.41,21.45,04a60819o0481c
60819.1703,20.306,0.517,27,14,c,0,1.44,219.42633,2.2845,4156.36,6600.99,2.29,1.99,-69.9,-0.372,19.43,21.4,04a60819o0493c
60820.37351,-22.368,3.37,-4,14,c,0,1.33,219.42633,2.2845,2619.86,9849.91,2.47,2.35,-5.1,-0.425,19.56,21.41,02a60820o0294c
60820.3817,21.577,1.636,8,14,c,0,1.25,219.42633,2.2845,2597.01,9810.12,2.48,2.4,8.5,-0.423,19.56,21.4,02a60820o0312c
60820.38488,22.167,2.812,5,14,c,0,1.6,219.42633,2.2845,2655.63,9892.27,2.47,2.39,20.8,-0.421,19.57,21.38,02a60820o0319c
60820.39532,-21.217,1.091,-12,13,c,0,2.05,219.42633,2.2845,2674,9771.48,2.48,2.41,32.1,-0.415,19.53,21.37,02a60820o0342c
60820.93369,19.619,0.306,52,16,o,0,1.62,219.42633,2.2845,8041.15,801.02,2.87,2.38,-15.5,-0.379,19.3,20.81,03a60821o0288o
60820.93685,19.824,0.387,43,16,o,0,1.39,219.42633,2.2845,8061.74,840.9,2.75,2.39,-24.9,-0.385,19.3,20.82,03a60821o0295o
60820.9441,19.542,0.311,55,17,o,0,1.18,219.42633,2.2845,8005.98,761.32,2.61,2.34,-36.2,-0.399,19.34,20.78,03a60821o0311o
60820.96001,19.393,0.28,64,18,o,0,1.01,219.42633,2.2845,7986.45,878.97,2.62,2.34,-25.8,-0.404,19.27,20.69,03a60821o0346o
60822.37445,19.585,0.268,53,14,o,0,2.04,219.42633,2.2845,5975.74,831.99,2.31,2.17,30.3,-0.464,19.5,20.7,01a60822o0306o
60822.37813,20.474,0.554,24,13,o,0,1.92,219.42633,2.2845,5996.21,870.12,2.33,2.17,29.4,-0.461,19.48,20.68,01a60822o0314o
60822.38362,19.621,0.335,52,17,o,0,0.94,219.42633,2.2845,5937.4,791.44,2.35,2.22,32.8,-0.462,19.4,20.58,01a60822o0326o
60822.41767,22.459,5.552,4,21,o,0,0.84,219.42633,2.2845,5910.82,902.2,2.35,2.19,55.7,-0.463,19.32,20.5,01a60822o0398o
60823.1269,-19.524,0.317,-56,18,c,0,0.94,219.42633,2.2845,5987.31,803.75,2.65,2.53,20.2,-0.376,19.37,21.37,04a60823o0400c
60823.12967,-21.516,1.756,-9,16,c,0,1.57,219.42633,2.2845,6007.08,842.45,2.7,2.49,19.1,-0.374,19.38,21.36,04a60823o0406c
60823.13707,22.624,4.5,3,15,c,0,1.66,219.42633,2.2845,5949.34,764.61,2.72,2.52,19.1,-0.369,19.39,21.38,04a60823o0422c
60823.14711,21.158,1.268,12,16,c,0,2.02,219.42633,2.2845,5929.38,882.71,2.84,2.65,26.9,-0.363,19.33,21.43,04a60823o0444c
60824.36386,20.146,0.457,32,14,c,0,1.16,219.42633,2.2845,293.68,7713.66,2.33,2.24,-12,-0.417,19.56,21.28,02a60824o0274c
60824.36939,20.292,0.576,28,16,c,0,1.18,219.42633,2.2845,273.29,7676.78,2.32,2.27,-8.1,-0.4,19.52,21.26,02a60824o0286c
60824.37257,21.024,1.233,14,17,c,0,0.87,219.42633,2.2845,331.53,7754.37,2.32,2.26,3.3,-0.416,19.5,21.25,02a60824o0293c
60824.37347,19.871,0.345,41,14,c,0,2.1,219.42633,2.2845,10442.28,7719.71,2.76,2.59,-54.1,-0.408,19.51,21.26,02a60824o0295c
60824.37667,19.811,0.328,43,14,c,0,1.68,219.42633,2.2845,10425.08,7682.68,2.69,2.61,-64,-0.407,19.54,21.26,02a60824o0302c
60824.38265,20.771,1.116,18,20,c,0,1.32,219.42633,2.2845,10482.67,7760.75,2.76,2.64,-62.4,-0.408,19.46,21.26,02a60824o0315c
60824.3831,-22.048,2.5,-6,14,c,0,1.58,219.42633,2.2845,350.97,7639.41,2.32,2.29,5.1,-0.412,19.51,21.25,02a60824o0316c
60824.41768,-22.246,4.64,-5,21,c,0,1.32,219.42633,2.2845,10485.18,7641.34,2.8,2.45,-55.6,-0.418,19.52,21.26,02a60824o0390c
60826.36215,19.701,0.356,48,17,o,0,1.53,219.42633,2.2845,412.9,8729.26,2.98,2.82,-80.6,-0.418,19.41,20.99,01a60826o0283o
60826.36587,-25.587,81,0,17,o,0,1.8,219.42633,2.2845,434.53,8767.36,3.28,3.1,-77.1,-0.41,19.29,21,01a60826o0291o
60826.37237,20.648,0.88,20,18,o,0,3.19,219.42633,2.2845,376.45,8687.97,3.5,3.33,-67.4,-0.391,19.29,21.02,01a60826o0305o
60826.37375,19.658,0.311,50,16,o,0,2.24,219.42633,2.2845,10515.98,8750.36,3.74,3.35,-53.8,-0.38,19.23,21.03,01a60826o0308o
60826.38216,20.487,0.824,23,19,o,0,2.42,219.42633,2.2845,354.97,8804.31,3.62,3.48,-62.2,-0.416,19.28,20.99,01a60826o0326o
60827.12926,-18.296,0.286,-174,50,c,0,0.98,219.42633,2.2845,406.51,8668.7,2.71,2.21,-80.6,-0.359,17.92,19.68,04a60827o0395c
60827.13016,-18.709,0.52,-119,62,c,0,1.13,219.42633,2.2845,10512.52,8614.18,2.9,2.46,-17.3,-0.405,18.18,20.03,04a60827o0397c
60827.13245,19.594,0.784,53,41,c,0,1.19,219.42633,2.2845,426.71,8708.24,2.73,2.19,-80.6,-0.358,18.16,20,04a60827o0402c
60827.13884,22.724,11,3,32,c,0,1.16,219.42633,2.2845,368.03,8630.18,2.77,2.24,-85,-0.355,18.43,20.35,04a60827o0416c
60827.14294,-19.792,1.279,-44,56,c,0,1.13,219.42633,2.2845,10495.41,8732.97,3.1,2.63,-27.5,-0.392,18.17,20.15,04a60827o0425c
60827.14889,-19.611,1.518,-52,79,c,0,1.12,219.42633,2.2845,346.38,8747.38,2.9,2.24,-87,-0.35,17.68,19.53,04a60827o0438c
60828.88681,19.756,0.359,46,16,o,0,1.21,219.42633,2.2845,2200.14,4641.85,2.91,2.45,-16.7,-0.396,19.15,20.54,03a60829o0451o
60828.89045,20.052,0.535,35,18,o,0,1.88,219.42633,2.2845,2219.2,4679.84,3.07,2.71,-14.3,-0.371,19.09,20.54,03a60829o0459o
60828.92547,19.737,0.392,46,18,o,0,1.06,219.42633,2.2845,2171.17,4598.85,2.75,2.54,-54,-0.397,19.25,20.67,03a60829o0535o
60828.93089,-21.692,1.87,-8,14,o,0,1.45,219.42633,2.2845,2151.1,4715.98,2.74,2.41,-53,-0.396,19.33,20.76,03a60829o0547o
60830.3106,22.472,7.632,4,28,o,0,0.96,219.42633,2.2845,8358.4,3914.27,2.84,2.81,-6.9,-0.412,18.72,19.56,01a60830o0151o
60830.32994,19.532,0.422,56,24,o,0,1.06,219.42633,2.2845,8337.79,3874.74,2.57,2.54,40.3,-0.428,18.88,19.63,01a60830o0191o
60830.33366,-19.805,0.571,-43,25,o,0,1.63,219.42633,2.2845,8396.58,3952.44,2.69,2.68,30.2,-0.431,18.77,19.56,01a60830o0199o
60830.34698,-20.09,1.056,-33,35,o,0,1.44,219.42633,2.2845,2213.69,6753.92,2.71,2.49,43,-0.411,18.3,18.89,01a60830o0227o
60831.14503,18.951,0.253,95,24,o,0,1.55,219.42633,2.2845,2282.71,6621.65,2.43,2.11,-81.5,-0.377,18.71,19.78,04a60831o0437o
60831.14866,19.096,0.282,84,24,o,0,1.28,219.42633,2.2845,2300.07,6660.65,2.49,2.15,-78,-0.377,18.7,19.77,04a60831o0445o
60831.16532,22.581,8.476,3,29,o,0,0.84,219.42633,2.2845,2241.29,6585.16,2.42,2.11,-78.4,-0.377,18.73,19.78,04a60831o0481o
60831.18853,20.338,0.849,27,23,o,0,1.46,219.42633,2.2845,2224.13,6700.76,2.42,2.06,-76.4,-0.378,18.69,19.68,04a60831o0531o
60832.37245,20.043,0.9,35,31,o,0,0.88,219.42633,2.2845,10245.15,3831.6,2.2,1.85,-52,-0.469,18.69,19.06,02a60832o0168o
60832.37562,20.566,3.176,22,68,o,0,0.96,219.42633,2.2845,10225.1,3792.55,2.18,1.82,-54.1,-0.486,17.83,18.37,02a60832o0175o
60832.38199,19.622,0.557,51,29,o,0,0.95,219.42633,2.2845,10283.92,3873.38,2.2,1.8,-52.5,-0.489,18.86,19.29,02a60832o0189o
60832.3957,-18.062,0.853,-216,185,o,0,0.83,219.42633,2.2845,10299.45,3756.1,2.36,1.83,-57.2,-0.456,16.51,16.46,02a60832o0218o
60836.38282,20.721,1.423,19,27,o,0,1.25,219.42633,2.2845,6254.95,2085.46,1.91,1.86,55.2,-0.44,18.57,18.71,02a60836o0307o
60836.38562,21.446,3.198,10,31,o,0,1.01,219.42633,2.2845,6234.71,2047.18,1.94,1.87,-77.6,-0.437,18.5,18.81,02a60836o0313o
60836.39249,19.501,0.482,58,28,o,0,1.71,219.42633,2.2845,6291.72,2125.28,1.93,1.88,53.4,-0.431,18.41,18.48,02a60836o0328o
60836.40587,-20.84,1.671,-17,28,o,0,0.89,219.42633,2.2845,6314,2010.67,1.91,1.87,63.8,-0.435,18.48,18.55,02a60836o0356o
60836.93229,-21.716,4.569,-8,34,o,0,0.9,219.42633,2.2845,4249.16,8458.98,2.47,2.08,-40.8,-0.366,18.39,18.6,03a60837o0292o
60836.93544,19.616,0.633,52,33,o,0,0.86,219.42633,2.2845,4268.31,8498.66,2.56,2.13,-41.2,-0.363,18.36,18.58,03a60837o0299o
60836.9505,20.055,0.977,34,34,o,0,1.29,219.42633,2.2845,4212.74,8417.66,2.52,2.11,-34.1,-0.363,18.35,18.5,03a60837o0332o
60836.95776,19.981,1.004,37,37,o,0,1.18,219.42633,2.2845,4191.56,8535.7,2.63,2.19,-37.7,-0.364,18.26,18.45,03a60837o0348o
60838.39312,19.588,0.434,53,23,o,0,1.26,219.42633,2.2845,8389.15,4887.94,2.42,2.33,57.1,-0.432,18.88,19.37,01a60838o0313o
60838.39603,-21.591,3.087,-8,26,o,0,0.99,219.42633,2.2845,8408.24,4924.99,2.42,2.28,43.9,-0.43,18.82,19.26,01a60838o0319o
60838.40125,19.805,0.54,44,24,o,0,1.3,219.42633,2.2845,8347.45,4847.34,2.42,2.34,52.4,-0.425,18.76,19.18,01a60838o0330o
60838.41205,20.318,0.961,27,26,o,0,1.21,219.42633,2.2845,8322.73,4963.98,2.34,2.26,59.7,-0.435,18.76,19.14,01a60838o0352o
60840.36973,21.861,3.912,6,26,o,0,0.81,219.42633,2.2845,1952.17,1782.93,2.03,1.86,-72.4,-0.483,19.16,20.14,02a60840o0281o
60840.37291,19.471,0.378,59,22,o,0,1.18,219.42633,2.2845,1931.15,1743.88,2.09,1.94,-69.8,-0.475,19.19,20.08,02a60840o0288o
60840.37929,19.458,0.332,60,20,o,0,1.01,219.42633,2.2845,1989.19,1822.52,1.99,1.92,-78.6,-0.471,19.16,19.94,02a60840o0302o
60840.39396,19.775,0.471,45,21,o,0,1.19,219.42633,2.2845,2015.57,1707.5,2.12,2.05,-78,-0.463,19.11,19.81,02a60840o0334o
60840.859,19.672,0.474,49,23,o,0,1.19,219.42633,2.2845,10010.27,713.04,3.12,2.45,-11.3,-0.411,18.94,20.04,03a60841o0328o
60840.86859,20.928,1.568,16,24,o,0,1.59,219.42633,2.2845,10009.9,771.96,3.25,2.49,-14.8,-0.401,18.86,20,03a60841o0347o
60840.87851,-20.114,0.767,-33,25,o,0,1.79,219.42633,2.2845,9955.8,692.6,3.51,2.5,-7.3,-0.396,18.85,19.96,03a60841o0367o
60840.87896,-20.597,1.273,-21,27,o,0,1.02,219.42633,2.2845,9955.66,692.58,2.72,2.35,-27.4,-0.45,18.98,19.96,03a60841o0368o
60841.74521,-20.613,0.943,-21,20,o,0,1.64,219.42633,2.2845,539.13,9857.99,2.85,2.52,-44.3,-0.437,19.37,20.76,03a60842o0129o
60841.75846,-19.673,0.58,-49,28,o,0,0.81,219.42633,2.2845,545.37,9798.2,3.39,3.01,-43.1,-0.376,19.25,20.87,03a60842o0155o
60841.75891,23.195,10.5,2,20,o,0,1.42,219.42633,2.2845,545.68,9798.08,3.26,2.87,-39.2,-0.398,19.28,20.88,03a60842o0156o
60841.77442,21.794,3.69,7,26,o,0,0.91,219.42633,2.2845,629.01,9759.13,3.3,2.87,-39.9,-0.387,19.33,20.93,03a60842o0187o
60841.77487,19.922,0.404,39,16,o,0,2.44,219.42633,2.2845,629.04,9758.83,3.23,2.86,-37.2,-0.389,19.31,20.93,03a60842o0188o
60841.77532,20.79,1.395,18,24,o,0,0.74,219.42633,2.2845,629.14,9758.59,3.04,2.7,-39.5,-0.418,19.36,20.93,03a60842o0189o
60842.75689,-18.852,0.423,-104,44,o,0,1.61,219.42633,2.2845,544.93,9859.52,3.11,2.73,-36.4,-0.448,18.48,19.74,03a60843o0045o
60842.77044,21.24,1.849,12,21,o,0,1.67,219.42633,2.2845,552.76,9799.85,3.02,2.66,-38.5,-0.444,19.33,20.72,03a60843o0072o
60842.834,20.755,0.984,18,18,o,0,1.36,219.42633,2.2845,9947.34,689.72,2.51,2.1,-57.2,-0.452,19.47,20.86,03a60843o0200o
60842.84691,20.163,0.46,31,14,o,0,2.49,219.42633,2.2845,9929.39,807.55,2.56,2.23,-41.6,-0.446,19.42,20.95,03a60843o0226o
60842.84736,-24.805,40.667,0,18,o,0,1.26,219.42633,2.2845,9929.47,807.8,2.49,2.11,-51.7,-0.444,19.48,20.94,03a60843o0227o
60843.18261,20.449,1.09,24,26,o,0,2.08,219.42633,2.2845,2124,1003.85,2.73,2.21,42.4,-0.41,18.72,19.88,04a60843o0095o
60843.18579,19.837,0.628,42,26,o,0,1.51,219.42633,2.2845,2143.82,1042.74,2.71,2.18,42.9,-0.414,18.71,19.8,04a60843o0102o
60843.19131,-20.513,1.425,-23,32,o,0,1.09,219.42633,2.2845,2084.99,965.54,2.84,2.29,42.2,-0.402,18.65,19.87,04a60843o0114o
60843.20471,19.146,0.336,80,27,o,0,1.08,219.42633,2.2845,2066.1,1084.43,2.69,2.14,43.4,-0.408,18.68,19.71,04a60843o0143o
60844.36268,20.159,0.423,31,13,o,0,1.44,219.42633,2.2845,4502.34,6055.56,2.3,1.88,38.1,-0.434,19.59,21.04,02a60844o0260o
60844.36588,20.09,0.381,33,13,o,0,2.59,219.42633,2.2845,4481.18,6017.24,2.29,1.85,38.5,-0.435,19.59,21.02,02a60844o0267o
60844.37136,20.426,0.673,24,16,o,0,1.03,219.42633,2.2845,4539.31,6095.45,2.32,1.88,39.1,-0.434,19.57,21.01,02a60844o0279o
60844.38237,20.907,0.864,16,14,o,0,1.63,219.42633,2.2845,4559.63,5979.54,2.33,1.88,39.2,-0.432,19.57,20.98,02a60844o0303o
60846.11973,-19.78,0.459,-44,20,o,0,1.67,219.42633,2.2845,9893.83,578.53,2.86,2.66,-27,-0.372,19.1,20.6,04a60846o0303o
60846.12733,21.371,2.125,10,22,o,0,1.76,219.42633,2.2845,9990.53,655.73,3.06,2.47,-26.9,-0.339,19.12,20.55,04a60846o0318o
60846.13043,19.627,0.407,51,21,o,0,1.98,219.42633,2.2845,10029.54,675.77,2.92,2.55,-17.6,-0.351,19.06,20.56,04a60846o0324o
60846.13709,20.857,1.403,16,23,o,0,1.6,219.42633,2.2845,9853.34,540.66,2.87,2.51,-24.8,-0.37,19.1,20.61,04a60846o0337o
60846.14068,-21.029,1.645,-14,23,o,0,1.49,219.42633,2.2845,9835.3,659.08,2.86,2.47,-24.7,-0.36,19.1,20.6,04a60846o0344o
60846.14114,19.916,0.622,39,24,o,0,0.96,219.42633,2.2845,9674.18,896.83,2.9,2.43,-29.9,-0.368,19.1,20.59,04a60846o0345o
60847.14271,21.971,3.156,6,19,o,0,1.75,219.42633,2.2845,5958.59,2561.42,2.37,2.28,-16.3,-0.434,19.01,20.35,04a60847o0397o
60847.14595,21.629,2.213,8,18,o,0,1.75,219.42633,2.2845,5978.92,2600.42,2.34,2.17,-11.5,-0.429,19.04,20.4,04a60847o0404o
60847.15203,21.612,1.94,8,16,o,0,1.83,219.42633,2.2845,5920.1,2521.81,2.3,2.13,-29.3,-0.418,19.06,20.46,04a60847o0417o
60847.16214,-20.737,1.297,-18,24,o,0,0.96,219.42633,2.2845,5900.23,2640.33,2.41,2.26,-16.1,-0.424,19.06,20.43,04a60847o0439o
60847.21372,19.643,0.447,50,22,o,0,1.32,219.42633,2.2845,5901.71,2645.35,2.52,2.29,-28.4,-0.43,18.89,20.26,04a60847o0550o
60849.14522,19.439,0.461,61,28,o,0,2.68,219.42633,2.2845,9976.3,498.6,3.98,3.14,-25.2,-0.32,18.71,20.37,04a60849o0352o
60849.14567,-21.051,2.219,-14,31,o,0,3.83,219.42633,2.2845,9996.92,478.86,4.06,3.28,-27.6,-0.351,18.67,20.38,04a60849o0353o
60849.15169,-21.417,3.19,-10,31,o,0,4.43,219.42633,2.2845,9822.9,423.37,3.98,3.66,-21,-0.338,18.61,20.42,04a60849o0363o
60849.15906,-21.262,2.333,-11,26,o,0,1.29,219.42633,2.2845,9721.71,837.96,3.76,3.11,-24.9,-0.335,18.74,20.51,04a60849o0376o
60850.30777,-21.542,1.722,-9,15,o,0,1.32,219.42633,2.2845,647.75,9959.56,2.28,1.85,-53.2,-0.451,19.56,20.96,02a60850o0135o
60850.31327,-22.307,3.371,-4,15,o,0,1.67,219.42633,2.2845,629.68,9920.34,2.31,1.84,-55.3,-0.461,19.54,20.97,02a60850o0147o
60850.31741,20.349,0.665,26,18,o,0,1.61,219.42633,2.2845,687.66,9998.34,2.31,1.84,-55.9,-0.451,19.53,20.99,02a60850o0156o
60850.32428,22.402,4.667,4,18,o,0,1,219.42633,2.2845,704.31,9880.57,2.23,1.81,-55,-0.454,19.56,20.97,02a60850o0171o
60851.1065,20.476,0.931,23,22,o,0,1.77,219.42633,2.2845,9899.31,582.17,3.3,2.53,-20.9,-0.355,19.12,20.66,04a60851o0349o
60851.10971,19.71,0.724,47,34,o,0,0.74,219.42633,2.2845,9916.71,621.9,2.99,2.36,-22.9,-0.374,19.22,20.78,04a60851o0356o
60851.11517,20.912,1.927,16,30,o,0,1.16,219.42633,2.2845,9857.28,542.94,3.05,2.35,-23.8,-0.373,19.21,20.73,04a60851o0368o
60851.12618,21.393,2.61,10,26,o,0,1.55,219.42633,2.2845,9839.9,661.69,3.01,2.37,-26.1,-0.362,19.16,20.52,04a60851o0392o
60851.18924,-23.086,13.857,-2,29,o,0,1.42,219.42633,2.2845,9839.43,665.49,3.08,2.28,-26.5,-0.369,18.93,20.24,04a60851o0529o
60852.34661,-21.456,1.808,-10,17,o,0,1.02,219.42633,2.2845,194.42,5768.53,1.98,1.89,26.3,-0.385,19.19,20.5,02a60852o0228o
60852.34752,-23.874,18,-1,18,o,0,1.01,219.42633,2.2845,10329.04,5775.46,2.24,1.9,-54.4,-0.507,19.39,20.75,02a60852o0230o
60852.34983,20.529,1.434,22,32,o,0,0.91,219.42633,2.2845,175.28,5729.47,2.01,1.88,23.3,-0.394,18.89,20.14,02a60852o0235o
60852.35074,20.706,1.032,19,20,o,0,1.09,219.42633,2.2845,10308.86,5735.83,2.3,1.96,-55.2,-0.481,19.36,20.72,02a60852o0237o
60852.35676,-18.372,0.454,-163,74,o,0,1.18,219.42633,2.2845,10365.74,5814.8,2.34,1.97,-53.7,-0.487,17.69,18.78,02a60852o0250o
60852.36636,19.831,0.882,42,37,o,0,1.78,219.42633,2.2845,255.38,5691.07,2.12,2.02,28.8,-0.406,18.25,19.49,02a60852o0271o
60852.36682,-20.414,1.778,-25,44,o,0,1.3,219.42633,2.2845,10386.82,5699.61,2.33,2.01,-51.1,-0.483,18.45,19.66,02a60852o0272o
60852.37274,19.992,0.83,37,30,o,0,1.09,219.42633,2.2845,257.18,5691.63,2.11,2.02,24.9,-0.401,18.53,19.75,02a60852o0285o
60856.3336,19.513,0.304,57,17,o,0,1.14,219.42633,2.2845,6437.85,5957.72,2.27,1.91,40.9,-0.437,19.37,20.47,02a60856o0190o
60856.33729,20.117,0.6,33,20,o,0,1.1,219.42633,2.2845,6417.16,5919.83,2.31,1.94,39.4,-0.439,19.35,20.43,02a60856o0198o
60856.34419,19.226,0.233,74,17,o,0,1.56,219.42633,2.2845,6475.23,5998.8,2.31,1.93,40.4,-0.439,19.38,20.5,02a60856o0213o
60856.36153,19.84,0.373,42,16,o,0,1.99,219.42633,2.2845,6494.95,5882.92,2.34,1.92,40,-0.433,19.37,20.53,02a60856o0251o
60856.38643,21.315,1.597,11,17,o,0,1.38,219.42633,2.2845,6497.66,5884.04,2.37,2.08,38.9,-0.43,19.34,20.56,02a60856o0304o
60856.81587,20.769,1.046,18,19,o,0,1.12,219.42633,2.2845,4130.3,4590.01,2.68,2.45,-21.3,-0.386,19.29,20.82,03a60857o0291o
60856.81903,-22.211,3.545,-5,17,o,0,1.71,219.42633,2.2845,4151.56,4629.88,3.21,2.69,-15,-0.375,19.15,20.8,03a60857o0298o
60856.82584,-21.157,1.266,-12,16,o,0,1.45,219.42633,2.2845,4096.73,4551.33,3.05,2.56,-13.7,-0.374,19.21,20.81,03a60857o0313o
60856.84631,20.125,0.431,32,14,o,0,1.63,219.42633,2.2845,4078.73,4667.38,2.72,2.4,-18.6,-0.386,19.3,20.83,03a60857o0358o
60858.29827,19.797,0.372,44,16,o,0,1.79,219.42633,2.2845,2370.57,8604.75,2.47,2.34,59.3,-0.439,19.49,20.63,01a60858o0124o
60858.30102,20.516,0.731,23,16,o,0,1.21,219.42633,2.2845,2388.89,8643.39,2.46,2.45,65.7,-0.438,19.47,20.64,01a60858o0130o
60858.31079,20.606,0.675,21,14,o,0,1.4,219.42633,2.2845,2331.31,8563.1,2.48,2.33,65.7,-0.434,19.5,20.65,01a60858o0151o
60858.32467,20.075,0.516,34,18,o,0,1.4,219.42633,2.2845,2314.45,8678.94,2.56,2.44,77.5,-0.429,19.44,20.64,01a60858o0181o
60859.04292,21.375,3.117,10,32,o,0,1.07,219.42633,2.2845,2372.35,8562.39,2.51,1.92,-74.3,-0.386,18.46,19.55,04a60859o0210o
60859.04657,20.268,1.893,28,54,o,0,1.2,219.42633,2.2845,2389.61,8601.25,2.36,1.91,-69.5,-0.424,17.88,19.32,04a60859o0218o
60859.05298,19.369,0.379,65,25,o,0,1.4,219.42633,2.2845,2330.89,8523.19,2.48,1.96,-71.2,-0.394,18.66,19.54,04a60859o0232o
60859.07131,19.47,0.401,59,24,o,0,1.55,219.42633,2.2845,2310.75,8641.06,2.44,1.86,-71.4,-0.405,18.75,19.78,04a60859o0272o
60860.32626,19.949,0.626,38,24,o,0,1.14,219.42633,2.2845,4313.35,2180.07,2.13,1.9,41,-0.44,18.69,19.26,02a60860o0176o
60860.32914,-22.552,8.355,-4,29,o,0,0.65,219.42633,2.2845,4293.64,2142.28,2.11,1.93,41.1,-0.445,18.88,19.48,02a60860o0182o
60860.33497,-23.308,15.875,-2,27,o,0,0.8,219.42633,2.2845,4351.21,2220.58,2.06,1.9,43.8,-0.441,18.98,19.64,02a60860o0194o
60860.35932,20.537,1.121,22,25,o,0,0.93,219.42633,2.2845,4375.43,2106.34,2.09,1.95,38.3,-0.444,18.95,19.53,02a60860o0247o
60860.38221,22.25,5.105,5,23,o,0,1.35,219.42633,2.2845,4377.57,2103.59,2.15,2.04,49,-0.427,18.86,19.44,02a60860o0296o
60863.12784,19.819,0.929,43,40,o,0,1.25,219.42633,2.2845,2086.59,2758.12,2.43,2.2,45.3,-0.373,18.06,18.57,04a60863o0383o
60863.13811,19.282,0.585,70,41,o,0,1.09,219.42633,2.2845,2104.11,2797.7,2.5,2.35,36.6,-0.369,18.06,18.57,04a60863o0405o
60863.14841,-19.95,1.08,-38,41,o,0,0.96,219.42633,2.2845,2044.07,2719.46,2.47,2.14,50.4,-0.372,18.01,18.45,04a60863o0427o
60863.15557,19.018,0.455,90,41,o,0,1.12,219.42633,2.2845,2027.45,2837.42,2.49,2.19,49.8,-0.367,17.99,18.45,04a60863o0442o
60864.33628,20.721,2.016,19,38,o,0,1.16,219.42633,2.2845,2052.86,3726.38,2.31,2.1,38.3,-0.449,18.26,18.74,02a60864o0206o
60864.33951,19.781,0.68,44,30,o,0,1.04,219.42633,2.2845,2035.21,3688.19,2.32,2.04,38.3,-0.453,18.5,19.01,02a60864o0213o
60864.34504,-21.109,2.093,-13,27,o,0,1.13,219.42633,2.2845,2095.33,3765.57,2.31,2.12,49.2,-0.435,18.6,19.2,02a60864o0225o
60864.36248,19.491,0.541,58,31,o,0,1.53,219.42633,2.2845,2115.11,3650.36,2.45,2.17,31.9,-0.441,18.37,19,02a60864o0263o
60864.8292,-19.261,0.414,-72,30,o,0,1.66,219.42633,2.2845,8451.91,6910.18,3.22,2.52,-13.8,-0.384,18.48,19.23,03a60865o0315o
60864.83329,-19.749,0.681,-46,31,o,0,1.55,219.42633,2.2845,8452.5,6909.58,3.62,2.77,-11.6,-0.368,18.32,19.22,03a60865o0324o
60864.83644,-22.274,8.824,-4,40,o,0,0.81,219.42633,2.2845,8470.97,6949.84,3.63,2.89,-5.7,-0.371,18.29,19.21,03a60865o0331o
60864.84186,21.371,3.375,10,35,o,0,0.93,219.42633,2.2845,8416.1,6871.77,3.28,2.57,-14.6,-0.378,18.41,19.18,03a60865o0343o
60864.85185,18.981,0.399,93,37,o,0,0.92,219.42633,2.2845,8398.45,6987.32,3.26,2.61,-15.5,-0.36,18.34,19.13,03a60865o0365o
60866.35396,19.253,0.314,72,23,o,0,1.18,219.42633,2.2845,8287.23,2944.7,2.34,2.2,-75.1,-0.482,18.82,19.14,01a60866o0252o
60866.35674,19.524,0.516,56,29,o,0,1.01,219.42633,2.2845,8306.42,2983.51,2.37,2.25,-69.4,-0.476,18.76,19.13,01a60866o0258o
60866.37503,19.772,0.54,45,24,o,0,1.42,219.42633,2.2845,8235.96,2908.06,2.39,2.24,-64.7,-0.488,18.71,18.99,01a60866o0297o
60866.38345,19.564,0.602,54,33,o,0,0.85,219.42633,2.2845,8210,3025.89,2.37,2.33,83.3,-0.455,18.59,18.91,01a60866o0315o
60866.69844,20.134,1.474,32,47,o,0,1.13,219.42633,2.2845,7359.35,4843.56,2.71,2.39,-43,-0.408,18.01,18.26,03a60867o0027o
60866.69889,19.776,0.974,45,44,o,0,1.24,219.42633,2.2845,7359.49,4842.9,2.66,2.42,-26.5,-0.397,18.03,18.33,03a60867o0028o
60866.69934,18.687,0.344,122,42,o,0,1.3,219.42633,2.2845,7415.76,4920.79,2.55,2.24,-45.2,-0.407,18.13,18.4,03a60867o0029o
60866.69979,20.798,2.186,17,38,o,0,1.3,219.42633,2.2845,7435.57,4805.28,2.55,2.19,-45.3,-0.425,18.15,18.46,03a60867o0030o
60866.70024,20.691,2.188,19,42,o,0,1.31,219.42633,2.2845,7397.14,4861.85,2.69,2.36,-25.6,-0.402,18.15,18.53,03a60867o0031o
60867.15416,21.267,3.34,11,38,o,0,1.81,219.42633,2.2845,8314,2944.54,2.81,2.48,-15.3,-0.356,18,18.55,04a60867o0108o
60867.16021,20.059,1.224,34,42,o,0,1.85,219.42633,2.2845,8334.58,2983.44,2.81,2.39,-17.6,-0.361,17.96,18.47,04a60867o0121o
60867.17545,19.695,1.07,48,51,o,0,0.96,219.42633,2.2845,8275.16,2906.94,2.79,2.44,-15.4,-0.37,17.85,18.29,04a60867o0154o
60867.17867,19.019,0.612,90,55,o,0,1.4,219.42633,2.2845,8254.08,3023.39,2.81,2.52,-14,-0.365,17.81,18.24,04a60867o0161o
60867.26966,21.346,2.516,10,26,o,0,1.41,219.42633,2.2845,2240.74,7600.01,2.58,2.55,46.9,-0.4,18.71,19.52,02a60867o0052o
60867.2815,-22.562,7.241,-3,25,o,0,0.73,219.42633,2.2845,8323.22,2985.77,2.34,2.27,88.2,-0.471,19.05,19.64,01a60867o0080o
60867.2919,20.277,0.841,28,24,o,0,1.07,219.42633,2.2845,8244.92,3024.23,2.28,2.21,80.8,-0.469,19.08,19.59,01a60867o0097o
60867.3257,18.86,0.264,104,27,o,0,1.15,219.42633,2.2845,8259.66,2905.07,2.87,2.64,-74.8,-0.438,18.77,19.41,01a60867o0156o
60867.34915,-23.624,21.1,-1,27,o,0,0.76,219.42633,2.2845,8232.43,3021.52,2.45,2.38,69.7,-0.451,18.8,19.28,01a60867o0203o
60868.32549,-19.426,0.395,-62,24,o,0,1.03,219.42633,2.2845,6340.16,4024.15,2.38,2.19,46.1,-0.419,18.8,19.53,02a60868o0182o
60868.32867,24.461,40.8,1,24,o,0,1.03,219.42633,2.2845,6320.51,3986.65,2.21,1.99,44.2,-0.432,18.89,19.5,02a60868o0189o
60868.33419,20.662,1.13,20,22,o,0,1.28,219.42633,2.2845,6378.12,4064.08,2.2,1.97,41.8,-0.427,18.87,19.47,02a60868o0201o
60868.34466,19.583,0.446,53,24,o,0,1.21,219.42633,2.2845,6400.21,3947.34,2.16,1.97,38.2,-0.424,18.84,19.39,02a60868o0224o
60868.80373,19.655,0.508,50,25,o,0,1.23,219.42633,2.2845,4186.81,6519.85,2.81,2.25,-11.2,-0.377,18.72,19.54,03a60869o0244o
60868.80691,19.939,0.967,38,37,o,0,1.07,219.42633,2.2845,4206.18,6557.68,2.72,2.25,-19.2,-0.379,18.32,19.02,03a60869o0251o
60868.81236,20.504,1.395,23,32,o,0,1.05,219.42633,2.2845,4151.47,6479.41,2.89,2.28,-13.1,-0.369,18.57,19.4,03a60869o0263o
60868.82281,18.688,0.258,122,31,o,0,1.3,219.42633,2.2845,4131.77,6595.34,3.34,2.35,-7,-0.343,18.49,19.41,03a60869o0286o
60868.82372,21.218,2.297,12,27,o,0,1.23,219.42633,2.2845,4132.29,6594.92,3.09,2.32,-9.6,-0.356,18.55,19.38,03a60869o0288o
60870.32369,20.561,0.885,22,19,o,0,1,219.42633,2.2845,7917.24,703.03,2.64,2.46,59.5,-0.422,19.19,20.33,01a60870o0188o
60870.32695,20.811,1.04,17,18,o,0,1.61,219.42633,2.2845,7936.7,742.84,2.58,2.44,72.3,-0.436,19.16,20.25,01a60870o0195o
60870.33343,19.59,0.353,53,19,o,0,1.09,219.42633,2.2845,7875.56,664.36,2.39,2.29,75.4,-0.47,19.19,20.14,01a60870o0209o
60870.34406,19.522,0.364,56,20,o,0,1.07,219.42633,2.2845,7849.2,781.97,2.28,2.14,-50,-0.484,19.24,20.03,01a60870o0232o
60872.33084,-21.505,1.796,-9,16,c,0,1.12,219.42633,2.2845,4548.96,9747.1,2.54,2.51,-56.9,-0.395,19.46,21.18,02a60872o0191c
60872.33401,-20.165,0.521,-31,16,c,0,1.43,219.42633,2.2845,4529.28,9707.42,2.5,2.49,-59.4,-0.4,19.44,21.16,02a60872o0198c
60872.33995,-20.446,0.654,-24,16,c,0,1.85,219.42633,2.2845,4587.85,9786.41,2.59,2.58,-21.5,-0.381,19.38,21.14,02a60872o0211c
60872.36558,-20.377,0.717,-26,18,c,0,2.32,219.42633,2.2845,4610.04,9666.51,3.05,2.97,-26.6,-0.366,19.09,20.86,02a60872o0266c
60874.25788,20.291,0.559,28,16,o,0,1.55,219.42633,2.2845,10257.01,2833.21,2.63,2.26,-59.2,-0.403,19.41,20.5,01a60874o0044o
60874.26338,19.738,0.346,46,16,o,0,1.41,219.42633,2.2845,10277.1,2869.93,2.54,2.24,-60.4,-0.402,19.46,20.61,01a60874o0056o
60874.26659,19.29,0.215,70,15,o,0,1.52,219.42633,2.2845,10217.81,2792.42,2.61,2.26,-60.2,-0.41,19.45,20.63,01a60874o0063o
60874.26933,19.669,0.316,49,16,o,0,1,219.42633,2.2845,108.76,2881.42,2.4,2.24,55.1,-0.39,19.5,20.66,01a60874o0069o
60874.27253,21.13,1.22,13,16,o,0,1.15,219.42633,2.2845,126.02,2919.81,2.33,2.18,55.3,-0.406,19.5,20.66,01a60874o0076o
60874.27987,20.305,0.509,27,14,o,0,1.48,219.42633,2.2845,64.43,2839.86,2.35,2.19,53.9,-0.397,19.51,20.65,01a60874o0092o
60874.28684,19.232,0.218,74,16,o,0,1.45,219.42633,2.2845,10193.63,2906.94,2.55,2.18,-60.5,-0.415,19.45,20.58,01a60874o0107o
60874.29442,-20.418,0.376,-25,9,o,0,1.63,219.42633,2.2845,47.73,2955.98,2.27,2.15,63.4,-0.408,19.51,20.61,01a60874o0123o
60875.03246,-22.677,6.083,-3,19,c,0,1.45,219.42633,2.2845,10266.15,2826.84,3.41,2.58,-14.7,-0.318,19.28,21.14,04a60875o0177c
60875.03563,22.382,3.938,4,16,c,0,2.56,219.42633,2.2845,10285.35,2864.78,3.45,2.5,-16.4,-0.329,19.25,21.13,04a60875o0184c
60875.04067,19.41,0.307,62,19,c,0,1.37,219.42633,2.2845,130.16,2842.4,2.95,2.12,46.9,-0.36,19.3,21.21,04a60875o0195c
60875.04112,22.008,3.174,6,18,c,0,1.89,219.42633,2.2845,10226.85,2787.91,3.42,2.47,-15.2,-0.33,19.26,21.14,04a60875o0196c
60875.04429,19.603,0.31,52,16,c,0,2.02,219.42633,2.2845,148.1,2881.73,3.04,2.09,47.7,-0.356,19.28,21.19,04a60875o0203c
60875.05005,20.299,0.734,28,20,c,0,1.76,219.42633,2.2845,88.72,2802.99,3.06,2.16,48.1,-0.351,19.25,21.2,04a60875o0215c
60875.05393,21.804,2.462,7,17,c,0,2.31,219.42633,2.2845,10207.04,2906.95,3.48,2.59,-17.5,-0.329,19.25,21.08,04a60875o0223c
60875.06575,19.771,0.468,45,21,c,0,2.3,219.42633,2.2845,71.92,2920.51,3.2,2.26,46.9,-0.355,19.21,21.22,04a60875o0249c
60876.26163,21.02,1.139,14,16,c,0,1.27,219.42633,2.2845,10167.45,1883.12,2.66,2.03,-59.3,-0.437,19.49,21.19,02a60876o0024c
60876.26527,-20.024,0.379,-36,14,c,0,1.46,219.42633,2.2845,10145.83,1844.31,2.7,2.04,-59,-0.438,19.57,21.3,02a60876o0032c
60876.27162,20.239,0.544,29,16,c,0,1,219.42633,2.2845,10204.38,1924.92,2.74,2.08,-60.4,-0.436,19.56,21.36,02a60876o0046c
60876.28305,21.232,1.243,12,14,c,0,1.39,219.42633,2.2845,10225.45,1807,2.83,2.12,-59.6,-0.435,19.56,21.38,02a60876o0071c
60876.28536,-22.935,8.187,-2,20,c,0,0.94,219.42633,2.2845,46.11,1919.31,2.59,2.22,-61.9,-0.423,19.56,21.3,02a60876o0076c
60876.29456,-21.508,1.918,-9,17,c,0,1.36,219.42633,2.2845,63.4,1799.41,2.55,2.21,-61,-0.425,19.57,21.29,02a60876o0096c
60878.25616,-19.499,0.516,-58,30,o,0,1,219.42633,2.2845,2172.53,4720.05,2.48,2.13,44.1,-0.43,18.72,20.08,01a60878o0032o
60878.26394,-19.559,0.449,-54,24,o,0,0.98,219.42633,2.2845,2192.09,4757.77,2.58,2.24,40.2,-0.432,18.97,20.42,01a60878o0049o
60878.26714,19.646,0.436,50,22,o,0,0.97,219.42633,2.2845,2133.15,4680.76,2.53,2.34,50.9,-0.425,19.22,20.68,01a60878o0056o
60878.28368,20.904,1.146,16,18,o,0,1.2,219.42633,2.2845,2114.08,4795.31,2.63,2.24,49.2,-0.422,19.22,20.67,01a60878o0092o
60879.03789,-19.964,0.829,-38,31,c,0,0.79,219.42633,2.2845,2187.43,4690.83,2.27,2.09,66.4,-0.366,18.59,20.61,04a60879o0186c
60879.04523,-20.489,0.543,-23,13,c,0,1.95,219.42633,2.2845,2208.34,4730.11,2.25,2.05,72.9,-0.37,19.43,21.52,04a60879o0202c
60879.04844,-18.066,0.715,-216,154,c,0,0.14,219.42633,2.2845,2149.47,4652.23,2.27,2.09,68.9,-0.375,19.39,21.5,04a60879o0209c
60879.0594,-21.138,3.107,-13,40,c,0,1.13,219.42633,2.2845,2129.83,4769.9,2.31,2.12,65.5,-0.37,18.14,20.13,04a60879o0233c
60880.29148,18.75,0.264,115,30,o,0,1.32,219.42633,2.2845,2369.28,6613.57,2.42,2.29,47.4,-0.442,18.42,19.59,01a60880o0085o
60880.31538,-23.692,43.667,-1,53,o,0,0.84,219.42633,2.2845,2397.61,6747.66,2.38,2.24,64.3,-0.437,18.07,19.18,01a60880o0117o
60880.32064,-18.86,0.328,-104,34,o,0,0.83,219.42633,2.2845,2145.26,6380.82,2.35,2.31,39.7,-0.451,18.58,19.66,01a60880o0125o
60880.32601,20.048,0.533,35,18,o,0,1.09,219.42633,2.2845,2042.79,6961.53,2.28,2.18,65.1,-0.461,19.32,20.36,01a60880o0133o
60881.27346,19.82,2.404,43,103,o,0,0.95,219.42633,2.2845,2331.6,6597.49,2.54,2.26,48.1,-0.417,17.49,18.89,01a60881o0070o
60881.27811,20.62,0.93,20,19,o,0,1.02,219.42633,2.2845,2449.91,6769.75,2.5,2.25,53.2,-0.431,19.16,20.61,01a60881o0079o
60881.28268,19.296,0.268,70,19,o,0,1.47,219.42633,2.2845,2154.06,6384.47,2.38,2.18,53.9,-0.445,19.21,20.7,01a60881o0087o
60881.30085,20.426,0.535,24,13,o,0,1.44,219.42633,2.2845,2093.73,6906.38,2.72,2.3,53,-0.404,19.66,21.29,01a60881o0118o
60881.32426,19.483,0.262,58,15,o,0,1.27,219.42633,2.2845,2238.74,6671.73,2.65,2.26,53.8,-0.408,19.58,21.09,01a60881o0159o
60882.27505,21.188,1.921,12,23,o,0,0.61,219.42633,2.2845,10150.12,3932.55,2.34,1.81,-59,-0.483,19.49,20.75,02a60882o0064o
60882.28067,20.137,0.507,32,16,o,0,1.13,219.42633,2.2845,10032.13,3698.4,2.34,1.78,-57.1,-0.476,19.55,20.75,02a60882o0076o
60882.28114,19.567,0.254,54,14,o,0,1.59,219.42633,2.2845,248.61,4157.94,2.01,1.89,-63.7,-0.423,19.53,20.69,02a60882o0077o
60882.28506,-19.862,0.283,-41,12,o,0,2.48,219.42633,2.2845,10366.42,4107.71,2.32,1.78,-56.9,-0.503,19.56,20.75,02a60882o0085o
60882.28602,22.297,2.791,4,12,o,0,1.83,219.42633,2.2845,364.22,3457.7,2.01,1.85,-62.6,-0.443,19.51,20.7,02a60882o0087o
60882.28889,-19.42,0.267,-62,16,o,0,1.98,219.42633,2.2845,10465.66,3523.25,2.34,1.67,-56.6,-0.506,19.55,20.73,02a60882o0093o
60884.75634,21.5,1.522,9,14,o,0,1.61,219.42633,2.2845,4076.23,2654.7,2.36,2.15,-53.1,-0.411,19.3,20.63,03a60885o0138o
60884.7595,19.222,0.219,74,16,o,0,1.64,219.42633,2.2845,4097.55,2694.53,2.38,2.17,-41.5,-0.41,19.29,20.62,03a60885o0145o
60884.76493,19.906,0.41,40,16,o,0,1.35,219.42633,2.2845,4043.92,2616.26,2.28,2.06,-56.5,-0.421,19.37,20.64,03a60885o0157o
60884.78354,19.475,0.28,59,16,o,0,1.17,219.42633,2.2845,4024.05,2731.85,2.39,2.2,-47.4,-0.406,19.26,20.61,03a60885o0198o
60888.25516,20.102,0.711,33,24,o,0,1.12,219.42633,2.2845,2152.84,5667.77,2.22,2.14,40.4,-0.435,18.94,19.7,02a60888o0037o
60888.25879,20.017,0.487,36,17,o,0,3.13,219.42633,2.2845,2132.03,5629.16,2.24,2.13,37.2,-0.433,18.94,19.77,02a60888o0045o
60888.26424,20.595,0.815,21,17,o,0,2,219.42633,2.2845,2190.15,5706.24,2.22,2.07,36.2,-0.432,19,19.8,02a60888o0057o
60888.27716,19.122,0.268,82,22,o,0,1.28,219.42633,2.2845,2212.15,5589.88,2.17,1.94,40.2,-0.438,19.08,19.8,02a60888o0085o
60888.72932,19.425,0.715,62,44,o,0,0.9,219.42633,2.2845,8396.56,4972.52,2.84,2.45,-58.7,-0.412,18.33,19.31,03a60889o0077o
60888.74249,-25.941,142,0,22,o,0,1.25,219.42633,2.2845,8418.94,5011.39,2.58,2.23,-59,-0.426,18.94,19.83,03a60889o0106o
60888.74566,20.37,0.904,26,23,o,0,1.36,219.42633,2.2845,8363.55,4933.56,2.69,2.33,-55.4,-0.418,18.89,19.81,03a60889o0113o
60888.75166,20.377,0.976,26,25,o,0,0.93,219.42633,2.2845,8339.69,5047.27,2.67,2.24,-59.1,-0.413,18.94,19.8,03a60889o0126o
60890.24376,-23.171,13.143,-2,26,o,0,1.17,219.42633,2.2845,8601.6,8764.7,2.64,2.36,-58.6,-0.477,18.84,19.35,01a60890o0019o
60890.24756,20.677,1.107,20,22,o,0,1.09,219.42633,2.2845,8626.15,8801.76,2.64,2.31,-58.2,-0.485,19.05,19.73,01a60890o0027o
60890.26453,-21.962,3.488,-6,21,o,0,1.12,219.42633,2.2845,8558.14,8720.12,2.75,2.33,-54.5,-0.471,19.11,19.84,01a60890o0064o
60890.27745,20.636,1.197,20,24,o,0,1.05,219.42633,2.2845,8531.27,8838.56,2.82,2.3,-52.5,-0.477,19.12,19.8,01a60890o0092o
60891.01877,19.095,8.361,84,698,o,0,1.44,219.42633,2.2845,8597.03,8753.61,2.57,2.37,-37,-0.461,14.94,14.78,04a60891o0126o
60891.0221,-17.115,1.34,-518,693,o,0,1.65,219.42633,2.2845,8620.36,8794.42,2.5,2.25,-11.4,-0.441,14.97,14.76,04a60891o0133o
60891.02755,-16.39,0.761,-1009,768,o,0,1.11,219.42633,2.2845,8558.98,8714.78,2.62,2.35,-45.4,-0.456,14.91,14.79,04a60891o0145o
60892.29235,21.154,2.382,12,30,o,0,1.34,219.42633,2.2845,8436.56,9563.59,2.67,2.31,-58.6,-0.409,18.71,19.47,02a60892o0122o
60892.29553,19.873,0.739,41,30,o,0,1.22,219.42633,2.2845,8417.28,9524.59,2.73,2.35,-57.4,-0.407,18.7,19.46,02a60892o0129o
60892.30101,19.988,0.743,37,27,o,0,1.61,219.42633,2.2845,8476.96,9602.18,2.7,2.3,-59,-0.413,18.75,19.43,02a60892o0141o
60892.31237,-18.381,0.219,-161,35,o,0,1.59,219.42633,2.2845,8498.04,9484.24,2.7,2.22,-55.3,-0.424,18.61,19.32,02a60892o0166o
60894.24439,20.008,0.642,36,23,o,0,1.53,219.42633,2.2845,6039.5,4507.44,3.1,2.51,42.3,-0.362,18.75,19.32,01a60894o0027o
60894.24762,-20.851,1.369,-17,23,o,0,1.07,219.42633,2.2845,6061.14,4545.84,2.62,2.3,46.3,-0.415,18.96,19.48,01a60894o0034o
60894.25274,19.723,0.504,47,24,o,0,0.87,219.42633,2.2845,6001.87,4468.57,2.66,2.46,47.9,-0.412,18.92,19.58,01a60894o0045o
60894.26289,19.429,0.355,61,22,o,0,1.3,219.42633,2.2845,5978.29,4583.46,3.09,2.93,53.5,-0.41,18.76,19.56,01a60894o0067o
60895.00785,-19.442,0.398,-61,24,o,0,1.53,219.42633,2.2845,6053.42,4497.63,2.41,2.24,-30.3,-0.402,18.42,19.15,04a60895o0108o
60895.01334,-20.541,1.472,-22,32,o,0,1.1,219.42633,2.2845,6072.88,4537.25,2.44,2.19,-27.1,-0.41,18.37,19.1,04a60895o0120o
60895.02586,-21.876,4.821,-6,31,o,0,1.38,219.42633,2.2845,6016.96,4461.48,2.39,2.15,-25.1,-0.391,18.33,19.04,04a60895o0147o
60895.03404,19.89,0.937,40,38,o,0,0.89,219.42633,2.2845,5999.47,4579.27,2.54,2.44,-18,-0.437,18.31,18.99,04a60895o0164o
60896.2757,-19.741,1.275,-46,59,o,0,1.28,219.42633,2.2845,4595.95,7990.1,2.43,2.11,37.8,-0.414,18.31,18.89,02a60896o0095o
60896.27887,19.194,0.74,76,56,o,0,1.47,219.42633,2.2845,4576.29,7950.9,2.28,2.02,38.5,-0.435,18.41,18.87,02a60896o0102o
60896.28895,-18.492,0.501,-146,73,o,0,1.02,219.42633,2.2845,4635.98,8028.28,2.48,2.24,40,-0.421,18.18,18.79,02a60896o0124o
60896.29489,21.452,5.319,10,51,o,0,0.87,219.42633,2.2845,4657.66,7910.76,2.28,2.08,37.9,-0.437,18.27,18.74,02a60896o0137o
60902.0427,-20.534,0.639,-22,14,o,0,2.93,219.42633,2.2845,4060.56,912,3.61,3.35,41.9,-0.371,19.32,20.43,04a60902o0063o
60902.051,20.478,0.597,23,14,o,0,2.03,219.42633,2.2845,4079.07,951.35,3.86,3.58,27.6,-0.308,19.26,20.4,04a60902o0069o
60902.0593,-20.868,0.934,-16,15,o,0,3.53,219.42633,2.2845,4020.71,873.85,3.63,3.34,42.8,-0.358,19.28,20.32,04a60902o0075o
60902.0676,-21.422,1.6,-10,16,o,0,3.62,219.42633,2.2845,4004.61,991.52,3.73,3.27,41.4,-0.345,19.25,20.31,04a60902o0081o
60904.75909,-21.612,1.331,-8,11,o,0,1.38,219.42633,2.2845,4170.33,906.64,2.69,2.49,-51.2,-0.374,19.77,20.18,03a60905o0050o
60904.76735,-23.034,4.962,-2,11,o,0,1.52,219.42633,2.2845,4187.54,946.82,2.56,2.34,-60.2,-0.379,19.8,20.16,03a60905o0056o
60904.77561,24.854,30.625,0,13,o,0,1.05,219.42633,2.2845,4130.39,868.06,2.81,2.59,-58.6,-0.376,19.73,20.14,03a60905o0062o
60904.78389,-27.213,257,0,12,o,0,1.34,219.42633,2.2845,4111.02,985.97,2.66,2.47,-51.8,-0.376,19.73,20.13,03a60905o0068o
60920.97991,-20.658,2.435,-20,48,o,0,1.37,219.42633,2.2845,7932.62,695.81,2.69,2.34,-30.8,-0.38,18.18,18.81,04a60921o0018o
60920.98313,-20.015,0.958,-36,34,o,0,1.69,219.42633,2.2845,7952.38,735.43,2.62,2.28,-31.1,-0.392,18.3,18.97,04a60921o0025o
60920.99043,-19.809,0.914,-43,40,o,0,0.99,219.42633,2.2845,7892.7,659.88,2.68,2.41,-35.1,-0.367,18.39,19.07,04a60921o0041o
60921.00779,-22.217,8.526,-5,40,o,0,1.33,219.42633,2.2845,7871.21,778.48,2.7,2.39,-32.9,-0.372,18.3,18.99,04a60921o0079o
60921.72836,16.275,0.495,1122,556,o,0,0.96,219.42633,2.2845,6123.35,893.38,3.03,2.87,-48.4,-0.343,15.43,15.77,03a60922o0024o
60921.73334,-15.802,0.443,-1735,768,o,0,0.92,219.42633,2.2845,6066.74,812.51,2.87,2.71,-32,-0.34,15.66,16.13,03a60922o0035o
60921.74464,-18.96,1.004,-95,95,o,0,0.94,219.42633,2.2845,6044.13,930.14,2.95,2.76,-25.2,-0.376,17.41,17.89,03a60922o0060o
60924.72322,-16.758,0.654,-719,470,o,0,1.91,219.42633,2.2845,10332.48,3014.66,2.86,2.42,-67.1,-0.313,15.35,15.45,03a60925o0030o
60924.72548,-19.501,10.576,-58,608,o,0,1.08,219.42633,2.2845,207.01,2747.13,2.75,2.38,-69.8,-0.38,15.38,15.39,03a60925o0035o
60924.72908,-17.667,0.501,-311,156,o,0,1.36,219.42633,2.2845,223.98,2786.12,2.81,2.39,-75.7,-0.369,16.61,16.77,03a60925o0043o
60924.72999,-17.188,0.555,-484,268,o,0,1.64,219.42633,2.2845,10276.93,2934.42,2.9,2.35,-72.9,-0.416,16.39,16.71,03a60925o0045o
60924.73405,-17.167,0.964,-493,476,o,0,1.67,219.42633,2.2845,167.09,2707.11,2.75,2.29,-74.4,-0.413,16.15,16.53,03a60925o0054o
60926.98069,19.284,0.638,70,45,o,0,1.63,219.42633,2.2845,405.01,8673.74,2.93,2.28,-79.7,-0.342,17.92,18.6,04a60927o0024o
60926.9843,19.753,1.016,46,46,o,0,0.97,219.42633,2.2845,425.59,8712.75,2.84,2.25,-84.5,-0.346,18.13,18.99,04a60927o0032o
60926.99111,-18.488,0.301,-146,44,o,0,0.97,219.42633,2.2845,367.04,8636.25,2.87,2.27,-82.7,-0.344,18.21,19.05,04a60927o0047o
60927.00065,-20.641,1.671,-20,34,o,0,1.58,219.42633,2.2845,345.62,8753.92,2.99,2.37,-83.3,-0.329,18.2,18.99,04a60927o0068o
60927.726,20.618,2.061,20,42,o,0,0.87,219.42633,2.2845,2227.78,4679.17,2.5,2.25,-65.7,-0.394,18.14,18.71,03a60928o0035o
60927.73097,-23.354,17.556,-2,29,o,0,0.91,219.42633,2.2845,2172.12,4600.09,2.49,2.25,-65.8,-0.404,18.66,19.6,03a60928o0046o
60927.74324,20.068,0.634,34,22,o,0,1.54,219.42633,2.2845,2150.98,4715.7,2.5,2.3,-64.8,-0.409,18.88,20.1,03a60928o0073o
61041.56394,20.786,6.292,18,111,o,0,1.2,219.42633,2.2845,8593.15,8777.1,2.61,2.28,-59.5,-0.441,18.12,18.59,02a61041o0814o
61041.5741,-19.283,1.31,-70,92,o,0,1.06,219.42633,2.2845,8611.13,8815.74,2.58,2.35,-60.3,-0.428,18.22,18.74,02a61041o0836o
61041.5778,-21.342,7.224,-10,76,o,0,1.3,219.42633,2.2845,8551.15,8738.06,2.44,2.15,-58.8,-0.445,18.31,18.8,02a61041o0844o
61041.59249,-19.065,0.742,-86,64,o,0,1.17,219.42633,2.2845,8526.66,8852.98,2.54,2.21,-62.2,-0.434,18.43,19.01,02a61041o0876o
61047.59569,-20.451,1.119,-24,27,o,0,1.14,219.42633,2.2845,5940.72,2574.83,2.2,1.95,36.1,-0.441,18.7,19.39,02a61047o0861o
61047.59932,20.317,0.768,27,21,o,0,1.49,219.42633,2.2845,5959.77,2614.02,2.19,1.97,36.5,-0.441,18.71,19.43,02a61047o0869o
61047.60667,-20.033,0.615,-35,22,o,0,1.36,219.42633,2.2845,5898.97,2533.62,2.22,1.96,37.8,-0.431,18.78,19.49,02a61047o0885o
61047.62593,24.761,39,0,18,o,0,1.66,219.42633,2.2845,5875.81,2651.73,2.14,1.89,34.6,-0.438,18.88,19.61,02a61047o0923o
61053.6138,-22.09,3.41,-5,18,o,0,1.48,219.42633,2.2845,10339.59,4789.31,2.35,1.97,-61.3,-0.483,19.36,20.6,02a61053o0904o
61053.62106,-22.638,5.13,-3,16,o,0,1.63,219.42633,2.2845,10356.67,4828.34,2.39,2.02,-59.2,-0.476,19.32,20.62,02a61053o0920o
61053.63571,20.435,0.828,24,20,o,0,1.26,219.42633,2.2845,10292.61,4752.34,2.47,2.07,-58.9,-0.46,19.4,20.65,02a61053o0952o
61053.64161,-22.042,2.902,-6,16,o,0,1.65,219.42633,2.2845,10269.96,4870,2.4,2,-60.5,-0.468,19.38,20.65,02a61053o0965o
61054.59904,20.556,0.947,22,21,o,0,0.99,219.42633,2.2845,4054,912.32,1.98,1.86,-62.4,-0.47,19.17,20.41,02a61054o0811o
61054.60225,-22.808,6.583,-3,18,o,0,1.08,219.42633,2.2845,4070.18,951.04,2.01,1.95,-68.2,-0.463,19.34,20.72,02a61054o0818o
61054.61001,23.043,6.158,2,14,o,0,2.08,219.42633,2.2845,4008.33,870.56,1.98,1.89,-54.3,-0.467,19.28,20.63,02a61054o0835o
61054.62005,-19.944,0.462,-38,18,o,0,1.15,219.42633,2.2845,3986.54,988.48,1.98,1.9,28.6,-0.459,19.28,20.58,02a61054o0857o
61060.58542,-20.836,0.771,-17,13,c,0,1.98,219.42633,2.2845,6228.63,8379.58,2.67,2.48,42.8,-0.4,19.41,21.59,02a61060o0838c
61060.59128,-21.455,1.698,-10,16,c,0,1.64,219.42633,2.2845,6247.69,8418.38,2.7,2.53,40.3,-0.398,19.38,21.62,02a61060o0850c
61060.59446,-20.411,0.581,-25,14,c,0,1.41,219.42633,2.2845,6188.52,8340.86,2.58,2.45,39.5,-0.407,19.49,21.62,02a61060o0857c
61060.60994,-20.123,0.474,-32,15,c,0,2.29,219.42633,2.2845,6162.79,8457.61,2.65,2.44,43.1,-0.402,19.45,21.66,02a61060o0891c
61070.57773,20.298,0.869,28,24,o,0,0.96,219.42633,2.2845,2667.25,9834.24,2.7,2.49,70.5,-0.397,18.87,19.53,01a61070o0803o
61070.58094,20.174,0.74,31,23,o,0,1.34,219.42633,2.2845,2649.1,9797.66,2.67,2.41,63.8,-0.395,18.93,19.61,01a61070o0810o
61070.5926,19.888,0.56,40,22,o,0,0.98,219.42633,2.2845,2711.82,9877.68,2.57,2.35,71.4,-0.407,18.85,19.49,01a61070o0835o
61070.59777,20.2,0.924,30,28,o,0,1.38,219.42633,2.2845,2733.3,9760.05,2.71,2.48,59,-0.396,18.24,19.12,01a61070o0846o
61071.31222,18.928,0.464,98,45,o,0,1.25,219.42633,2.2845,2627.17,9862.75,2.41,1.99,-52.1,-0.402,18.33,19.07,04a61071o0628o
61071.31538,-21.839,6.414,-7,43,o,0,1.08,219.42633,2.2845,2607.16,9823.93,2.53,2,-59,-0.449,18.38,19.17,04a61071o0635o
61071.32092,20.787,1.888,18,33,o,0,1.81,219.42633,2.2845,2666.14,9902.58,2.32,1.94,-50.7,-0.407,18.38,19.2,04a61071o0647o
61071.32645,20.384,1.364,26,35,o,0,1.42,219.42633,2.2845,2687.79,9785.16,2.27,1.91,-25.8,-0.496,18.34,19.2,04a61071o0659o
61072.05326,20.279,1.345,28,38,o,0,1.59,219.42633,2.2845,4459.9,9693.63,3.1,2.74,-44.5,-0.355,18.3,18.9,03a61072o0623o
61072.05641,-20.873,2.571,-16,42,o,0,1.17,219.42633,2.2845,4439.72,9654.51,3.16,2.79,-43.4,-0.361,18.18,18.91,03a61072o0630o
61072.06185,21.488,4.778,9,44,o,0,0.8,219.42633,2.2845,4495.54,9733.37,3.15,2.76,-43,-0.346,17.99,18.86,03a61072o0642o
61072.06708,18.441,0.249,153,38,o,0,1.4,219.42633,2.2845,4516.27,9616.09,2.95,2.58,-43.2,-0.349,18,18.91,03a61072o0653o
61076.55552,19.482,0.454,58,26,o,0,0.94,219.42633,2.2845,66.33,1853.98,2.57,2.45,46.4,-0.393,18.8,19.37,01a61076o0573o
61076.55965,19.709,0.452,48,22,o,0,0.93,219.42633,2.2845,49.37,1817.06,2.64,2.49,49.2,-0.388,18.83,19.41,01a61076o0582o
61076.56285,-19.769,0.451,-45,20,o,0,1.98,219.42633,2.2845,108.15,1893.11,2.51,2.38,47,-0.387,18.87,19.44,01a61076o0589o
61076.57746,20.531,1.038,22,23,o,0,0.96,219.42633,2.2845,128.98,1779.78,2.55,2.36,46.1,-0.391,18.86,19.46,01a61076o0620o
61076.58203,20.538,1.155,22,26,o,0,0.79,219.42633,2.2845,10228.2,1871.25,2.47,2.28,-34.2,-0.436,18.94,19.59,01a61076o0630o
61076.58432,20.442,0.861,24,21,o,0,1,219.42633,2.2845,10210.34,1836.12,2.44,2.28,-43.4,-0.423,18.96,19.61,01a61076o0635o
61076.58706,21.86,3.833,6,25,o,0,0.92,219.42633,2.2845,10269.24,1913.54,2.47,2.28,-35.9,-0.421,18.99,19.64,01a61076o0641o
61076.59711,20.253,0.762,29,22,o,0,0.94,219.42633,2.2845,10291.78,1794.85,2.52,2.37,-21.7,-0.414,18.96,19.72,01a61076o0663o
61077.3188,-19.971,1.614,-37,60,o,0,1.01,219.42633,2.2845,10124.36,1874.08,2.6,2.54,-12.4,-0.341,18.05,18.4,04a61077o0653o
61077.32291,20.091,1.972,33,66,o,0,0.97,219.42633,2.2845,10104.09,1835.25,2.61,2.57,-85.6,-0.333,18.04,18.41,04a61077o0662o
61077.32886,-20.287,2.065,-28,58,o,0,1.31,219.42633,2.2845,10163.49,1913.46,2.62,2.59,77.4,-0.313,18.03,18.43,04a61077o0675o
61077.33894,19.61,2.293,52,119,o,0,0.57,219.42633,2.2845,37.25,1836.96,2.27,1.89,44.9,-0.428,18.03,18.34,04a61077o0697o
61077.3403,20.791,3.5,18,61,o,0,1.04,219.42633,2.2845,10185.78,1797.15,2.58,2.47,73.2,-0.336,18.08,18.48,04a61077o0700o
61083.35218,-21.365,3.02,-10,31,o,0,0.87,219.42633,2.2845,10215.31,3826.44,2.33,1.99,83,-0.473,18.99,20.25,04a61083o0726o
61083.35264,-25.016,78,0,28,o,0,1.21,219.42633,2.2845,92.77,3864.97,2.27,2.02,75.2,-0.408,18.96,20.3,04a61083o0727o
61083.35537,20.392,1.214,25,31,o,0,1.18,219.42633,2.2845,10194.9,3787.72,2.44,1.99,78,-0.46,18.94,20.27,04a61083o0733o
61083.35591,-21.478,3.647,-9,34,o,0,0.91,219.42633,2.2845,71.93,3825.95,2.28,2.03,78.2,-0.404,18.95,20.31,04a61083o0734o
61083.37174,-20.565,1.429,-22,31,o,0,0.84,219.42633,2.2845,10254.8,3867.55,2.34,1.9,79.5,-0.498,18.98,20.32,04a61083o0768o
61083.37266,20.472,0.868,24,20,o,0,1.5,219.42633,2.2845,132.88,3904.32,2.2,2.01,-86.9,-0.404,18.99,20.31,04a61083o0770o
61083.37491,-22.191,6.042,-5,29,o,0,1.34,219.42633,2.2845,10275.52,3751.24,2.33,1.86,80,-0.501,18.96,20.25,04a61083o0775o
61083.37768,20.426,0.846,24,21,o,0,1.19,219.42633,2.2845,153.08,3787.7,2.21,2.02,74.2,-0.412,18.99,20.28,04a61083o0781o
61087.08833,21.014,0.706,14,10,c,0,2.54,219.42633,2.2845,6301.96,2098.41,2.34,2.17,-53.8,-0.422,19.68,21.59,03a61087o0723c
61087.09197,-22.276,2.688,-4,12,c,0,1.94,219.42633,2.2845,6283.9,2059.35,2.31,2.19,-50.6,-0.419,19.67,21.59,03a61087o0731c
61087.09515,-20.667,0.472,-20,9,c,0,2.75,219.42633,2.2845,6340.52,2138.52,2.29,2.16,-48.4,-0.425,19.66,21.6,03a61087o0738c
61087.10421,-20.871,0.726,-16,12,c,0,1.35,219.42633,2.2845,6367.82,2023.45,2.32,2.18,-47.4,-0.421,19.68,21.6,03a61087o0758c
61088.57734,-19.722,0.202,-47,10,c,0,2.3,219.42633,2.2845,2222.54,5663.38,3.45,3.16,40.6,-0.324,19.58,21.73,01a61088o0794c
61088.57917,-20.669,0.63,-20,12,c,0,1.35,219.42633,2.2845,2202.75,5624.16,3.35,3.04,44.2,-0.33,19.61,21.73,01a61088o0798c
61088.58968,24.584,20,0,11,c,0,1.57,219.42633,2.2845,2263.51,5700.9,3.29,3.05,44.5,-0.331,19.63,21.71,01a61088o0819c
61088.59335,-20.211,0.392,-30,12,c,0,1.82,219.42633,2.2845,2283.9,5586.79,3.41,3.12,40.9,-0.331,19.6,21.72,01a61088o0827c
61089.36033,21.802,2.324,7,16,o,0,1.3,219.42633,2.2845,2075.45,5705.46,2.24,2.08,-65.6,-0.437,19.16,20.8,04a61089o0560o
61089.36354,22.182,3.75,5,18,o,0,1.23,219.42633,2.2845,2054.36,5666.48,2.21,2.02,-75.1,-0.434,19.22,20.84,04a61089o0567o
61089.37857,20.99,1.358,15,20,o,0,1.33,219.42633,2.2845,2114.39,5744.89,2.25,2.06,-68.2,-0.439,19.15,20.85,04a61089o0598o
61089.38129,20.098,0.536,33,18,o,0,1.47,219.42633,2.2845,2134.52,5628.08,2.25,2.03,-72.9,-0.421,19.2,20.83,04a61089o0604o
61090.08854,19.613,0.278,52,14,c,0,1.23,219.42633,2.2845,2045.95,1709.69,2.24,2.14,-52.1,-0.408,19.68,21.5,03a61090o0481c
61090.09125,-20.294,0.418,-28,12,c,0,1.28,219.42633,2.2845,2026.8,1670.19,2.3,2.16,-44.8,-0.406,19.67,21.52,03a61090o0487c
61090.09897,0,21.014,0,14,c,0,0.78,219.42633,2.2845,2087.99,1750.56,2.33,2.17,-47.1,-0.413,19.64,21.51,03a61090o0504c
61090.12062,-20.762,0.727,-18,13,c,0,0.8,219.42633,2.2845,2122.14,1633.5,2.37,2.15,-53.3,-0.413,19.65,21.54,03a61090o0551c
61094.56797,-22.242,2.25,-5,10,c,0,2,219.42633,2.2845,4571.54,6051.52,3.26,2.9,37.8,-0.303,19.62,21.51,01a61094o0770c
61094.57641,-22.465,2.783,-4,10,c,0,1.56,219.42633,2.2845,4550.8,6010.03,3.22,2.9,39.9,-0.301,19.66,21.54,01a61094o0787c
61094.57824,-20.638,0.648,-20,13,c,0,1.66,219.42633,2.2845,4609.64,6090.25,3.24,2.94,40.9,-0.3,19.61,21.56,01a61094o0791c
61094.58418,-20.75,0.604,-18,11,c,0,1.61,219.42633,2.2845,4628.68,5973.9,3.33,2.99,40.8,-0.292,19.61,21.58,01a61094o0804c
61095.31654,-19.609,0.289,-52,15,o,0,2.42,219.42633,2.2845,4427.5,6078.97,2.1,1.92,-43.7,-0.423,19.1,20.54,04a61095o0672o
61095.34058,20.607,1.183,21,25,o,0,0.67,219.42633,2.2845,4408.45,6042.41,2.09,1.91,-51.8,-0.434,19.07,20.51,04a61095o0723o
61095.34376,-20.801,1.149,-17,20,o,0,1.46,219.42633,2.2845,4466.76,6119.65,2.14,1.91,-49.8,-0.428,19.09,20.51,04a61095o0730o
61095.34891,19.884,0.512,40,21,o,0,1.18,219.42633,2.2845,4486.85,6004.02,2.15,1.94,-55.9,-0.431,19.09,20.55,04a61095o0741o
61099.04308,19.745,0.359,46,16,o,0,1.03,219.42633,2.2845,4419.91,4089.82,2.14,1.96,-54.2,-0.421,19.37,20.64,03a61099o0648o
61099.0458,-22.669,4.76,-3,15,o,0,1.77,219.42633,2.2845,4400.99,4050.89,2.18,2.01,-59.2,-0.421,19.36,20.7,03a61099o0654o
61099.05079,20.396,0.551,25,14,o,0,1.39,219.42633,2.2845,4459.18,4129.02,2.16,2,-50.7,-0.422,19.42,20.75,03a61099o0665o
61099.06667,20.577,0.669,21,14,o,0,1.53,219.42633,2.2845,4489.25,4016.34,2.2,1.99,-55.4,-0.426,19.44,20.79,03a61099o0700o
61101.25397,-19.497,0.747,-58,43,o,0,1.11,219.42633,2.2845,595.51,9992.59,2.79,2,-72.2,-0.409,18.23,18.93,04a61101o0547o
61101.25669,-20.223,1.311,-30,39,o,0,1.56,219.42633,2.2845,577.83,9954.14,2.83,2.02,-71.6,-0.407,18.26,18.95,04a61101o0553o
61101.26627,20.309,1.685,27,46,o,0,0.89,219.42633,2.2845,635.33,10032.73,2.75,1.98,-72.1,-0.423,18.28,18.99,04a61101o0574o
61101.28097,21.563,4.974,9,43,o,0,0.97,219.42633,2.2845,653.52,9915.47,2.82,1.99,-71.1,-0.423,18.3,19.01,04a61101o0606o
61101.9803,-19.769,0.822,-45,37,o,0,1.11,219.42633,2.2845,189.16,5656.1,2.44,2.12,-69.7,-0.385,18.41,18.74,03a61102o0518o
61101.98303,20.366,1.5,26,39,o,0,0.89,219.42633,2.2845,169.48,5616.72,2.35,2.09,-69.8,-0.396,18.42,18.72,03a61102o0524o
61101.98801,18.829,0.323,107,34,o,0,1.31,219.42633,2.2845,226.2,5693.89,2.3,2.02,-67.1,-0.39,18.46,18.78,03a61102o0535o
61101.99258,19.634,0.754,51,38,o,0,0.91,219.42633,2.2845,10280.32,5853.57,2.28,1.91,-55,-0.379,18.45,18.77,03a61102o0545o
61101.9953,20.229,1.253,29,37,o,0,0.74,219.42633,2.2845,10260.48,5814.19,2.29,1.9,-55.2,-0.382,18.48,18.79,03a61102o0551o
61101.9994,19.927,0.864,39,34,o,0,1.25,219.42633,2.2845,249.79,5575.74,2.35,2.08,-65.3,-0.39,18.5,18.83,03a61102o0560o
61102.00167,19.684,0.922,49,45,o,0,0.68,219.42633,2.2845,10318.6,5893.64,2.5,2.1,-55,-0.357,18.4,18.83,03a61102o0565o
61102.01444,-19.663,0.679,-50,34,o,0,1.09,219.42633,2.2845,10342.67,5779.48,2.44,2.12,-55,-0.387,18.43,18.87,03a61102o0593o
61108.05555,-22.885,11.688,-2,30,o,0,0.8,219.42633,2.2845,8253.03,2041.22,2.44,2.36,-51,-0.422,18.76,19.48,03a61108o0694o
61108.06564,-20.961,1.468,-15,22,o,0,1.39,219.42633,2.2845,8241.89,2003.93,2.24,2.16,-58.7,-0.435,18.87,19.5,03a61108o0716o
61108.06834,-21.143,1.951,-13,25,o,0,1.02,219.42633,2.2845,8299.4,2082.08,2.16,2.03,-44.3,-0.445,18.91,19.5,03a61108o0722o
61108.07775,22.767,7.913,3,22,o,0,1.05,219.42633,2.2845,8324.92,1967.06,2.2,2,-53.2,-0.443,18.88,19.51,03a61108o0742o
61111.0387,21.26,1.588,11,18,o,0,1.17,219.42633,2.2845,4363.77,2154.42,2.33,2.08,-48.8,-0.411,19.16,20.25,03a61111o0663o
61111.04141,21.132,1.417,13,18,o,0,1.12,219.42633,2.2845,4345.97,2114.51,2.3,2.11,-43.9,-0.412,19.17,20.25,03a61111o0669o
61111.04412,-21.704,2.071,-8,16,o,0,1.52,219.42633,2.2845,4404.16,2193.92,2.31,2.1,-48.9,-0.418,19.17,20.24,03a61111o0675o
61111.06463,-21.914,2.878,-6,18,o,0,1.21,219.42633,2.2845,4439.01,2076.36,2.27,2.02,-40.4,-0.414,19.22,20.26,03a61111o0719o
61113.27459,20.206,1.178,30,35,o,0,0.94,219.42633,2.2845,8401.93,7812.53,1.98,1.88,-64.8,-0.471,18.74,20,04a61113o0600o
61113.2773,-22.356,7.818,-4,32,o,0,1.33,219.42633,2.2845,8384.05,7774.04,1.93,1.86,-56.3,-0.474,18.75,19.94,04a61113o0606o
61113.28235,-22.555,8.95,-4,31,o,0,1.36,219.42633,2.2845,8443.57,7853.12,1.89,1.8,-61.1,-0.462,18.78,19.93,04a61113o0617o
61113.29199,-21.159,2.958,-12,37,o,0,0.77,219.42633,2.2845,8460.95,7738.27,1.92,1.8,-58.9,-0.462,18.76,19.95,04a61113o0638o
61113.97262,22.398,4.08,4,16,o,0,1.48,219.42633,2.2845,2114.83,3694.7,2.48,2.21,-24.3,-0.411,19.27,20.69,03a61114o0415o
61113.98808,20.862,0.94,16,15,o,0,1.27,219.42633,2.2845,2138.18,3577.46,2.14,1.94,-64.4,-0.425,19.44,20.72,03a61114o0449o
61119.22791,-20.041,0.405,-35,14,c,0,1.35,219.42633,2.2845,6257.93,4045.22,2.81,2.67,-31.1,-0.356,19.39,21.48,04a61119o0525c
61119.25536,-19.854,0.315,-42,13,c,0,1.22,219.42633,2.2845,6238.6,4011.25,2.52,2.35,-26.8,-0.368,19.54,21.53,04a61119o0584c
61119.26216,-22.316,3.029,-4,13,c,0,1.27,219.42633,2.2845,6296.55,4088.59,2.36,2.18,-42.2,-0.377,19.61,21.56,04a61119o0599c
61119.26532,21.138,1.13,13,14,c,0,0.92,219.42633,2.2845,6316.92,3972.47,2.48,2.36,-39.1,-0.369,19.57,21.53,04a61119o0606c
61124.4945,21.019,0.952,14,14,o,0,2.23,219.42633,2.2845,360.06,7705.04,2.52,2.44,73.2,-0.437,19.47,20.77,01a61124o0500o
61124.5164,21.895,2.37,6,15,o,0,1.5,219.42633,2.2845,341.55,7667.13,2.58,2.47,71.9,-0.426,19.46,20.7,01a61124o0545o
61124.52481,-20.832,0.88,-17,15,o,0,1.64,219.42633,2.2845,397.04,7744.43,2.53,2.42,58.9,-0.44,19.45,20.72,01a61124o0563o
61124.53721,-20.58,2.255,-21,48,o,0,1.12,219.42633,2.2845,10187.2,2924.09,2.7,2.56,-28.7,-0.37,18.12,19.38,01a61124o0589o
61124.58076,19.958,0.414,38,16,o,0,1.99,219.42633,2.2845,102.16,2892.58,2.65,2.45,60,-0.37,19.23,20.49,01a61124o0682o
61124.58857,18.883,1.086,102,110,o,0,1.16,219.42633,2.2845,119.24,2930.58,2.63,2.42,58,-0.384,16.47,17.67,01a61124o0699o
61124.59466,-22.472,6.75,-4,25,o,0,1.07,219.42633,2.2845,58.29,2850.73,2.6,2.41,60.7,-0.377,18.71,19.93,01a61124o0712o
61124.62485,-20.152,1.031,-32,33,o,0,0.97,219.42633,2.2845,34.11,2961.08,3.06,2.78,55,-0.335,18.06,19.4,01a61124o0776o
61125.1975,-20.905,0.651,-16,10,c,0,2.63,219.42633,2.2845,222.15,7751.18,2.76,2.2,-82.8,-0.409,19.63,21.33,04a61125o0461c
61125.23291,-20.587,0.611,-21,13,c,0,1.26,219.42633,2.2845,201.36,7716.07,2.86,2.24,89.6,-0.409,19.69,21.45,04a61125o0537c
61125.24058,-21.055,0.963,-14,13,c,0,0.85,219.42633,2.2845,259.51,7793.59,2.9,2.17,-85,-0.404,19.7,21.47,04a61125o0553c
61125.24439,22.486,3.345,4,12,c,0,1.78,219.42633,2.2845,279.44,7676.78,2.87,2.11,-82,-0.417,19.7,21.38,04a61125o0561c
61125.2704,20.074,0.531,34,18,c,0,1.57,219.42633,2.2845,10354.95,7723.07,2.61,2.39,-14,-0.455,19.68,21.41,04a61125o0617c
61125.27313,21.606,2.439,8,20,c,0,1.01,219.42633,2.2845,10336.63,7684.12,2.88,2.64,-59.2,-0.446,19.67,21.42,04a61125o0623c
61125.2763,20.073,0.465,34,16,c,0,1.5,219.42633,2.2845,10395.98,7762.76,2.67,2.36,-12.8,-0.458,19.67,21.38,04a61125o0630c
61125.29463,20.059,0.531,34,18,c,0,1.44,219.42633,2.2845,10412.87,7647.47,2.87,2.55,-64.4,-0.427,19.68,21.34,04a61125o0670c
61128.92317,20.513,0.944,23,21,o,0,1.1,219.42633,2.2845,8332.68,5905.67,2.28,1.91,-59,-0.412,18.98,19.55,03a61129o0446o
61128.94543,20.059,0.592,34,20,o,0,1.23,219.42633,2.2845,8315.01,5867.83,2.17,1.93,-54.6,-0.42,19.06,19.66,03a61129o0494o
61128.94911,21.523,2.312,9,21,o,0,1.01,219.42633,2.2845,8372.11,5946.49,2.2,1.93,-59.1,-0.421,19.02,19.67,03a61129o0502o
61128.95815,-21.536,2.125,-9,19,o,0,1.58,219.42633,2.2845,8395.57,5832.28,2.19,1.93,-60.8,-0.418,19.05,19.7,03a61129o0522o
61130.4367,20.589,1.263,21,27,o,0,1.15,219.42633,2.2845,8351.87,3918.78,2.56,2.46,10.2,-0.427,18.67,19.09,01a61130o0483o
61130.43945,20.914,1.802,16,28,o,0,1.06,219.42633,2.2845,8334.77,3879.94,2.53,2.43,33,-0.431,18.69,19.11,01a61130o0489o
61130.44219,21.738,4.036,7,30,o,0,0.9,219.42633,2.2845,8395.34,3960.9,2.53,2.4,14.3,-0.43,18.74,19.13,01a61130o0495o
61130.44812,-20.651,1.105,-20,22,o,0,1.47,219.42633,2.2845,8412.87,3841.76,2.59,2.45,27.3,-0.431,18.74,19.17,01a61130o0508o
61131.19676,18.956,0.423,95,40,o,0,1.26,219.42633,2.2845,8192.38,3937.61,2.45,2.14,-12,-0.392,18.2,18.28,04a61131o0481o
61131.19908,19.174,0.649,78,50,o,0,0.91,219.42633,2.2845,8176.21,3899.5,2.45,2.25,85.5,-0.401,18.11,18.17,04a61131o0486o
61131.20226,20.318,1.418,27,38,o,0,1.18,219.42633,2.2845,8233.48,3977.02,2.47,2.19,-15.3,-0.398,18.24,18.31,04a61131o0493o
61131.2073,20.261,1.626,29,46,o,0,1.17,219.42633,2.2845,8251.68,3861.62,2.4,2.29,-17.6,-0.415,18.24,18.28,04a61131o0504o
61136.52859,19.287,0.625,70,44,o,0,0.86,219.42633,2.2845,4316.02,8504.81,2.67,2.41,51.2,-0.391,18.11,18.34,01a61136o0462o
61136.53548,18.935,3.406,97,330,o,0,0.89,219.42633,2.2845,4336.34,8542.49,2.85,2.55,52.5,-0.382,15.85,15.54,01a61136o0477o
61136.54842,-18.114,3.133,-206,646,o,0,1.23,219.42633,2.2845,4276.98,8461.64,2.82,2.47,54,-0.416,15.07,14.69,01a61136o0505o
61136.55994,17.573,2.843,339,965,o,0,1.09,219.42633,2.2845,4253.72,8576.61,2.8,2.47,57,-0.409,15.07,14.74,01a61136o0530o
61137.34197,19.358,0.356,66,23,o,0,1.4,219.42633,2.2845,4381.12,8438.7,2.73,2.03,-74.1,-0.389,18.75,19.42,04a61137o0792o
61137.34517,19.939,0.736,38,28,o,0,0.87,219.42633,2.2845,4401.22,8477.95,2.72,2.08,-72.3,-0.402,18.75,19.44,04a61137o0799o
61137.35112,20.851,1.713,17,28,o,0,0.83,219.42633,2.2845,4342.99,8401.51,2.65,2.01,-73.8,-0.383,18.78,19.41,04a61137o0812o
61137.38225,21.283,2.77,11,31,o,0,0.8,219.42633,2.2845,4323.25,8520.9,2.36,1.99,-74.4,-0.413,18.69,19.32,04a61137o0879o
61143.2259,19.263,0.619,72,44,o,0,0.84,219.42633,2.2845,8374.99,9571.63,2.07,1.9,-40.6,-0.479,18.42,19.56,04a61143o0566o
61143.2277,-18.531,0.395,-140,55,o,0,1.06,219.42633,2.2845,8354.71,9532.48,1.98,1.82,-36,-0.513,18.16,19.29,04a61143o0570o
61143.23086,20.285,1.836,28,51,o,0,1.44,219.42633,2.2845,8413.99,9610.99,2.02,1.83,-27.5,-0.5,18.03,19.13,04a61143o0577o
61143.25445,-17.846,0.739,-264,195,o,0,0.64,219.42633,2.2845,2117.1,1054.82,2.13,1.89,22.4,-0.437,17.01,18.02,04a61143o0628o
61143.95247,20.469,0.486,24,12,c,0,1.79,219.42633,2.2845,4487.8,6018.86,2.48,2.29,-54.6,-0.374,19.76,21.72,03a61144o0536c
61143.98787,20.723,0.484,19,9,c,0,4.44,219.42633,2.2845,6067.4,4581.65,2.35,2.11,-54.4,-0.394,19.78,21.64,03a61144o0612c
61144.01144,21.325,1.036,11,11,c,0,1.52,219.42633,2.2845,6019.01,4502.75,2.45,2.22,-49,-0.391,19.7,21.53,03a61144o0663c
61144.02376,-20.955,0.713,-15,11,c,0,1.68,219.42633,2.2845,5999.06,4618.03,2.38,2.14,-54.3,-0.391,19.64,21.44,03a61144o0690c
61149.24304,-22.225,3.325,-5,16,o,0,1.36,219.42633,2.2845,6218.37,6400.42,2.2,1.99,-70.2,-0.464,19.49,20.85,04a61149o0612o
61149.24905,20.698,0.733,19,14,o,0,1.77,219.42633,2.2845,6238.38,6438.3,2.14,1.98,-54.1,-0.446,19.46,20.82,04a61149o0625o
61149.25562,-20.379,0.598,-26,15,o,0,1.67,219.42633,2.2845,6181.18,6361.83,2.15,1.96,-59.8,-0.44,19.45,20.69,04a61149o0639o
61149.28294,21.94,2.603,6,16,o,0,1.47,219.42633,2.2845,6160.17,6477.99,2.06,1.91,-52.1,-0.453,19.4,20.69,04a61149o0697o
61154.48441,-19.821,0.285,-43,12,c,0,1.83,219.42633,2.2845,4033.62,942.28,3.14,2.8,52.7,-0.359,19.54,21.37,01a61154o0555c
61154.48761,-20.311,0.467,-27,13,c,0,1.85,219.42633,2.2845,4050.89,981.03,3.2,2.9,54.7,-0.353,19.48,21.36,01a61154o0562c
61154.49455,-19.675,0.295,-49,14,c,0,1.44,219.42633,2.2845,3991.68,901.78,3.15,2.85,57.5,-0.364,19.48,21.35,01a61154o0577c
61154.52861,-20.962,0.728,-15,11,c,0,2,219.42633,2.2845,3968.63,1013.26,3.25,2.95,58.8,-0.348,19.48,21.32,01a61154o0649c
61156.11834,-20.525,0.798,-22,18,o,0,2.27,219.42633,2.2845,6361.1,5974.19,2.17,2.01,-60.4,-0.451,19.04,20.03,04a61156o0348o
61156.12014,21.322,2.516,11,27,o,0,0.66,219.42633,2.2845,6340.76,5935.92,2.16,2.02,-49.4,-0.445,19.06,19.96,04a61156o0352o
61156.14848,20.461,1.09,24,26,o,0,0.59,219.42633,2.2845,6400.27,6018.65,2.36,2.1,-66.3,-0.425,19.11,20.09,04a61156o0413o
61156.16331,20.945,1.14,15,17,o,0,1.26,219.42633,2.2845,6419.96,5903.67,2.16,2.07,-54.1,-0.437,19.13,20.11,04a61156o0445o
61159.11757,19.027,0.437,89,39,o,0,0.8,219.42633,2.2845,8096.87,2000.7,2.42,2.25,-29.2,-0.416,18.56,18.84,04a61159o0353o
61159.11938,20.992,2.606,15,38,o,0,1.22,219.42633,2.2845,8079.58,1961.94,2.34,2.23,-70.9,-0.446,18.56,18.85,04a61159o0357o
61159.12347,19.166,0.474,78,37,o,0,1.02,219.42633,2.2845,8137.52,2039.89,2.42,2.25,-14.7,-0.411,18.54,18.91,04a61159o0366o
61159.12891,20.549,1.725,22,38,o,0,0.89,219.42633,2.2845,8155.35,1923.77,2.43,2.15,-24.6,-0.437,18.59,19.03,04a61159o0378o
61165.19444,19.427,0.444,62,27,o,0,1.23,219.42633,2.2845,8566.87,6783.61,2.03,1.95,-33.2,-0.426,19.1,19.93,04a61165o0529o
61165.19811,-20.604,1.176,-21,24,o,0,1.23,219.42633,2.2845,8584.4,6822.38,2.11,2.02,-39,-0.447,19.13,19.96,04a61165o0537o
61165.20497,19.833,0.616,42,26,o,0,1.03,219.42633,2.2845,8525.5,6745.37,2.52,2.23,-17.6,-0.407,18.99,19.92,04a61165o0552o
61165.21558,19.717,0.622,47,29,o,0,0.79,219.42633,2.2845,8508.02,6861.65,2.16,2,-23.5,-0.443,19.01,19.89,04a61165o0575o
61166.4316,21.653,3.333,8,26,o,0,1.68,219.42633,2.2845,8298.27,2962.03,2.73,2.7,50.7,-0.413,18.78,19.76,01a61166o0438o
61166.4625,-20.566,2.625,-22,57,o,0,1.38,219.42633,2.2845,8314.4,2994.66,2.7,2.59,47,-0.432,17.81,18.39,01a61166o0504o
61166.4657,-21.059,7.938,-14,109,o,0,1.26,219.42633,2.2845,8255.38,2917.34,2.72,2.61,58.4,-0.434,17.05,17.38,01a61166o0511o
61166.47692,-20.476,58.5,-23,1370,o,0,0.95,219.42633,2.2845,8232.08,3031.37,2.77,2.61,48.8,-0.421,14.32,14.49,01a61166o0535o
61168.19295,19.884,0.467,40,19,o,0,1.53,219.42633,2.2845,4286.16,6501.15,2.83,2.49,-69.9,-0.368,18.98,20.24,04a61168o0518o
61168.19618,21.765,2.533,7,18,o,0,1.72,219.42633,2.2845,4306.08,6539.68,2.79,2.45,-68.8,-0.37,18.96,20.29,04a61168o0525o
61168.20138,-19.945,0.445,-38,17,o,0,1.26,219.42633,2.2845,4248.11,6463.09,2.56,2.26,-73.4,-0.388,19.08,20.37,04a61168o0536o
61168.21199,21.019,1.224,14,17,o,0,1.19,219.42633,2.2845,4227.49,6578.41,2.61,2.19,-73.2,-0.394,19.14,20.29,04a61168o0559o
61171.17172,21.354,1.22,10,13,c,0,1.54,219.42633,2.2845,7998.45,675.27,3.02,2.7,-16.8,-0.347,19.67,21.58,04a61171o0486c
61171.20489,21.887,2.378,6,15,c,0,1.64,219.42633,2.2845,8020.55,714.49,3.01,2.75,-17.6,-0.352,19.61,21.54,04a61171o0557c
61171.20808,-24.956,36.5,0,14,c,0,2.01,219.42633,2.2845,7962.07,635.82,3.17,2.86,-15.8,-0.344,19.59,21.51,04a61171o0564c
61171.22372,-21.076,1.155,-14,16,c,0,1.25,219.42633,2.2845,7940.25,753.76,2.88,2.62,-18.6,-0.366,19.62,21.46,04a61171o0597c
61172.43297,-20.327,0.545,-27,15,o,0,1.52,219.42633,2.2845,5967.51,829.98,2.31,2.18,38.3,-0.464,19.53,20.81,01a61172o0437o
61172.43663,21.34,1.703,11,18,o,0,0.89,219.42633,2.2845,5988.17,869.08,2.33,2.2,45.8,-0.458,19.55,20.78,01a61172o0445o
61172.44217,20.609,0.769,21,16,o,0,1.03,219.42633,2.2845,5929.43,789.77,2.36,2.24,47.8,-0.457,19.53,20.78,01a61172o0457o
61172.46434,20.119,0.49,32,16,o,0,1.29,219.42633,2.2845,5906.13,903.33,2.43,2.3,52.3,-0.447,19.46,20.67,01a61172o0502o
61174.21017,22.684,3.958,3,12,c,0,1.91,219.42633,2.2845,10330.44,2804.8,2.72,2.46,-29.4,-0.296,19.75,21.78,04a61174o0555c
61174.21333,-21.423,1.355,-10,13,c,0,1.66,219.42633,2.2845,10350.53,2844.1,2.72,2.5,-35.5,-0.274,19.71,21.76,04a61174o0562c
61174.2156,19.034,0.147,88,13,c,0,5.75,219.42633,2.2845,195.32,2822.41,2.83,1.99,45.2,-0.391,19.73,21.77,04a61174o0567c
61174.21878,-20.2,0.41,-30,12,c,0,1.5,219.42633,2.2845,212.57,2861.19,2.85,2,45.9,-0.384,19.71,21.76,04a61174o0574c
61174.23012,20.696,0.743,19,14,c,0,1.91,219.42633,2.2845,10291.9,2768.66,3.11,2.42,-23.7,-0.284,19.65,21.75,04a61174o0598c
61174.25413,21.107,0.955,13,12,c,0,2.28,219.42633,2.2845,154.04,2783.67,3.08,2.07,44.8,-0.355,19.61,21.66,04a61174o0649c
61174.25824,19.538,0.271,56,15,c,0,2.25,219.42633,2.2845,10268.22,2887.15,2.99,2.57,-25.2,-0.238,19.55,21.53,04a61174o0658c
61174.2596,21.518,1.706,9,15,c,0,1.15,219.42633,2.2845,136.25,2903.17,2.73,2.02,45.5,-0.387,19.56,21.56,04a61174o0661c
61177.16366,-20.641,0.667,-20,13,c,0,1.25,219.42633,2.2845,482.13,8651.81,2.76,2.22,-88.2,-0.36,19.72,21.67,04a61177o0421c
61177.16728,19.738,0.28,46,13,c,0,1.92,219.42633,2.2845,502.07,8690.56,2.86,2.22,-86.1,-0.358,19.71,21.71,04a61177o0429c
61177.17275,-19.964,0.37,-38,14,c,0,1.25,219.42633,2.2845,443.61,8612.28,2.81,2.18,-84,-0.352,19.76,21.71,04a61177o0441c
61177.18317,-21.3,0.904,-11,10,c,0,2.23,219.42633,2.2845,421.67,8729.24,2.94,2.28,-85,-0.361,19.66,21.71,04a61177o0464c
61180.18451,-20.539,0.824,-22,18,c,0,1.25,219.42633,2.2845,2346.04,6601.94,2.41,2.03,-84.9,-0.368,19.01,20.91,04a61180o0521c
61180.18858,-20.025,0.745,-36,26,c,0,0.86,219.42633,2.2845,2362.98,6640.19,2.37,2.04,-84.2,-0.368,18.87,20.72,04a61180o0530c
61180.22098,16.332,0.012,1064,13,c,0,339.6,219.42633,2.2845,2304.86,6564.62,2.36,2.08,-83.9,-0.364,19.47,21.35,04a61180o0600c
61180.22746,21.507,1.78,9,16,c,0,1.6,219.42633,2.2845,2286.47,6681.52,2.38,1.99,-83.3,-0.364,18.76,20.64,04a61180o0614c
61183.184,24.832,62.5,0,26,c,0,1.41,219.42633,2.2845,10516.19,6687.12,2.95,2.41,-17,-0.425,19.61,21.58,04a61183o0390c
61183.18536,-22.257,2.788,-4,13,c,0,1.5,219.42633,2.2845,393.76,6703.72,2.66,2.22,72.7,-0.371,19.63,21.64,04a61183o0393c
61183.18851,20.577,0.662,21,14,c,0,2.25,219.42633,2.2845,413.99,6742.82,2.64,2.2,76.2,-0.368,19.66,21.67,04a61183o0400c
61183.19446,20.43,0.69,24,17,c,0,2.36,219.42633,2.2845,10477.21,6648.87,2.96,2.37,-20,-0.409,19.46,21.44,04a61183o0413c
61183.19536,-20.373,0.53,-26,14,c,0,2.03,219.42633,2.2845,355.07,6665.7,2.64,2.17,76.1,-0.373,19.45,21.45,04a61183o0415c
61183.20492,-20.313,1,-27,27,c,0,1.18,219.42633,2.2845,10456.87,6766.79,2.77,2.41,-21.6,-0.39,19.03,20.88,04a61183o0436c
61183.20582,-21.688,3.091,-8,24,c,0,1.12,219.42633,2.2845,334.01,6782.87,2.63,2.18,79.4,-0.371,19.01,20.89,04a61183o0438c
61184.31571,-20.286,0.565,-28,16,o,0,1.46,219.42633,2.2845,6618.38,7838.35,2.57,2.55,0.1,-0.417,19.2,20.16,01a61184o0172o
61184.31983,-21.2,1.453,-12,18,o,0,1.63,219.42633,2.2845,6598.07,7801.7,2.53,2.51,42,-0.415,19.23,20.17,01a61184o0181o
61184.32488,21.685,2.276,8,18,o,0,1.09,219.42633,2.2845,6655.67,7877.91,2.49,2.38,-25.8,-0.428,19.24,20.17,01a61184o0192o
61184.35668,-20.285,0.486,-28,14,o,0,1.79,219.42633,2.2845,6678.28,7769.28,2.62,2.34,42.8,-0.397,19.28,20.22,01a61184o0259o
61184.90199,17.935,1.235,243,300,o,0,0.75,219.42633,2.2845,4068.93,2660.54,2.35,2.13,-23.5,-0.415,15.94,15.98,03a61185o0469o
61184.90516,-16.408,0.684,-993,679,o,0,1,219.42633,2.2845,4089.11,2700.1,2.22,2.04,-44.1,-0.405,15.21,15.26,03a61185o0476o
61184.91114,-16.593,0.987,-837,826,o,0,1.11,219.42633,2.2845,4037.15,2623.7,2.16,1.94,-56.2,-0.422,14.79,14.74,03a61185o0489o
61184.94382,20.065,0.654,34,22,o,0,1.41,219.42633,2.2845,4020.99,2737.3,2.13,1.92,-51.7,-0.424,18.97,19.72,03a61185o0560o
61190.90408,20.067,1.982,34,68,o,0,0.76,219.42633,2.2845,8492.7,8851.07,2.73,2.23,-36.6,-0.387,17.93,17.89,03a61191o0486o
61190.90861,-25.161,190,0,60,o,0,1.02,219.42633,2.2845,8515.17,8890.63,2.73,2.22,-34.1,-0.383,17.88,17.87,03a61191o0496o
61190.91404,18.067,0.294,215,63,o,0,0.89,219.42633,2.2845,8458.88,8811.5,2.62,2.18,-38.6,-0.384,17.92,17.82,03a61191o0508o
61190.9492,19.721,1.64,47,77,o,0,1.16,219.42633,2.2845,8439.57,8925.1,2.75,2.33,-39.9,-0.407,17.73,17.63,03a61191o0583o
61191.39263,-20.354,4.769,-26,125,o,0,0.66,219.42633,2.2845,1959.29,1804.93,1.92,1.84,-62.8,-0.509,17.03,17.19,02a61191o0330o
61191.39676,19.095,4.161,84,348,o,0,0.82,219.42633,2.2845,1938.02,1765.33,1.95,1.88,83.2,-0.467,15.8,15.94,02a61191o0339o
61191.40696,18.484,1.945,147,285,o,0,1.12,219.42633,2.2845,1996.81,1842.55,1.94,1.86,75.6,-0.499,16.19,16.19,02a61191o0361o
61191.42115,17.545,0.6,348,209,o,0,0.91,219.42633,2.2845,2009.09,1720.55,1.98,1.85,64.3,-0.509,16.29,16.52,02a61191o0390o
61195.14848,17.67,0.647,310,201,o,0,1.02,219.42633,2.2845,6114.29,4469.61,2.41,2.18,-19.9,-0.435,16.3,16.33,04a61195o0448o
61195.15168,-17.857,0.828,-261,216,o,0,1.07,219.42633,2.2845,6133.54,4507.71,2.43,2.09,-27,-0.429,16.33,16.26,04a61195o0455o
61195.15757,17.844,0.805,264,213,o,0,0.95,219.42633,2.2845,6075.78,4431.08,2.33,2.08,-21.5,-0.444,16.33,16.34,04a61195o0468o
61195.16777,19.459,5.55,60,332,o,0,0.74,219.42633,2.2845,6054.73,4547.19,2.36,2.08,-25.5,-0.437,15.79,15.68,04a61195o0490o
61196.38707,21.417,2.565,10,25,o,0,1.68,219.42633,2.2845,5917.5,2597.32,4.82,4.5,5.4,-0.32,18.56,20.21,01a61196o0330o
61196.38987,-21.727,3.115,-7,23,o,0,1.71,219.42633,2.2845,5936.7,2635.1,3.74,3.69,49.6,-0.365,18.79,20.23,01a61196o0336o
61196.39632,20.718,1.114,19,21,o,0,1.33,219.42633,2.2845,5877.23,2554.89,3.28,3.18,54.6,-0.354,18.93,20.17,01a61196o0350o
61196.40978,19.303,0.237,69,16,o,0,2.37,219.42633,2.2845,5854.68,2666.56,2.87,2.76,41.1,-0.371,19.03,20.09,01a61196o0379o
61196.9025,-20.55,0.674,-22,15,o,0,1.79,219.42633,2.2845,6013.19,2611.29,2.95,2.19,-7.3,-0.409,19.17,20.52,03a61197o0470o
61196.90567,19.735,0.349,46,16,o,0,1.56,219.42633,2.2845,6032.94,2649.37,2.55,2.23,-18.2,-0.419,19.22,20.49,03a61197o0477o
61196.91112,-22.34,3.548,-4,15,o,0,1.29,219.42633,2.2845,5979.05,2571.61,2.45,2.13,-21.8,-0.417,19.25,20.45,03a61197o0489o
61196.92343,20.088,0.456,34,15,o,0,1.28,219.42633,2.2845,5959.08,2688.25,2.44,2.14,-23.6,-0.413,19.24,20.37,03a61197o0516o
61198.24994,-20.104,0.694,-33,23,o,0,1.31,219.42633,2.2845,6211.27,6412.91,2.29,2.13,-66.9,-0.426,18.92,19.71,04a61198o0207o
61198.25324,21.468,2.378,9,22,o,0,1.43,219.42633,2.2845,6230.95,6451.04,2.28,2.1,-58.4,-0.414,18.86,19.73,04a61198o0214o
61198.26337,-19.562,0.436,-54,24,o,0,1.56,219.42633,2.2845,6172.43,6376.17,2.22,2.06,-59.6,-0.403,18.77,19.7,04a61198o0236o
61198.26975,21.528,3.046,9,27,o,0,1.12,219.42633,2.2845,6150.88,6493.16,2.28,2.09,-58,-0.409,18.73,19.66,04a61198o0250o
61202.33496,19.775,2.262,45,101,c,0,0.66,219.42633,2.2845,10336.23,4810.87,3.05,2.88,10.2,-0.325,18.89,20.94,01a61202o0204c
61202.33679,-20.601,0.875,-21,18,c,0,1.59,219.42633,2.2845,208.37,4866.04,3.05,2.79,49.5,-0.313,19.15,21.22,01a61202o0208c
61202.33862,19.973,0.764,37,28,c,0,0.81,219.42633,2.2845,10356.82,4848.15,3.03,2.89,7.1,-0.332,18.87,20.94,01a61202o0212c
61202.3441,20.575,0.868,21,19,c,0,1.22,219.42633,2.2845,229.88,4902.25,3.24,2.96,52.4,-0.302,19.11,21.24,01a61202o0224c
61202.34501,21.769,2.64,7,19,c,0,1.62,219.42633,2.2845,10297.45,4767.71,3.28,3.1,16.9,-0.305,19.11,21.29,01a61202o0226c
61202.3473,-21.299,1.744,-11,19,c,0,1.39,219.42633,2.2845,170.26,4823,3.12,2.84,50.4,-0.323,19.17,21.29,01a61202o0231c
61202.35573,20.63,1.056,20,22,c,0,1.3,219.42633,2.2845,10276.33,4878.71,2.94,2.85,24.6,-0.335,19.06,21.09,01a61202o0249c
